[07Dec2025 22:28:26.714] [main/INFO] [Arclight/]: 

       ___           ___     __   /\
      /   | ________/ (_)__ / /  / /
     / /| |/ __/ __/ / / _ / _ \/__/
    / ___ / / / /_/ / / / / // / /
   /_/  |/_/  \__/_/_/\_ /_//_/ /
                     /__/     \/

    运行版本 顿顽 / arclight-1.20.1-1.0.5-1a8925b
    构建日期 2024-02-28 14:51:40

[07Dec2025 22:28:26.748] [main/INFO] [cpw.mods.modlauncher.Launcher/MODLAUNCHER]: ModLauncher running: args [--launchTarget, arclightserver, --fml.forgeVersion, 47.2.20, --fml.mcVersion, 1.20.1, --fml.forgeGroup, net.minecraftforge, --fml.mcpVersion, 20230612.114412, nogui]
[07Dec2025 22:28:26.749] [main/INFO] [cpw.mods.modlauncher.Launcher/MODLAUNCHER]: ModLauncher 10.0.9+10.0.9+main.dcd20f30 starting: java version 21.0.8 by Ubuntu; OS Linux arch amd64 version 6.8.0-1030-azure
[07Dec2025 22:28:26.789] [main/DEBUG] [cpw.mods.modlauncher.LaunchServiceHandler/MODLAUNCHER]: Found launch services [fmlclientdev,forgeclient,arclightserver,minecraft,forgegametestserverdev,fmlserveruserdev,fmlclient,fmldatauserdev,forgeserverdev,forgeserveruserdev,forgeclientdev,forgeclientuserdev,forgeserver,forgedatadev,fmlserver,fmlclientuserdev,fmlserverdev,forgedatauserdev,testharness,forgegametestserveruserdev]
[07Dec2025 22:28:26.798] [main/DEBUG] [cpw.mods.modlauncher.NameMappingServiceHandler/MODLAUNCHER]: Found naming services : [srgtomcp]
[07Dec2025 22:28:26.856] [main/DEBUG] [cpw.mods.modlauncher.LaunchPluginHandler/MODLAUNCHER]: Found launch plugins: [mixin,arclight_implementer,eventbus,slf4jfixer,object_holder_definalize,runtime_enum_extender,capability_token_subclass,accesstransformer,runtimedistcleaner]
[07Dec2025 22:28:26.867] [main/DEBUG] [cpw.mods.modlauncher.TransformationServicesHandler/MODLAUNCHER]: Discovering transformation services
[07Dec2025 22:28:26.872] [main/DEBUG] [net.minecraftforge.fml.loading.FMLPaths/CORE]: Path GAMEDIR is /workspaces/serveralpaca/servidor_minecraft
[07Dec2025 22:28:26.872] [main/DEBUG] [net.minecraftforge.fml.loading.FMLPaths/CORE]: Path MODSDIR is /workspaces/serveralpaca/servidor_minecraft/mods
[07Dec2025 22:28:26.872] [main/DEBUG] [net.minecraftforge.fml.loading.FMLPaths/CORE]: Path CONFIGDIR is /workspaces/serveralpaca/servidor_minecraft/config
[07Dec2025 22:28:26.872] [main/DEBUG] [net.minecraftforge.fml.loading.FMLPaths/CORE]: Path FMLCONFIG is /workspaces/serveralpaca/servidor_minecraft/config/fml.toml
[07Dec2025 22:28:27.139] [main/DEBUG] [cpw.mods.modlauncher.TransformationServicesHandler/MODLAUNCHER]: Found additional transformation services from discovery services: 
[07Dec2025 22:28:27.144] [main/INFO] [net.minecraftforge.fml.loading.ImmediateWindowHandler/]: ImmediateWindowProvider not loading because launch target is arclightserver
[07Dec2025 22:28:27.151] [main/DEBUG] [cpw.mods.modlauncher.TransformationServicesHandler/MODLAUNCHER]: Found transformer services : [mixin,fml]
[07Dec2025 22:28:27.151] [main/DEBUG] [cpw.mods.modlauncher.TransformationServicesHandler/MODLAUNCHER]: Transformation services loading
[07Dec2025 22:28:27.151] [main/DEBUG] [cpw.mods.modlauncher.TransformationServiceDecorator/MODLAUNCHER]: Loading service mixin
[07Dec2025 22:28:27.151] [main/DEBUG] [cpw.mods.modlauncher.TransformationServiceDecorator/MODLAUNCHER]: Loaded service mixin
[07Dec2025 22:28:27.151] [main/DEBUG] [cpw.mods.modlauncher.TransformationServiceDecorator/MODLAUNCHER]: Loading service fml
[07Dec2025 22:28:27.152] [main/DEBUG] [net.minecraftforge.fml.loading.LauncherVersion/CORE]: Found FMLLauncher version 1.0
[07Dec2025 22:28:27.152] [main/DEBUG] [net.minecraftforge.fml.loading.FMLLoader/CORE]: FML 1.0 loading
[07Dec2025 22:28:27.152] [main/DEBUG] [net.minecraftforge.fml.loading.FMLLoader/CORE]: FML found ModLauncher version : 10.0.9+10.0.9+main.dcd20f30
[07Dec2025 22:28:27.153] [main/DEBUG] [net.minecraftforge.fml.loading.FMLLoader/CORE]: FML found AccessTransformer version : 8.0.4+66+master.c09db6d7
[07Dec2025 22:28:27.153] [main/DEBUG] [net.minecraftforge.fml.loading.FMLLoader/CORE]: FML found EventBus version : 6.0.5+6.0.5+master.eb8e549b
[07Dec2025 22:28:27.153] [main/DEBUG] [net.minecraftforge.fml.loading.FMLLoader/CORE]: Found Runtime Dist Cleaner
[07Dec2025 22:28:27.154] [main/DEBUG] [net.minecraftforge.fml.loading.FMLLoader/CORE]: FML found CoreMod version : 5.0.1+15+master.dc5a2922
[07Dec2025 22:28:27.155] [main/DEBUG] [net.minecraftforge.fml.loading.FMLLoader/CORE]: Found ForgeSPI package implementation version 7.0.1+7.0.1+master.d2b38bf6
[07Dec2025 22:28:27.155] [main/DEBUG] [net.minecraftforge.fml.loading.FMLLoader/CORE]: Found ForgeSPI package specification 5
[07Dec2025 22:28:27.155] [main/DEBUG] [cpw.mods.modlauncher.TransformationServiceDecorator/MODLAUNCHER]: Loaded service fml
[07Dec2025 22:28:27.155] [main/DEBUG] [cpw.mods.modlauncher.TransformationServicesHandler/MODLAUNCHER]: Configuring option handling for services
[07Dec2025 22:28:27.161] [main/DEBUG] [cpw.mods.modlauncher.TransformationServicesHandler/MODLAUNCHER]: Transformation services initializing
[07Dec2025 22:28:27.161] [main/DEBUG] [cpw.mods.modlauncher.TransformationServiceDecorator/MODLAUNCHER]: Initializing transformation service mixin
[07Dec2025 22:28:27.173] [main/DEBUG] [mixin/]: MixinService [ModLauncher] was successfully booted in cpw.mods.cl.ModuleClassLoader@32eff876
[07Dec2025 22:28:27.179] [main/INFO] [mixin/]: SpongePowered MIXIN Subsystem Version=0.8.5 Source=union:/workspaces/serveralpaca/servidor_minecraft/libraries/org/spongepowered/mixin/0.8.5/mixin-0.8.5.jar%2399!/ Service=ModLauncher Env=SERVER
[07Dec2025 22:28:27.183] [main/DEBUG] [mixin/]: Initialising Mixin Platform Manager
[07Dec2025 22:28:27.183] [main/DEBUG] [mixin/]: Adding mixin platform agents for container ModLauncher Root Container(ModLauncher:4f56a0a2)
[07Dec2025 22:28:27.184] [main/DEBUG] [mixin/]: Instancing new MixinPlatformAgentMinecraftForge for ModLauncher Root Container(ModLauncher:4f56a0a2)
[07Dec2025 22:28:27.184] [main/DEBUG] [mixin/]: MixinPlatformAgentMinecraftForge rejected container ModLauncher Root Container(ModLauncher:4f56a0a2)
[07Dec2025 22:28:27.184] [main/DEBUG] [mixin/]: Instancing new MixinPlatformAgentDefault for ModLauncher Root Container(ModLauncher:4f56a0a2)
[07Dec2025 22:28:27.184] [main/DEBUG] [mixin/]: MixinPlatformAgentDefault accepted container ModLauncher Root Container(ModLauncher:4f56a0a2)
[07Dec2025 22:28:27.185] [main/DEBUG] [cpw.mods.modlauncher.TransformationServiceDecorator/MODLAUNCHER]: Initialized transformation service mixin
[07Dec2025 22:28:27.185] [main/DEBUG] [cpw.mods.modlauncher.TransformationServiceDecorator/MODLAUNCHER]: Initializing transformation service fml
[07Dec2025 22:28:27.185] [main/DEBUG] [net.minecraftforge.fml.loading.FMLServiceProvider/CORE]: Setting up basic FML game directories
[07Dec2025 22:28:27.186] [main/DEBUG] [net.minecraftforge.fml.loading.FMLPaths/CORE]: Path GAMEDIR is /workspaces/serveralpaca/servidor_minecraft
[07Dec2025 22:28:27.186] [main/DEBUG] [net.minecraftforge.fml.loading.FMLPaths/CORE]: Path MODSDIR is /workspaces/serveralpaca/servidor_minecraft/mods
[07Dec2025 22:28:27.186] [main/DEBUG] [net.minecraftforge.fml.loading.FMLPaths/CORE]: Path CONFIGDIR is /workspaces/serveralpaca/servidor_minecraft/config
[07Dec2025 22:28:27.186] [main/DEBUG] [net.minecraftforge.fml.loading.FMLPaths/CORE]: Path FMLCONFIG is /workspaces/serveralpaca/servidor_minecraft/config/fml.toml
[07Dec2025 22:28:27.186] [main/DEBUG] [net.minecraftforge.fml.loading.FMLServiceProvider/CORE]: Loading configuration
[07Dec2025 22:28:27.188] [main/DEBUG] [net.minecraftforge.fml.loading.FMLServiceProvider/CORE]: Preparing ModFile
[07Dec2025 22:28:27.190] [main/DEBUG] [net.minecraftforge.fml.loading.FMLServiceProvider/CORE]: Preparing launch handler
[07Dec2025 22:28:27.190] [main/DEBUG] [net.minecraftforge.fml.loading.FMLLoader/CORE]: Using arclightserver as launch service
[07Dec2025 22:28:27.208] [main/DEBUG] [net.minecraftforge.fml.loading.FMLLoader/CORE]: Received command line version data  : VersionInfo[forgeVersion=47.2.20, mcVersion=1.20.1, mcpVersion=20230612.114412, forgeGroup=net.minecraftforge]
[07Dec2025 22:28:27.209] [main/DEBUG] [cpw.mods.modlauncher.TransformationServiceDecorator/MODLAUNCHER]: Initialized transformation service fml
[07Dec2025 22:28:27.210] [main/DEBUG] [cpw.mods.modlauncher.NameMappingServiceHandler/MODLAUNCHER]: Current naming domain is 'srg'
[07Dec2025 22:28:27.210] [main/DEBUG] [cpw.mods.modlauncher.NameMappingServiceHandler/MODLAUNCHER]: Identified name mapping providers {}
[07Dec2025 22:28:27.210] [main/DEBUG] [cpw.mods.modlauncher.TransformationServicesHandler/MODLAUNCHER]: Transformation services begin scanning
[07Dec2025 22:28:27.211] [main/DEBUG] [cpw.mods.modlauncher.TransformationServiceDecorator/MODLAUNCHER]: Beginning scan trigger - transformation service mixin
[07Dec2025 22:28:27.211] [main/DEBUG] [cpw.mods.modlauncher.TransformationServiceDecorator/MODLAUNCHER]: End scan trigger - transformation service mixin
[07Dec2025 22:28:27.211] [main/DEBUG] [cpw.mods.modlauncher.TransformationServiceDecorator/MODLAUNCHER]: Beginning scan trigger - transformation service fml
[07Dec2025 22:28:27.211] [main/DEBUG] [net.minecraftforge.fml.loading.FMLServiceProvider/CORE]: Initiating mod scan
[07Dec2025 22:28:27.355] [main/DEBUG] [net.minecraftforge.fml.loading.moddiscovery.ModFileParser/LOADING]: Considering mod file candidate /workspaces/serveralpaca/servidor_minecraft/.arclight/mod_file/arclight-1.20.1-1.0.5-1a8925b.jar
[07Dec2025 22:28:27.422] [main/DEBUG] [net.minecraftforge.fml.loading.moddiscovery.ModFileInfo/LOADING]: Found valid mod file arclight-1.20.1-1.0.5-1a8925b.jar with {arclight} mods - versions {1.20.1-1.0.5-1a8925b}
[07Dec2025 22:28:27.424] [main/DEBUG] [net.minecraftforge.fml.loading.moddiscovery.ModListHandler/CORE]: Found mod coordinates from lists: []
[07Dec2025 22:28:27.426] [main/DEBUG] [net.minecraftforge.fml.loading.moddiscovery.ModDiscoverer/CORE]: Found Mod Locators : (mods folder:null),(maven libs:null),(exploded directory:null),(minecraft:null),(userdev classpath:null),(arclight:arclight-1.20.1-1.0.5-1a8925b)
[07Dec2025 22:28:27.427] [main/DEBUG] [net.minecraftforge.fml.loading.moddiscovery.ModDiscoverer/CORE]: Found Dependency Locators : (JarInJar:null)
[07Dec2025 22:28:27.430] [main/DEBUG] [net.minecraftforge.fml.loading.moddiscovery.ModFileParser/LOADING]: Considering mod file candidate /workspaces/serveralpaca/servidor_minecraft/mods/healtem-1.0.jar
[07Dec2025 22:28:27.433] [main/DEBUG] [net.minecraftforge.fml.loading.moddiscovery.ModFileInfo/LOADING]: Found valid mod file healtem-1.0.jar with {healtem} mods - versions {1.0-SNAPSHOT}
[07Dec2025 22:28:27.433] [main/DEBUG] [net.minecraftforge.fml.loading.moddiscovery.ModFileParser/LOADING]: Considering mod file candidate /workspaces/serveralpaca/servidor_minecraft/mods/keys_remover-1.0.1.jar
[07Dec2025 22:28:27.434] [main/DEBUG] [net.minecraftforge.fml.loading.moddiscovery.ModFileInfo/LOADING]: Found valid mod file keys_remover-1.0.1.jar with {keys_remover} mods - versions {1.0.1}
[07Dec2025 22:28:27.435] [main/DEBUG] [net.minecraftforge.fml.loading.moddiscovery.ModFileParser/LOADING]: Considering mod file candidate /workspaces/serveralpaca/servidor_minecraft/mods/owleafutils-0.1.5.0-BETA.jar
[07Dec2025 22:28:27.436] [main/DEBUG] [net.minecraftforge.fml.loading.moddiscovery.ModFileInfo/LOADING]: Found valid mod file owleafutils-0.1.5.0-BETA.jar with {owleafutils} mods - versions {0.1.5.1}
[07Dec2025 22:28:27.436] [main/DEBUG] [net.minecraftforge.fml.loading.moddiscovery.ModFileParser/LOADING]: Considering mod file candidate /workspaces/serveralpaca/servidor_minecraft/mods/PinguinoGame.jar
[07Dec2025 22:28:27.437] [main/DEBUG] [net.minecraftforge.fml.loading.moddiscovery.ModFileInfo/LOADING]: Found valid mod file PinguinoGame.jar with {thundernight} mods - versions {1.1}
[07Dec2025 22:28:27.439] [main/DEBUG] [net.minecraftforge.fml.loading.moddiscovery.ModFileParser/LOADING]: Considering mod file candidate /workspaces/serveralpaca/servidor_minecraft/mods/plasmovoice-forge-1.20.1-2.1.5.jar
[07Dec2025 22:28:27.442] [main/DEBUG] [net.minecraftforge.fml.loading.moddiscovery.ModFileInfo/LOADING]: Found valid mod file plasmovoice-forge-1.20.1-2.1.5.jar with {plasmovoice} mods - versions {2.1.5}
[07Dec2025 22:28:27.842] [main/DEBUG] [net.minecraftforge.fml.loading.moddiscovery.ModFileInfo/LOADING]: Found valid mod file server-1.20.1-20230612.114412-srg.jar with {minecraft} mods - versions {1.20.1}
[07Dec2025 22:28:27.844] [main/DEBUG] [net.minecraftforge.fml.loading.moddiscovery.ModFileParser/LOADING]: Considering mod file candidate /workspaces/serveralpaca/servidor_minecraft/libraries/net/minecraftforge/fmlcore/1.20.1-47.2.20/fmlcore-1.20.1-47.2.20.jar
[07Dec2025 22:28:27.845] [main/WARN] [net.minecraftforge.fml.loading.moddiscovery.ModFileParser/LOADING]: Mod file /workspaces/serveralpaca/servidor_minecraft/libraries/net/minecraftforge/fmlcore/1.20.1-47.2.20/fmlcore-1.20.1-47.2.20.jar is missing mods.toml file
[07Dec2025 22:28:27.846] [main/DEBUG] [net.minecraftforge.fml.loading.moddiscovery.ModFileParser/LOADING]: Considering mod file candidate /workspaces/serveralpaca/servidor_minecraft/libraries/net/minecraftforge/javafmllanguage/1.20.1-47.2.20/javafmllanguage-1.20.1-47.2.20.jar
[07Dec2025 22:28:27.846] [main/WARN] [net.minecraftforge.fml.loading.moddiscovery.ModFileParser/LOADING]: Mod file /workspaces/serveralpaca/servidor_minecraft/libraries/net/minecraftforge/javafmllanguage/1.20.1-47.2.20/javafmllanguage-1.20.1-47.2.20.jar is missing mods.toml file
[07Dec2025 22:28:27.846] [main/DEBUG] [net.minecraftforge.fml.loading.moddiscovery.ModFileParser/LOADING]: Considering mod file candidate /workspaces/serveralpaca/servidor_minecraft/libraries/net/minecraftforge/lowcodelanguage/1.20.1-47.2.20/lowcodelanguage-1.20.1-47.2.20.jar
[07Dec2025 22:28:27.846] [main/WARN] [net.minecraftforge.fml.loading.moddiscovery.ModFileParser/LOADING]: Mod file /workspaces/serveralpaca/servidor_minecraft/libraries/net/minecraftforge/lowcodelanguage/1.20.1-47.2.20/lowcodelanguage-1.20.1-47.2.20.jar is missing mods.toml file
[07Dec2025 22:28:27.847] [main/DEBUG] [net.minecraftforge.fml.loading.moddiscovery.ModFileParser/LOADING]: Considering mod file candidate /workspaces/serveralpaca/servidor_minecraft/libraries/net/minecraftforge/mclanguage/1.20.1-47.2.20/mclanguage-1.20.1-47.2.20.jar
[07Dec2025 22:28:27.847] [main/WARN] [net.minecraftforge.fml.loading.moddiscovery.ModFileParser/LOADING]: Mod file /workspaces/serveralpaca/servidor_minecraft/libraries/net/minecraftforge/mclanguage/1.20.1-47.2.20/mclanguage-1.20.1-47.2.20.jar is missing mods.toml file
[07Dec2025 22:28:27.914] [main/DEBUG] [net.minecraftforge.fml.loading.moddiscovery.ModFileParser/LOADING]: Considering mod file candidate /workspaces/serveralpaca/servidor_minecraft/libraries/net/minecraftforge/forge/1.20.1-47.2.20/forge-1.20.1-47.2.20-universal.jar
[07Dec2025 22:28:27.915] [main/DEBUG] [net.minecraftforge.fml.loading.moddiscovery.ModFileInfo/LOADING]: Found valid mod file forge-1.20.1-47.2.20-universal.jar with {forge} mods - versions {47.2.20}
[07Dec2025 22:28:27.922] [main/DEBUG] [net.minecraftforge.fml.loading.moddiscovery.AbstractJarFileDependencyLocator/]: Failed to load resource META-INF/jarjar/metadata.json from server-1.20.1-20230612.114412-srg.jar, it does not contain dependency information.
[07Dec2025 22:28:27.923] [main/DEBUG] [net.minecraftforge.fml.loading.moddiscovery.AbstractJarFileDependencyLocator/]: Failed to load resource META-INF/jarjar/metadata.json from plasmovoice-forge-1.20.1-2.1.5.jar, it does not contain dependency information.
[07Dec2025 22:28:27.923] [main/DEBUG] [net.minecraftforge.fml.loading.moddiscovery.AbstractJarFileDependencyLocator/]: Failed to load resource META-INF/jarjar/metadata.json from keys_remover-1.0.1.jar, it does not contain dependency information.
[07Dec2025 22:28:27.923] [main/DEBUG] [net.minecraftforge.fml.loading.moddiscovery.AbstractJarFileDependencyLocator/]: Failed to load resource META-INF/jarjar/metadata.json from forge-1.20.1-47.2.20-universal.jar, it does not contain dependency information.
[07Dec2025 22:28:27.923] [main/DEBUG] [net.minecraftforge.fml.loading.moddiscovery.AbstractJarFileDependencyLocator/]: Failed to load resource META-INF/jarjar/metadata.json from PinguinoGame.jar, it does not contain dependency information.
[07Dec2025 22:28:27.923] [main/DEBUG] [net.minecraftforge.fml.loading.moddiscovery.AbstractJarFileDependencyLocator/]: Failed to load resource META-INF/jarjar/metadata.json from arclight-1.20.1-1.0.5-1a8925b.jar, it does not contain dependency information.
[07Dec2025 22:28:27.923] [main/DEBUG] [net.minecraftforge.fml.loading.moddiscovery.AbstractJarFileDependencyLocator/]: Failed to load resource META-INF/jarjar/metadata.json from owleafutils-0.1.5.0-BETA.jar, it does not contain dependency information.
[07Dec2025 22:28:27.923] [main/DEBUG] [net.minecraftforge.fml.loading.moddiscovery.AbstractJarFileDependencyLocator/]: Failed to load resource META-INF/jarjar/metadata.json from healtem-1.0.jar, it does not contain dependency information.
[07Dec2025 22:28:27.923] [main/DEBUG] [net.minecraftforge.fml.loading.moddiscovery.AbstractJarFileDependencyLocator/]: Failed to load resource META-INF/jarjar/metadata.json from mclanguage-1.20.1-47.2.20.jar, it does not contain dependency information.
[07Dec2025 22:28:27.923] [main/DEBUG] [net.minecraftforge.fml.loading.moddiscovery.AbstractJarFileDependencyLocator/]: Failed to load resource META-INF/jarjar/metadata.json from javafmllanguage-1.20.1-47.2.20.jar, it does not contain dependency information.
[07Dec2025 22:28:27.923] [main/DEBUG] [net.minecraftforge.fml.loading.moddiscovery.AbstractJarFileDependencyLocator/]: Failed to load resource META-INF/jarjar/metadata.json from fmlcore-1.20.1-47.2.20.jar, it does not contain dependency information.
[07Dec2025 22:28:27.923] [main/DEBUG] [net.minecraftforge.fml.loading.moddiscovery.AbstractJarFileDependencyLocator/]: Failed to load resource META-INF/jarjar/metadata.json from lowcodelanguage-1.20.1-47.2.20.jar, it does not contain dependency information.
[07Dec2025 22:28:27.954] [main/INFO] [net.minecraftforge.fml.loading.moddiscovery.JarInJarDependencyLocator/]: No dependencies to load found. Skipping!
[07Dec2025 22:28:27.956] [main/DEBUG] [net.minecraftforge.fml.loading.moddiscovery.ModFileInfo/LOADING]: Found valid mod file server-1.20.1-20230612.114412-srg.jar with {minecraft} mods - versions {1.20.1}
[07Dec2025 22:28:27.958] [main/DEBUG] [net.minecraftforge.fml.loading.moddiscovery.ModFile/LOADING]: Loading mod file /workspaces/serveralpaca/servidor_minecraft/libraries/net/minecraft/server/1.20.1-20230612.114412/server-1.20.1-20230612.114412-srg.jar with languages [LanguageSpec[languageName=minecraft, acceptedVersions=1]]
[07Dec2025 22:28:27.958] [main/DEBUG] [net.minecraftforge.fml.loading.moddiscovery.ModFileParser/LOADING]: Considering mod file candidate /workspaces/serveralpaca/servidor_minecraft/mods/keys_remover-1.0.1.jar
[07Dec2025 22:28:27.959] [main/DEBUG] [net.minecraftforge.fml.loading.moddiscovery.ModFileInfo/LOADING]: Found valid mod file keys_remover-1.0.1.jar with {keys_remover} mods - versions {1.0.1}
[07Dec2025 22:28:27.959] [main/DEBUG] [net.minecraftforge.fml.loading.moddiscovery.ModFile/LOADING]: Loading mod file /workspaces/serveralpaca/servidor_minecraft/mods/keys_remover-1.0.1.jar with languages [LanguageSpec[languageName=javafml, acceptedVersions=[47,)]]
[07Dec2025 22:28:27.959] [main/DEBUG] [net.minecraftforge.fml.loading.moddiscovery.ModFileParser/LOADING]: Considering mod file candidate /workspaces/serveralpaca/servidor_minecraft/mods/plasmovoice-forge-1.20.1-2.1.5.jar
[07Dec2025 22:28:27.960] [main/DEBUG] [net.minecraftforge.fml.loading.moddiscovery.ModFileInfo/LOADING]: Found valid mod file plasmovoice-forge-1.20.1-2.1.5.jar with {plasmovoice} mods - versions {2.1.5}
[07Dec2025 22:28:27.960] [main/DEBUG] [net.minecraftforge.fml.loading.moddiscovery.ModFile/LOADING]: Loading mod file /workspaces/serveralpaca/servidor_minecraft/mods/plasmovoice-forge-1.20.1-2.1.5.jar with languages [LanguageSpec[languageName=javafml, acceptedVersions=[46,)]]
[07Dec2025 22:28:27.960] [main/DEBUG] [net.minecraftforge.fml.loading.moddiscovery.ModFileParser/LOADING]: Considering mod file candidate /workspaces/serveralpaca/servidor_minecraft/mods/PinguinoGame.jar
[07Dec2025 22:28:27.961] [main/DEBUG] [net.minecraftforge.fml.loading.moddiscovery.ModFileInfo/LOADING]: Found valid mod file PinguinoGame.jar with {thundernight} mods - versions {1.1}
[07Dec2025 22:28:27.961] [main/DEBUG] [net.minecraftforge.fml.loading.moddiscovery.ModFile/LOADING]: Loading mod file /workspaces/serveralpaca/servidor_minecraft/mods/PinguinoGame.jar with languages [LanguageSpec[languageName=javafml, acceptedVersions=[47,)]]
[07Dec2025 22:28:27.961] [main/DEBUG] [net.minecraftforge.fml.loading.moddiscovery.ModFileParser/LOADING]: Considering mod file candidate /workspaces/serveralpaca/servidor_minecraft/libraries/net/minecraftforge/forge/1.20.1-47.2.20/forge-1.20.1-47.2.20-universal.jar
[07Dec2025 22:28:27.961] [main/DEBUG] [net.minecraftforge.fml.loading.moddiscovery.ModFileInfo/LOADING]: Found valid mod file forge-1.20.1-47.2.20-universal.jar with {forge} mods - versions {47.2.20}
[07Dec2025 22:28:27.961] [main/DEBUG] [net.minecraftforge.fml.loading.moddiscovery.ModFile/LOADING]: Loading mod file /workspaces/serveralpaca/servidor_minecraft/libraries/net/minecraftforge/forge/1.20.1-47.2.20/forge-1.20.1-47.2.20-universal.jar with languages [LanguageSpec[languageName=javafml, acceptedVersions=[24,]]]
[07Dec2025 22:28:27.979] [main/DEBUG] [net.minecraftforge.fml.loading.moddiscovery.ModFileParser/LOADING]: Found coremod field_to_method with Javascript path coremods/field_to_method.js
[07Dec2025 22:28:27.979] [main/DEBUG] [net.minecraftforge.fml.loading.moddiscovery.ModFileParser/LOADING]: Found coremod field_to_instanceof with Javascript path coremods/field_to_instanceof.js
[07Dec2025 22:28:27.979] [main/DEBUG] [net.minecraftforge.fml.loading.moddiscovery.ModFileParser/LOADING]: Found coremod add_bouncer_method with Javascript path coremods/add_bouncer_method.js
[07Dec2025 22:28:27.979] [main/DEBUG] [net.minecraftforge.fml.loading.moddiscovery.ModFileParser/LOADING]: Found coremod method_redirector with Javascript path coremods/method_redirector.js
[07Dec2025 22:28:27.979] [main/DEBUG] [net.minecraftforge.fml.loading.moddiscovery.ModFile/LOADING]: Found coremod coremods/field_to_method.js
[07Dec2025 22:28:27.980] [main/DEBUG] [net.minecraftforge.fml.loading.moddiscovery.ModFile/LOADING]: Found coremod coremods/field_to_instanceof.js
[07Dec2025 22:28:27.980] [main/DEBUG] [net.minecraftforge.fml.loading.moddiscovery.ModFile/LOADING]: Found coremod coremods/add_bouncer_method.js
[07Dec2025 22:28:27.980] [main/DEBUG] [net.minecraftforge.fml.loading.moddiscovery.ModFile/LOADING]: Found coremod coremods/method_redirector.js
[07Dec2025 22:28:27.980] [main/DEBUG] [net.minecraftforge.fml.loading.moddiscovery.ModFileParser/LOADING]: Considering mod file candidate /workspaces/serveralpaca/servidor_minecraft/mods/healtem-1.0.jar
[07Dec2025 22:28:27.981] [main/DEBUG] [net.minecraftforge.fml.loading.moddiscovery.ModFileInfo/LOADING]: Found valid mod file healtem-1.0.jar with {healtem} mods - versions {1.0-SNAPSHOT}
[07Dec2025 22:28:27.981] [main/DEBUG] [net.minecraftforge.fml.loading.moddiscovery.ModFile/LOADING]: Loading mod file /workspaces/serveralpaca/servidor_minecraft/mods/healtem-1.0.jar with languages [LanguageSpec[languageName=javafml, acceptedVersions=[47,)]]
[07Dec2025 22:28:27.981] [main/DEBUG] [net.minecraftforge.fml.loading.moddiscovery.ModFileParser/LOADING]: Considering mod file candidate /workspaces/serveralpaca/servidor_minecraft/mods/owleafutils-0.1.5.0-BETA.jar
[07Dec2025 22:28:27.982] [main/DEBUG] [net.minecraftforge.fml.loading.moddiscovery.ModFileInfo/LOADING]: Found valid mod file owleafutils-0.1.5.0-BETA.jar with {owleafutils} mods - versions {0.1.5.1}
[07Dec2025 22:28:27.982] [main/DEBUG] [net.minecraftforge.fml.loading.moddiscovery.ModFile/LOADING]: Loading mod file /workspaces/serveralpaca/servidor_minecraft/mods/owleafutils-0.1.5.0-BETA.jar with languages [LanguageSpec[languageName=javafml, acceptedVersions=[47,)]]
[07Dec2025 22:28:27.982] [main/DEBUG] [net.minecraftforge.fml.loading.moddiscovery.ModFileParser/LOADING]: Considering mod file candidate /workspaces/serveralpaca/servidor_minecraft/.arclight/mod_file/arclight-1.20.1-1.0.5-1a8925b.jar
[07Dec2025 22:28:27.983] [main/DEBUG] [net.minecraftforge.fml.loading.moddiscovery.ModFileInfo/LOADING]: Found valid mod file arclight-1.20.1-1.0.5-1a8925b.jar with {arclight} mods - versions {1.20.1-1.0.5-1a8925b}
[07Dec2025 22:28:27.983] [main/DEBUG] [net.minecraftforge.fml.loading.moddiscovery.ModFile/LOADING]: Loading mod file /workspaces/serveralpaca/servidor_minecraft/.arclight/mod_file/arclight-1.20.1-1.0.5-1a8925b.jar with languages [LanguageSpec[languageName=javafml, acceptedVersions=[44,]]]
[07Dec2025 22:28:27.983] [main/DEBUG] [cpw.mods.modlauncher.TransformationServiceDecorator/MODLAUNCHER]: End scan trigger - transformation service fml
[07Dec2025 22:28:27.990] [main/DEBUG] [net.minecraftforge.fml.loading.LanguageLoadingProvider/CORE]: Found 3 language providers
[07Dec2025 22:28:27.991] [main/DEBUG] [net.minecraftforge.fml.loading.LanguageLoadingProvider/CORE]: Found language provider minecraft, version 1.0
[07Dec2025 22:28:27.991] [main/DEBUG] [net.minecraftforge.fml.loading.LanguageLoadingProvider/CORE]: Found language provider lowcodefml, version 47
[07Dec2025 22:28:27.991] [main/DEBUG] [net.minecraftforge.fml.loading.LanguageLoadingProvider/CORE]: Found language provider javafml, version 47
[07Dec2025 22:28:27.996] [main/DEBUG] [net.minecraftforge.fml.loading.ModSorter/]: Configured system mods: [minecraft, forge]
[07Dec2025 22:28:27.996] [main/DEBUG] [net.minecraftforge.fml.loading.ModSorter/]: Found system mod: minecraft
[07Dec2025 22:28:27.996] [main/DEBUG] [net.minecraftforge.fml.loading.ModSorter/]: Found system mod: forge
[07Dec2025 22:28:27.999] [main/DEBUG] [net.minecraftforge.fml.loading.ModSorter/LOADING]: Found 9 mod requirements (9 mandatory, 0 optional)
[07Dec2025 22:28:27.999] [main/DEBUG] [net.minecraftforge.fml.loading.ModSorter/LOADING]: Found 0 mod requirements missing (0 mandatory, 0 optional)
[07Dec2025 22:28:28.488] [main/DEBUG] [cpw.mods.modlauncher.TransformationServicesHandler/MODLAUNCHER]: Transformation services loading transformers
[07Dec2025 22:28:28.489] [main/DEBUG] [cpw.mods.modlauncher.TransformationServiceDecorator/MODLAUNCHER]: Initializing transformers for transformation service mixin
[07Dec2025 22:28:28.489] [main/DEBUG] [cpw.mods.modlauncher.TransformationServiceDecorator/MODLAUNCHER]: Initialized transformers for transformation service mixin
[07Dec2025 22:28:28.489] [main/DEBUG] [cpw.mods.modlauncher.TransformationServiceDecorator/MODLAUNCHER]: Initializing transformers for transformation service fml
[07Dec2025 22:28:28.489] [main/DEBUG] [net.minecraftforge.fml.loading.FMLServiceProvider/CORE]: Loading coremod transformers
[07Dec2025 22:28:28.489] [main/DEBUG] [net.minecraftforge.coremod.CoreModEngine/COREMOD]: Loading CoreMod from coremods/field_to_method.js
[07Dec2025 22:28:28.810] [main/DEBUG] [net.minecraftforge.coremod.CoreModEngine/COREMOD]: CoreMod loaded successfully
[07Dec2025 22:28:28.810] [main/DEBUG] [net.minecraftforge.coremod.CoreModEngine/COREMOD]: Loading CoreMod from coremods/field_to_instanceof.js
[07Dec2025 22:28:28.863] [main/DEBUG] [net.minecraftforge.coremod.CoreModEngine/COREMOD]: CoreMod loaded successfully
[07Dec2025 22:28:28.863] [main/DEBUG] [net.minecraftforge.coremod.CoreModEngine/COREMOD]: Loading CoreMod from coremods/add_bouncer_method.js
[07Dec2025 22:28:28.893] [main/DEBUG] [net.minecraftforge.coremod.CoreModEngine/COREMOD]: CoreMod loaded successfully
[07Dec2025 22:28:28.894] [main/DEBUG] [net.minecraftforge.coremod.CoreModEngine/COREMOD]: Loading CoreMod from coremods/method_redirector.js
[07Dec2025 22:28:28.947] [main/DEBUG] [net.minecraftforge.coremod.CoreModEngine/COREMOD]: CoreMod loaded successfully
[07Dec2025 22:28:28.955] [main/DEBUG] [cpw.mods.modlauncher.TransformStore/MODLAUNCHER]: Adding transformer net.minecraftforge.coremod.transformer.CoreModClassTransformer@53f0d09c to Target : CLASS {Lnet/minecraft/world/level/biome/Biome;} {} {V}
[07Dec2025 22:28:28.956] [main/DEBUG] [cpw.mods.modlauncher.TransformStore/MODLAUNCHER]: Adding transformer net.minecraftforge.coremod.transformer.CoreModClassTransformer@180b3819 to Target : CLASS {Lnet/minecraft/world/level/levelgen/structure/Structure;} {} {V}
[07Dec2025 22:28:28.956] [main/DEBUG] [cpw.mods.modlauncher.TransformStore/MODLAUNCHER]: Adding transformer net.minecraftforge.coremod.transformer.CoreModClassTransformer@733c464f to Target : CLASS {Lnet/minecraft/world/effect/MobEffectInstance;} {} {V}
[07Dec2025 22:28:28.956] [main/DEBUG] [cpw.mods.modlauncher.TransformStore/MODLAUNCHER]: Adding transformer net.minecraftforge.coremod.transformer.CoreModClassTransformer@47272cd3 to Target : CLASS {Lnet/minecraft/world/level/block/LiquidBlock;} {} {V}
[07Dec2025 22:28:28.956] [main/DEBUG] [cpw.mods.modlauncher.TransformStore/MODLAUNCHER]: Adding transformer net.minecraftforge.coremod.transformer.CoreModClassTransformer@73fbdf68 to Target : CLASS {Lnet/minecraft/world/item/BucketItem;} {} {V}
[07Dec2025 22:28:28.956] [main/DEBUG] [cpw.mods.modlauncher.TransformStore/MODLAUNCHER]: Adding transformer net.minecraftforge.coremod.transformer.CoreModClassTransformer@32f1fafe to Target : CLASS {Lnet/minecraft/world/level/block/StairBlock;} {} {V}
[07Dec2025 22:28:28.956] [main/DEBUG] [cpw.mods.modlauncher.TransformStore/MODLAUNCHER]: Adding transformer net.minecraftforge.coremod.transformer.CoreModClassTransformer@236eccd1 to Target : CLASS {Lnet/minecraft/world/level/block/FlowerPotBlock;} {} {V}
[07Dec2025 22:28:28.956] [main/DEBUG] [cpw.mods.modlauncher.TransformStore/MODLAUNCHER]: Adding transformer net.minecraftforge.coremod.transformer.CoreModClassTransformer@5d512ddb to Target : CLASS {Lnet/minecraft/world/item/ItemStack;} {} {V}
[07Dec2025 22:28:28.956] [main/DEBUG] [cpw.mods.modlauncher.TransformStore/MODLAUNCHER]: Adding transformer net.minecraftforge.coremod.transformer.CoreModClassTransformer@707ca986 to Target : CLASS {Lnet/minecraft/network/play/client/CClientSettingsPacket;} {} {V}
[07Dec2025 22:28:28.957] [main/DEBUG] [cpw.mods.modlauncher.TransformStore/MODLAUNCHER]: Adding transformer net.minecraftforge.coremod.transformer.CoreModClassTransformer@4de79b7d to Target : CLASS {Lnet/minecraft/world/entity/monster/Evoker$EvokerSummonSpellGoal;} {} {V}
[07Dec2025 22:28:28.957] [main/DEBUG] [cpw.mods.modlauncher.TransformStore/MODLAUNCHER]: Adding transformer net.minecraftforge.coremod.transformer.CoreModClassTransformer@4de79b7d to Target : CLASS {Lnet/minecraft/world/entity/npc/CatSpawner;} {} {V}
[07Dec2025 22:28:28.957] [main/DEBUG] [cpw.mods.modlauncher.TransformStore/MODLAUNCHER]: Adding transformer net.minecraftforge.coremod.transformer.CoreModClassTransformer@4de79b7d to Target : CLASS {Lnet/minecraft/world/level/levelgen/structure/structures/WoodlandMansionPieces$WoodlandMansionPiece;} {} {V}
[07Dec2025 22:28:28.957] [main/DEBUG] [cpw.mods.modlauncher.TransformStore/MODLAUNCHER]: Adding transformer net.minecraftforge.coremod.transformer.CoreModClassTransformer@4de79b7d to Target : CLASS {Lnet/minecraft/server/commands/SummonCommand;} {} {V}
[07Dec2025 22:28:28.957] [main/DEBUG] [cpw.mods.modlauncher.TransformStore/MODLAUNCHER]: Adding transformer net.minecraftforge.coremod.transformer.CoreModClassTransformer@4de79b7d to Target : CLASS {Lnet/minecraft/world/entity/npc/Villager;} {} {V}
[07Dec2025 22:28:28.957] [main/DEBUG] [cpw.mods.modlauncher.TransformStore/MODLAUNCHER]: Adding transformer net.minecraftforge.coremod.transformer.CoreModClassTransformer@4de79b7d to Target : CLASS {Lnet/minecraft/world/entity/monster/ZombieVillager;} {} {V}
[07Dec2025 22:28:28.957] [main/DEBUG] [cpw.mods.modlauncher.TransformStore/MODLAUNCHER]: Adding transformer net.minecraftforge.coremod.transformer.CoreModClassTransformer@4de79b7d to Target : CLASS {Lnet/minecraft/world/level/NaturalSpawner;} {} {V}
[07Dec2025 22:28:28.957] [main/DEBUG] [cpw.mods.modlauncher.TransformStore/MODLAUNCHER]: Adding transformer net.minecraftforge.coremod.transformer.CoreModClassTransformer@4de79b7d to Target : CLASS {Lnet/minecraft/world/entity/animal/frog/Tadpole;} {} {V}
[07Dec2025 22:28:28.957] [main/DEBUG] [cpw.mods.modlauncher.TransformStore/MODLAUNCHER]: Adding transformer net.minecraftforge.coremod.transformer.CoreModClassTransformer@4de79b7d to Target : CLASS {Lnet/minecraft/world/entity/ai/village/VillageSiege;} {} {V}
[07Dec2025 22:28:28.957] [main/DEBUG] [cpw.mods.modlauncher.TransformStore/MODLAUNCHER]: Adding transformer net.minecraftforge.coremod.transformer.CoreModClassTransformer@4de79b7d to Target : CLASS {Lnet/minecraft/world/level/levelgen/structure/structures/SwampHutPiece;} {} {V}
[07Dec2025 22:28:28.957] [main/DEBUG] [cpw.mods.modlauncher.TransformStore/MODLAUNCHER]: Adding transformer net.minecraftforge.coremod.transformer.CoreModClassTransformer@4de79b7d to Target : CLASS {Lnet/minecraft/world/entity/monster/Spider;} {} {V}
[07Dec2025 22:28:28.957] [main/DEBUG] [cpw.mods.modlauncher.TransformStore/MODLAUNCHER]: Adding transformer net.minecraftforge.coremod.transformer.CoreModClassTransformer@4de79b7d to Target : CLASS {Lnet/minecraft/world/level/levelgen/structure/templatesystem/StructureTemplate;} {} {V}
[07Dec2025 22:28:28.957] [main/DEBUG] [cpw.mods.modlauncher.TransformStore/MODLAUNCHER]: Adding transformer net.minecraftforge.coremod.transformer.CoreModClassTransformer@4de79b7d to Target : CLASS {Lnet/minecraft/server/commands/RaidCommand;} {} {V}
[07Dec2025 22:28:28.957] [main/DEBUG] [cpw.mods.modlauncher.TransformStore/MODLAUNCHER]: Adding transformer net.minecraftforge.coremod.transformer.CoreModClassTransformer@4de79b7d to Target : CLASS {Lnet/minecraft/world/level/levelgen/PhantomSpawner;} {} {V}
[07Dec2025 22:28:28.957] [main/DEBUG] [cpw.mods.modlauncher.TransformStore/MODLAUNCHER]: Adding transformer net.minecraftforge.coremod.transformer.CoreModClassTransformer@4de79b7d to Target : CLASS {Lnet/minecraft/world/level/levelgen/structure/structures/OceanMonumentPieces$OceanMonumentPiece;} {} {V}
[07Dec2025 22:28:28.958] [main/DEBUG] [cpw.mods.modlauncher.TransformStore/MODLAUNCHER]: Adding transformer net.minecraftforge.coremod.transformer.CoreModClassTransformer@4de79b7d to Target : CLASS {Lnet/minecraft/world/level/levelgen/PatrolSpawner;} {} {V}
[07Dec2025 22:28:28.958] [main/DEBUG] [cpw.mods.modlauncher.TransformStore/MODLAUNCHER]: Adding transformer net.minecraftforge.coremod.transformer.CoreModClassTransformer@4de79b7d to Target : CLASS {Lnet/minecraft/world/entity/EntityType;} {} {V}
[07Dec2025 22:28:28.958] [main/DEBUG] [cpw.mods.modlauncher.TransformStore/MODLAUNCHER]: Adding transformer net.minecraftforge.coremod.transformer.CoreModClassTransformer@4de79b7d to Target : CLASS {Lnet/minecraft/world/entity/monster/Zombie;} {} {V}
[07Dec2025 22:28:28.958] [main/DEBUG] [cpw.mods.modlauncher.TransformStore/MODLAUNCHER]: Adding transformer net.minecraftforge.coremod.transformer.CoreModClassTransformer@4de79b7d to Target : CLASS {Lnet/minecraft/world/entity/monster/Strider;} {} {V}
[07Dec2025 22:28:28.958] [main/DEBUG] [cpw.mods.modlauncher.TransformStore/MODLAUNCHER]: Adding transformer net.minecraftforge.coremod.transformer.CoreModClassTransformer@4de79b7d to Target : CLASS {Lnet/minecraft/world/entity/animal/horse/SkeletonTrapGoal;} {} {V}
[07Dec2025 22:28:28.958] [main/DEBUG] [cpw.mods.modlauncher.TransformStore/MODLAUNCHER]: Adding transformer net.minecraftforge.coremod.transformer.CoreModClassTransformer@4de79b7d to Target : CLASS {Lnet/minecraft/world/entity/raid/Raid;} {} {V}
[07Dec2025 22:28:28.958] [main/DEBUG] [cpw.mods.modlauncher.TransformStore/MODLAUNCHER]: Adding transformer net.minecraftforge.coremod.transformer.CoreModClassTransformer@4de79b7d to Target : CLASS {Lnet/minecraft/world/level/levelgen/structure/structures/OceanRuinPieces$OceanRuinPiece;} {} {V}
[07Dec2025 22:28:28.958] [main/DEBUG] [cpw.mods.modlauncher.TransformationServiceDecorator/MODLAUNCHER]: Initialized transformers for transformation service fml
[07Dec2025 22:28:29.728] [main/DEBUG] [mixin/]: Processing prepare() for PlatformAgent[MixinPlatformAgentDefault:ModLauncher Root Container(ModLauncher:4f56a0a2)]
[07Dec2025 22:28:29.728] [main/DEBUG] [mixin/]: Processing launch tasks for PlatformAgent[MixinPlatformAgentDefault:ModLauncher Root Container(ModLauncher:4f56a0a2)]
[07Dec2025 22:28:29.728] [main/DEBUG] [mixin/]: Adding mixin platform agents for container SecureJarResource(minecraft)
[07Dec2025 22:28:29.728] [main/DEBUG] [mixin/]: Instancing new MixinPlatformAgentMinecraftForge for SecureJarResource(minecraft)
[07Dec2025 22:28:29.728] [main/DEBUG] [mixin/]: MixinPlatformAgentMinecraftForge rejected container SecureJarResource(minecraft)
[07Dec2025 22:28:29.728] [main/DEBUG] [mixin/]: Instancing new MixinPlatformAgentDefault for SecureJarResource(minecraft)
[07Dec2025 22:28:29.728] [main/DEBUG] [mixin/]: MixinPlatformAgentDefault accepted container SecureJarResource(minecraft)
[07Dec2025 22:28:29.728] [main/DEBUG] [mixin/]: Processing prepare() for PlatformAgent[MixinPlatformAgentDefault:SecureJarResource(minecraft)]
[07Dec2025 22:28:29.728] [main/DEBUG] [mixin/]: Adding mixin platform agents for container SecureJarResource(keys_remover)
[07Dec2025 22:28:29.728] [main/DEBUG] [mixin/]: Instancing new MixinPlatformAgentMinecraftForge for SecureJarResource(keys_remover)
[07Dec2025 22:28:29.728] [main/DEBUG] [mixin/]: MixinPlatformAgentMinecraftForge rejected container SecureJarResource(keys_remover)
[07Dec2025 22:28:29.729] [main/DEBUG] [mixin/]: Instancing new MixinPlatformAgentDefault for SecureJarResource(keys_remover)
[07Dec2025 22:28:29.729] [main/DEBUG] [mixin/]: MixinPlatformAgentDefault accepted container SecureJarResource(keys_remover)
[07Dec2025 22:28:29.729] [main/DEBUG] [mixin/]: Processing prepare() for PlatformAgent[MixinPlatformAgentDefault:SecureJarResource(keys_remover)]
[07Dec2025 22:28:29.729] [main/DEBUG] [mixin/]: Adding mixin platform agents for container SecureJarResource(plasmovoice)
[07Dec2025 22:28:29.729] [main/DEBUG] [mixin/]: Instancing new MixinPlatformAgentMinecraftForge for SecureJarResource(plasmovoice)
[07Dec2025 22:28:29.729] [main/DEBUG] [mixin/]: MixinPlatformAgentMinecraftForge rejected container SecureJarResource(plasmovoice)
[07Dec2025 22:28:29.729] [main/DEBUG] [mixin/]: Instancing new MixinPlatformAgentDefault for SecureJarResource(plasmovoice)
[07Dec2025 22:28:29.729] [main/DEBUG] [mixin/]: MixinPlatformAgentDefault accepted container SecureJarResource(plasmovoice)
[07Dec2025 22:28:29.729] [main/DEBUG] [mixin/]: Processing prepare() for PlatformAgent[MixinPlatformAgentDefault:SecureJarResource(plasmovoice)]
[07Dec2025 22:28:29.729] [main/DEBUG] [mixin/]: Registering mixin config: plasmovoice.mixins.json
[07Dec2025 22:28:29.791] [main/DEBUG] [mixin/]: Registering mixin config: slib.mixins.json
[07Dec2025 22:28:29.793] [main/DEBUG] [mixin/]: Registering mixin config: slib-forge.mixins.json
[07Dec2025 22:28:29.795] [main/DEBUG] [mixin/]: Adding mixin platform agents for container SecureJarResource(thundernight)
[07Dec2025 22:28:29.795] [main/DEBUG] [mixin/]: Instancing new MixinPlatformAgentMinecraftForge for SecureJarResource(thundernight)
[07Dec2025 22:28:29.795] [main/DEBUG] [mixin/]: MixinPlatformAgentMinecraftForge rejected container SecureJarResource(thundernight)
[07Dec2025 22:28:29.795] [main/DEBUG] [mixin/]: Instancing new MixinPlatformAgentDefault for SecureJarResource(thundernight)
[07Dec2025 22:28:29.795] [main/DEBUG] [mixin/]: MixinPlatformAgentDefault accepted container SecureJarResource(thundernight)
[07Dec2025 22:28:29.795] [main/DEBUG] [mixin/]: Processing prepare() for PlatformAgent[MixinPlatformAgentDefault:SecureJarResource(thundernight)]
[07Dec2025 22:28:29.795] [main/DEBUG] [mixin/]: Adding mixin platform agents for container SecureJarResource(forge)
[07Dec2025 22:28:29.795] [main/DEBUG] [mixin/]: Instancing new MixinPlatformAgentMinecraftForge for SecureJarResource(forge)
[07Dec2025 22:28:29.795] [main/DEBUG] [mixin/]: MixinPlatformAgentMinecraftForge rejected container SecureJarResource(forge)
[07Dec2025 22:28:29.795] [main/DEBUG] [mixin/]: Instancing new MixinPlatformAgentDefault for SecureJarResource(forge)
[07Dec2025 22:28:29.795] [main/DEBUG] [mixin/]: MixinPlatformAgentDefault accepted container SecureJarResource(forge)
[07Dec2025 22:28:29.795] [main/DEBUG] [mixin/]: Processing prepare() for PlatformAgent[MixinPlatformAgentDefault:SecureJarResource(forge)]
[07Dec2025 22:28:29.795] [main/DEBUG] [mixin/]: Adding mixin platform agents for container SecureJarResource(healtem)
[07Dec2025 22:28:29.795] [main/DEBUG] [mixin/]: Instancing new MixinPlatformAgentMinecraftForge for SecureJarResource(healtem)
[07Dec2025 22:28:29.796] [main/DEBUG] [mixin/]: MixinPlatformAgentMinecraftForge rejected container SecureJarResource(healtem)
[07Dec2025 22:28:29.796] [main/DEBUG] [mixin/]: Instancing new MixinPlatformAgentDefault for SecureJarResource(healtem)
[07Dec2025 22:28:29.796] [main/DEBUG] [mixin/]: MixinPlatformAgentDefault accepted container SecureJarResource(healtem)
[07Dec2025 22:28:29.796] [main/DEBUG] [mixin/]: Processing prepare() for PlatformAgent[MixinPlatformAgentDefault:SecureJarResource(healtem)]
[07Dec2025 22:28:29.796] [main/DEBUG] [mixin/]: Adding mixin platform agents for container SecureJarResource(owleafutils)
[07Dec2025 22:28:29.796] [main/DEBUG] [mixin/]: Instancing new MixinPlatformAgentMinecraftForge for SecureJarResource(owleafutils)
[07Dec2025 22:28:29.796] [main/DEBUG] [mixin/]: MixinPlatformAgentMinecraftForge rejected container SecureJarResource(owleafutils)
[07Dec2025 22:28:29.796] [main/DEBUG] [mixin/]: Instancing new MixinPlatformAgentDefault for SecureJarResource(owleafutils)
[07Dec2025 22:28:29.796] [main/DEBUG] [mixin/]: MixinPlatformAgentDefault accepted container SecureJarResource(owleafutils)
[07Dec2025 22:28:29.796] [main/DEBUG] [mixin/]: Processing prepare() for PlatformAgent[MixinPlatformAgentDefault:SecureJarResource(owleafutils)]
[07Dec2025 22:28:29.796] [main/DEBUG] [mixin/]: Registering mixin config: owleafutils.mixins.json
[07Dec2025 22:28:29.798] [main/DEBUG] [mixin/]: Compatibility level JAVA_8 specified by owleafutils.mixins.json is lower than the default level supported by the current mixin service (JAVA_16).
[07Dec2025 22:28:29.798] [main/DEBUG] [mixin/]: Adding mixin platform agents for container SecureJarResource(arclight)
[07Dec2025 22:28:29.799] [main/DEBUG] [mixin/]: Instancing new MixinPlatformAgentMinecraftForge for SecureJarResource(arclight)
[07Dec2025 22:28:29.799] [main/DEBUG] [mixin/]: MixinPlatformAgentMinecraftForge rejected container SecureJarResource(arclight)
[07Dec2025 22:28:29.799] [main/DEBUG] [mixin/]: Instancing new MixinPlatformAgentDefault for SecureJarResource(arclight)
[07Dec2025 22:28:29.799] [main/DEBUG] [mixin/]: MixinPlatformAgentDefault accepted container SecureJarResource(arclight)
[07Dec2025 22:28:29.799] [main/DEBUG] [mixin/]: Processing prepare() for PlatformAgent[MixinPlatformAgentDefault:SecureJarResource(arclight)]
[07Dec2025 22:28:29.799] [main/DEBUG] [mixin/]: inject() running with 9 agents
[07Dec2025 22:28:29.799] [main/DEBUG] [mixin/]: Processing inject() for PlatformAgent[MixinPlatformAgentDefault:ModLauncher Root Container(ModLauncher:4f56a0a2)]
[07Dec2025 22:28:29.799] [main/DEBUG] [mixin/]: Processing inject() for PlatformAgent[MixinPlatformAgentDefault:SecureJarResource(minecraft)]
[07Dec2025 22:28:29.799] [main/DEBUG] [mixin/]: Processing inject() for PlatformAgent[MixinPlatformAgentDefault:SecureJarResource(keys_remover)]
[07Dec2025 22:28:29.799] [main/DEBUG] [mixin/]: Processing inject() for PlatformAgent[MixinPlatformAgentDefault:SecureJarResource(plasmovoice)]
[07Dec2025 22:28:29.799] [main/DEBUG] [mixin/]: Processing inject() for PlatformAgent[MixinPlatformAgentDefault:SecureJarResource(thundernight)]
[07Dec2025 22:28:29.799] [main/DEBUG] [mixin/]: Processing inject() for PlatformAgent[MixinPlatformAgentDefault:SecureJarResource(forge)]
[07Dec2025 22:28:29.799] [main/DEBUG] [mixin/]: Processing inject() for PlatformAgent[MixinPlatformAgentDefault:SecureJarResource(healtem)]
[07Dec2025 22:28:29.800] [main/DEBUG] [mixin/]: Processing inject() for PlatformAgent[MixinPlatformAgentDefault:SecureJarResource(owleafutils)]
[07Dec2025 22:28:29.800] [main/DEBUG] [mixin/]: Processing inject() for PlatformAgent[MixinPlatformAgentDefault:SecureJarResource(arclight)]
[07Dec2025 22:28:29.823] [main/DEBUG] [mixin/]: Error cleaning class output directory: .mixin.out
[07Dec2025 22:28:29.825] [main/DEBUG] [mixin/]: Preparing mixins for MixinEnvironment[PREINIT]
[07Dec2025 22:28:29.833] [main/INFO] [mixin/]: Successfully loaded Mixin Connector [io.izzel.arclight.common.mod.ArclightConnector]
[07Dec2025 22:28:29.846] [main/DEBUG] [mixin/]: Registering new injector for @Inject with org.spongepowered.asm.mixin.injection.struct.CallbackInjectionInfo
[07Dec2025 22:28:29.848] [main/DEBUG] [mixin/]: Registering new injector for @ModifyArg with org.spongepowered.asm.mixin.injection.struct.ModifyArgInjectionInfo
[07Dec2025 22:28:29.849] [main/DEBUG] [mixin/]: Registering new injector for @ModifyArgs with org.spongepowered.asm.mixin.injection.struct.ModifyArgsInjectionInfo
[07Dec2025 22:28:29.850] [main/DEBUG] [mixin/]: Registering new injector for @Redirect with org.spongepowered.asm.mixin.injection.struct.RedirectInjectionInfo
[07Dec2025 22:28:29.852] [main/DEBUG] [mixin/]: Registering new injector for @ModifyVariable with org.spongepowered.asm.mixin.injection.struct.ModifyVariableInjectionInfo
[07Dec2025 22:28:29.853] [main/DEBUG] [mixin/]: Registering new injector for @ModifyConstant with org.spongepowered.asm.mixin.injection.struct.ModifyConstantInjectionInfo
[07Dec2025 22:28:29.854] [main/DEBUG] [mixin/]: Registering new injector for @Eject with io.izzel.arclight.mixin.injector.EjectorInfo
[07Dec2025 22:28:29.858] [main/DEBUG] [mixin/]: Compatibility level JAVA_17 specified by mixins.arclight.core.json is higher than the maximum level supported by this version of mixin (JAVA_13).
[07Dec2025 22:28:29.861] [main/INFO] [mixin/]: Compatibility level set to JAVA_17
[07Dec2025 22:28:29.864] [main/INFO] [Arclight/]: 核心 Mixin 配置已加载
[07Dec2025 22:28:29.865] [main/INFO] [Arclight/]: 服务端优化 Mixin 配置已加载
[07Dec2025 22:28:29.870] [main/INFO] [cpw.mods.modlauncher.LaunchServiceHandler/MODLAUNCHER]: Launching target 'arclightserver' with arguments [nogui]
[07Dec2025 22:28:29.873] [main/DEBUG] [mixin/]: Preparing mixins for MixinEnvironment[DEFAULT]
[07Dec2025 22:28:29.873] [main/DEBUG] [mixin/]: Selecting config plasmovoice.mixins.json
[07Dec2025 22:28:29.876] [main/DEBUG] [mixin/]: Selecting config slib.mixins.json
[07Dec2025 22:28:29.877] [main/DEBUG] [mixin/]: Selecting config slib-forge.mixins.json
[07Dec2025 22:28:29.878] [main/DEBUG] [mixin/]: Selecting config owleafutils.mixins.json
[07Dec2025 22:28:29.880] [main/WARN] [mixin/]: Reference map 'owleafutils.refmap.json' for owleafutils.mixins.json could not be read. If this is a development environment you can ignore this message
[07Dec2025 22:28:29.881] [main/DEBUG] [mixin/]: Selecting config mixins.arclight.core.json
[07Dec2025 22:28:29.947] [main/DEBUG] [mixin/]: Selecting config mixins.arclight.bukkit.json
[07Dec2025 22:28:29.961] [main/DEBUG] [mixin/]: Selecting config mixins.arclight.forge.json
[07Dec2025 22:28:29.970] [main/DEBUG] [mixin/]: Selecting config mixins.arclight.impl.forge.optimization.json
[07Dec2025 22:28:29.979] [main/DEBUG] [mixin/]: Preparing plasmovoice.mixins.json (9)
[07Dec2025 22:28:29.980] [main/DEBUG] [mixin/]: Preparing slib.mixins.json (2)
[07Dec2025 22:28:30.095] [main/DEBUG] [mixin/]: Preparing slib-forge.mixins.json (1)
[07Dec2025 22:28:30.113] [main/DEBUG] [mixin/]: Preparing owleafutils.mixins.json (0)
[07Dec2025 22:28:30.113] [main/DEBUG] [mixin/]: Preparing mixins.arclight.core.json (485)
[07Dec2025 22:28:30.575] [main/DEBUG] [net.minecraftforge.coremod.transformer.CoreModBaseTransformer/COREMOD]: Transforming net/minecraft/server/commands/SummonCommand
[07Dec2025 22:28:30.780] [main/DEBUG] [net.minecraftforge.coremod.transformer.CoreModBaseTransformer/COREMOD]: Transforming net/minecraft/world/entity/EntityType
[07Dec2025 22:28:30.937] [main/DEBUG] [net.minecraftforge.coremod.transformer.CoreModBaseTransformer/COREMOD]: Transforming net/minecraft/world/entity/animal/horse/SkeletonTrapGoal
[07Dec2025 22:28:30.977] [main/DEBUG] [net.minecraftforge.coremod.transformer.CoreModBaseTransformer/COREMOD]: Transforming net/minecraft/world/entity/ai/village/VillageSiege
[07Dec2025 22:28:31.071] [main/DEBUG] [net.minecraftforge.coremod.transformer.CoreModBaseTransformer/COREMOD]: Transforming net/minecraft/world/entity/animal/frog/Tadpole
[07Dec2025 22:28:31.110] [main/DEBUG] [Implementer/ASYNC_CATCHER]: Injecting net/minecraft/world/entity/LivingEntity/m_147207_(Lnet/minecraft/world/effect/MobEffectInstance;Lnet/minecraft/world/entity/Entity;)Z for reason effect add
[07Dec2025 22:28:31.113] [main/DEBUG] [Implementer/ASYNC_CATCHER]: Defined impl callback class net/minecraft/world/entity/LivingEntity$AsyncCatcher$0
[07Dec2025 22:28:31.242] [main/DEBUG] [net.minecraftforge.coremod.transformer.CoreModBaseTransformer/COREMOD]: Transforming net/minecraft/world/entity/monster/Evoker$EvokerSummonSpellGoal
[07Dec2025 22:28:31.271] [main/DEBUG] [net.minecraftforge.coremod.transformer.CoreModBaseTransformer/COREMOD]: Transforming net/minecraft/world/entity/monster/Spider
[07Dec2025 22:28:31.292] [main/DEBUG] [net.minecraftforge.coremod.transformer.CoreModBaseTransformer/COREMOD]: Transforming net/minecraft/world/entity/monster/Strider
[07Dec2025 22:28:31.355] [main/DEBUG] [net.minecraftforge.coremod.transformer.CoreModBaseTransformer/COREMOD]: Transforming net/minecraft/world/entity/monster/Zombie
[07Dec2025 22:28:31.424] [main/DEBUG] [net.minecraftforge.coremod.transformer.CoreModBaseTransformer/COREMOD]: Transforming net/minecraft/world/entity/monster/ZombieVillager
[07Dec2025 22:28:31.492] [main/DEBUG] [net.minecraftforge.coremod.transformer.CoreModBaseTransformer/COREMOD]: Transforming net/minecraft/world/entity/npc/Villager
[07Dec2025 22:28:31.672] [main/DEBUG] [net.minecraftforge.coremod.transformer.CoreModBaseTransformer/COREMOD]: Transforming net/minecraft/world/entity/raid/Raid
[07Dec2025 22:28:31.794] [main/DEBUG] [net.minecraftforge.coremod.transformer.CoreModBaseTransformer/COREMOD]: Transforming net/minecraft/world/level/levelgen/structure/structures/SwampHutPiece
[07Dec2025 22:28:31.865] [main/DEBUG] [net.minecraftforge.coremod.transformer.CoreModBaseTransformer/COREMOD]: Transforming net/minecraft/world/item/BucketItem
[07Dec2025 22:28:31.887] [main/DEBUG] [net.minecraftforge.coremod.transformer.CoreModBaseTransformer/COREMOD]: Transforming net/minecraft/world/item/ItemStack
[07Dec2025 22:28:31.954] [main/DEBUG] [mixin/]: @Mixin target net/minecraft/world/level/block/ChestBlock$2$1 is public in mixins.arclight.core.json:world.level.block.ChestBlock2_1Mixin and should be specified in value
[07Dec2025 22:28:31.962] [main/DEBUG] [mixin/]: @Mixin target net.minecraft.world.level.block.ComposterBlock$InputContainer is public in mixins.arclight.core.json:world.level.block.ComposterBlock_InputContainerMixin and should be specified in value
[07Dec2025 22:28:31.985] [main/DEBUG] [net.minecraftforge.coremod.transformer.CoreModBaseTransformer/COREMOD]: Transforming net/minecraft/world/level/block/LiquidBlock
[07Dec2025 22:28:32.059] [main/DEBUG] [mixin/]: @Mixin target net/minecraft/world/level/block/entity/LecternBlockEntity$1 is public in mixins.arclight.core.json:world.level.block.entity.LecternTileEntity1Mixin and should be specified in value
[07Dec2025 22:28:32.094] [main/DEBUG] [net.minecraftforge.coremod.transformer.CoreModBaseTransformer/COREMOD]: Transforming net/minecraft/world/level/levelgen/structure/templatesystem/StructureTemplate
[07Dec2025 22:28:32.405] [main/DEBUG] [net.minecraftforge.coremod.transformer.CoreModBaseTransformer/COREMOD]: Transforming net/minecraft/world/level/NaturalSpawner
[07Dec2025 22:28:32.463] [main/DEBUG] [net.minecraftforge.coremod.transformer.CoreModBaseTransformer/COREMOD]: Transforming net/minecraft/world/level/levelgen/PatrolSpawner
[07Dec2025 22:28:32.478] [main/DEBUG] [net.minecraftforge.coremod.transformer.CoreModBaseTransformer/COREMOD]: Transforming net/minecraft/world/level/levelgen/PhantomSpawner
[07Dec2025 22:28:32.501] [main/DEBUG] [mixin/]: Preparing mixins.arclight.bukkit.json (37)
[07Dec2025 22:28:32.790] [main/DEBUG] [mixin/]: Preparing mixins.arclight.forge.json (5)
[07Dec2025 22:28:32.847] [main/DEBUG] [mixin/]: Preparing mixins.arclight.impl.forge.optimization.json (24)
[07Dec2025 22:28:32.993] [main/DEBUG] [mixin/]: Inner class io/izzel/arclight/common/mixin/core/commands/CommandSource1Mixin$1 in io/izzel/arclight/common/mixin/core/commands/CommandSource1Mixin on net/minecraft/commands/CommandSource$1 gets unique name net/minecraft/commands/CommandSource$1$Anonymous$132d55d6ef3648799db5023def86fe2e
[07Dec2025 22:28:33.004] [main/DEBUG] [mixin/]: Inner class io/izzel/arclight/common/mixin/core/network/ServerLoginNetHandlerMixin$1SyncPreLogin in io/izzel/arclight/common/mixin/core/network/ServerLoginNetHandlerMixin on net/minecraft/server/network/ServerLoginPacketListenerImpl gets unique name net/minecraft/server/network/ServerLoginPacketListenerImpl$1SyncPreLogin$823d671ab02f44d89b62d5b2dff3f124
[07Dec2025 22:28:33.004] [main/DEBUG] [mixin/]: Inner class io/izzel/arclight/common/mixin/core/network/ServerLoginNetHandlerMixin$1Handler in io/izzel/arclight/common/mixin/core/network/ServerLoginNetHandlerMixin on net/minecraft/server/network/ServerLoginPacketListenerImpl gets unique name net/minecraft/server/network/ServerLoginPacketListenerImpl$1Handler$d5f2b6cb96a84d35b788e96c50f951e9
[07Dec2025 22:28:33.004] [main/DEBUG] [mixin/]: Inner class io/izzel/arclight/common/mixin/core/network/ServerLoginNetHandlerMixin$2Handler in io/izzel/arclight/common/mixin/core/network/ServerLoginNetHandlerMixin on net/minecraft/server/network/ServerLoginPacketListenerImpl gets unique name net/minecraft/server/network/ServerLoginPacketListenerImpl$2Handler$e9a78480b6f5451795bf813666ce0e60
[07Dec2025 22:28:33.049] [main/DEBUG] [mixin/]: Inner class io/izzel/arclight/common/mixin/core/network/ServerPlayNetHandlerMixin$1 in io/izzel/arclight/common/mixin/core/network/ServerPlayNetHandlerMixin on net/minecraft/server/network/ServerGamePacketListenerImpl gets unique name net/minecraft/server/network/ServerGamePacketListenerImpl$Anonymous$0ad58e1f9c404588908968ae8ba416d7
[07Dec2025 22:28:33.049] [main/DEBUG] [mixin/]: Inner class io/izzel/arclight/common/mixin/core/network/ServerPlayNetHandlerMixin$1Handler in io/izzel/arclight/common/mixin/core/network/ServerPlayNetHandlerMixin on net/minecraft/server/network/ServerGamePacketListenerImpl gets unique name net/minecraft/server/network/ServerGamePacketListenerImpl$1Handler$e34b1d519d4a4e02a029119b9682b32f
[07Dec2025 22:28:33.049] [main/DEBUG] [mixin/]: Inner class io/izzel/arclight/common/mixin/core/network/ServerPlayNetHandlerMixin$1SyncChat in io/izzel/arclight/common/mixin/core/network/ServerPlayNetHandlerMixin on net/minecraft/server/network/ServerGamePacketListenerImpl gets unique name net/minecraft/server/network/ServerGamePacketListenerImpl$1SyncChat$92cecdde3a694b58b8046c8c192fa6de
[07Dec2025 22:28:33.053] [main/DEBUG] [mixin/]: Inner class io/izzel/arclight/common/mixin/core/network/chat/ComponentMixin$1Func in io/izzel/arclight/common/mixin/core/network/chat/ComponentMixin on net/minecraft/network/chat/Component gets unique name net/minecraft/network/chat/Component$1Func$ebf308976aac4c3d8acaaf7ac9520d77
[07Dec2025 22:28:33.055] [main/DEBUG] [mixin/]: Inner class io/izzel/arclight/common/mixin/core/server/BootstrapMixin$1TrickSet in io/izzel/arclight/common/mixin/core/server/BootstrapMixin on net/minecraft/server/Bootstrap gets unique name net/minecraft/server/Bootstrap$1TrickSet$93588e94bb1e4574ade98ae18ea3552d
[07Dec2025 22:28:33.189] [main/DEBUG] [mixin/]: Inner class io/izzel/arclight/common/mixin/core/world/inventory/ContainerLevelAccessMixin$1Anonymous in io/izzel/arclight/common/mixin/core/world/inventory/ContainerLevelAccessMixin on net/minecraft/world/inventory/ContainerLevelAccess gets unique name net/minecraft/world/inventory/ContainerLevelAccess$1Anonymous$028d6af6ed6d4761bafd766327178d0c
[07Dec2025 22:28:33.210] [main/DEBUG] [mixin/]: Inner class io/izzel/arclight/common/mixin/core/world/level/block/PistonBlockMixin$1BlockList in io/izzel/arclight/common/mixin/core/world/level/block/PistonBlockMixin on net/minecraft/world/level/block/piston/PistonBaseBlock gets unique name net/minecraft/world/level/block/piston/PistonBaseBlock$1BlockList$bc9493688f624f9493871925c47ae50e
[07Dec2025 22:28:33.272] [main/DEBUG] [mixin/]: Prepared 554 mixins in 3.398 sec (6.1ms avg) (0ms load, 0ms transform, 0ms plugin)
[07Dec2025 22:28:33.287] [main/DEBUG] [mixin/]: Mixing server.MinecraftServerMixin from mixins.arclight.core.json into net.minecraft.server.MinecraftServer
[07Dec2025 22:28:33.835] [main/DEBUG] [mixin/]: Mixing commands.CommandSourceMixin from mixins.arclight.core.json into net.minecraft.commands.CommandSource
[07Dec2025 22:28:33.844] [main/DEBUG] [mixin/]: Mixing server.dedicated.DedicatedServerMixin from mixins.arclight.core.json into net.minecraft.server.dedicated.DedicatedServer
[07Dec2025 22:28:33.845] [main/DEBUG] [mixin/]: Renaming synthetic method lambda$runCommand$0(Ljava/lang/String;)V to md2792bd$lambda$runCommand$0$0 in mixins.arclight.core.json:server.dedicated.DedicatedServerMixin
[07Dec2025 22:28:33.934] [main/DEBUG] [mixin/]: Mixing world.storage.LevelStorageSource_LevelStorageAccessMixin from mixins.arclight.core.json into net.minecraft.world.level.storage.LevelStorageSource$LevelStorageAccess
[07Dec2025 22:28:33.966] [main/DEBUG] [io.netty.util.internal.logging.InternalLoggerFactory/]: Using SLF4J as the default logging framework
[07Dec2025 22:28:33.968] [main/DEBUG] [io.netty.util.ResourceLeakDetector/]: -Dio.netty.leakDetection.level: simple
[07Dec2025 22:28:33.968] [main/DEBUG] [io.netty.util.ResourceLeakDetector/]: -Dio.netty.leakDetection.targetRecords: 4
[07Dec2025 22:28:33.976] [main/DEBUG] [mixin/]: Mixing network.chat.ComponentMixin from mixins.arclight.core.json into net.minecraft.network.chat.Component
[07Dec2025 22:28:33.999] [main/DEBUG] [mixin/]: Mixing network.chat.StyleMixin from mixins.arclight.core.json into net.minecraft.network.chat.Style
[07Dec2025 22:28:34.021] [main/DEBUG] [mixin/]: Mixing network.chat.TextColorMixin from mixins.arclight.core.json into net.minecraft.network.chat.TextColor
[07Dec2025 22:28:34.267] [main/DEBUG] [oshi.util.FileUtil/]: No oshi.properties file found from ClassLoader cpw.mods.modlauncher.TransformingClassLoader@5a1f778
[07Dec2025 22:28:34.268] [main/DEBUG] [oshi.util.FileUtil/]: No oshi.properties file found from ClassLoader jdk.internal.loader.ClassLoaders$AppClassLoader@639fee48
[07Dec2025 22:28:34.283] [main/DEBUG] [com.sun.jna.Native/]: Looking in classpath from cpw.mods.cl.ModuleClassLoader@32eff876 for /com/sun/jna/linux-x86-64/libjnidispatch.so
[07Dec2025 22:28:34.284] [main/DEBUG] [com.sun.jna.Native/]: Found library resource at union:/workspaces/serveralpaca/servidor_minecraft/libraries/net/java/dev/jna/jna/5.12.1/jna-5.12.1.jar%23125!/com/sun/jna/linux-x86-64/libjnidispatch.so
[07Dec2025 22:28:34.286] [main/DEBUG] [com.sun.jna.Native/]: Extracting library to /home/codespace/.cache/JNA/temp/jna6272917640374135959.tmp
[07Dec2025 22:28:34.286] [main/DEBUG] [com.sun.jna.Native/]: Trying /home/codespace/.cache/JNA/temp/jna6272917640374135959.tmp
[07Dec2025 22:28:34.288] [main/DEBUG] [com.sun.jna.Native/]: Found jnidispatch at /home/codespace/.cache/JNA/temp/jna6272917640374135959.tmp
[07Dec2025 22:28:34.311] [main/DEBUG] [com.sun.jna.NativeLibrary/]: Looking for library 'udev'
[07Dec2025 22:28:34.311] [main/DEBUG] [com.sun.jna.NativeLibrary/]: Adding paths from jna.library.path: null
[07Dec2025 22:28:34.311] [main/DEBUG] [com.sun.jna.NativeLibrary/]: Trying libudev.so
[07Dec2025 22:28:34.311] [main/DEBUG] [com.sun.jna.NativeLibrary/]: Loading failed with message: libudev.so: cannot open shared object file: No such file or directory
[07Dec2025 22:28:34.311] [main/DEBUG] [com.sun.jna.NativeLibrary/]: Adding system paths: [/usr/lib/x86_64-linux-gnu, /lib/x86_64-linux-gnu, /usr/lib64, /lib64, /usr/lib, /lib, /lib32]
[07Dec2025 22:28:34.311] [main/DEBUG] [com.sun.jna.NativeLibrary/]: Trying libudev.so
[07Dec2025 22:28:34.312] [main/DEBUG] [com.sun.jna.NativeLibrary/]: Loading failed with message: libudev.so: cannot open shared object file: No such file or directory
[07Dec2025 22:28:34.312] [main/DEBUG] [com.sun.jna.NativeLibrary/]: Looking for version variants
[07Dec2025 22:28:34.315] [main/DEBUG] [com.sun.jna.NativeLibrary/]: Trying /usr/lib/x86_64-linux-gnu/libudev.so.1.7.8
[07Dec2025 22:28:34.349] [main/DEBUG] [com.sun.jna.NativeLibrary/]: Found library 'udev' at /usr/lib/x86_64-linux-gnu/libudev.so.1.7.8
[07Dec2025 22:28:34.354] [main/DEBUG] [oshi.util.FileUtil/]: Reading file /proc/self/auxv
[07Dec2025 22:28:34.355] [main/DEBUG] [oshi.util.FileUtil/]: Reading file /proc/self/auxv
[07Dec2025 22:28:34.358] [main/DEBUG] [oshi.util.FileUtil/]: Reading file /proc/stat
[07Dec2025 22:28:34.365] [main/DEBUG] [oshi.util.FileUtil/]: Reading file /sys/devices/system/cpu/cpu0/topology/core_id
[07Dec2025 22:28:34.365] [main/DEBUG] [oshi.util.FileUtil/]: Reading file /sys/devices/system/cpu/cpu0/topology/core_id
[07Dec2025 22:28:34.365] [main/DEBUG] [oshi.util.FileUtil/]: Reading file /sys/devices/system/cpu/cpu0/topology/physical_package_id
[07Dec2025 22:28:34.365] [main/DEBUG] [oshi.util.FileUtil/]: Reading file /sys/devices/system/cpu/cpu0/topology/physical_package_id
[07Dec2025 22:28:34.365] [main/DEBUG] [oshi.util.FileUtil/]: Reading file /sys/devices/system/cpu/cpu0/cpu_capacity
[07Dec2025 22:28:34.366] [main/DEBUG] [oshi.util.FileUtil/]: Reading file /sys/devices/system/cpu/cpu1/topology/core_id
[07Dec2025 22:28:34.366] [main/DEBUG] [oshi.util.FileUtil/]: Reading file /sys/devices/system/cpu/cpu1/topology/core_id
[07Dec2025 22:28:34.366] [main/DEBUG] [oshi.util.FileUtil/]: Reading file /sys/devices/system/cpu/cpu1/topology/physical_package_id
[07Dec2025 22:28:34.366] [main/DEBUG] [oshi.util.FileUtil/]: Reading file /sys/devices/system/cpu/cpu1/topology/physical_package_id
[07Dec2025 22:28:34.367] [main/DEBUG] [oshi.util.FileUtil/]: Reading file /sys/devices/system/cpu/cpu1/cpu_capacity
[07Dec2025 22:28:34.367] [main/DEBUG] [oshi.util.FileUtil/]: Reading file /sys/devices/system/cpu/cpu2/topology/core_id
[07Dec2025 22:28:34.367] [main/DEBUG] [oshi.util.FileUtil/]: Reading file /sys/devices/system/cpu/cpu2/topology/core_id
[07Dec2025 22:28:34.367] [main/DEBUG] [oshi.util.FileUtil/]: Reading file /sys/devices/system/cpu/cpu2/topology/physical_package_id
[07Dec2025 22:28:34.367] [main/DEBUG] [oshi.util.FileUtil/]: Reading file /sys/devices/system/cpu/cpu2/topology/physical_package_id
[07Dec2025 22:28:34.367] [main/DEBUG] [oshi.util.FileUtil/]: Reading file /sys/devices/system/cpu/cpu2/cpu_capacity
[07Dec2025 22:28:34.368] [main/DEBUG] [oshi.util.FileUtil/]: Reading file /sys/devices/system/cpu/cpu3/topology/core_id
[07Dec2025 22:28:34.368] [main/DEBUG] [oshi.util.FileUtil/]: Reading file /sys/devices/system/cpu/cpu3/topology/core_id
[07Dec2025 22:28:34.369] [main/DEBUG] [oshi.util.FileUtil/]: Reading file /sys/devices/system/cpu/cpu3/topology/physical_package_id
[07Dec2025 22:28:34.369] [main/DEBUG] [oshi.util.FileUtil/]: Reading file /sys/devices/system/cpu/cpu3/topology/physical_package_id
[07Dec2025 22:28:34.369] [main/DEBUG] [oshi.util.FileUtil/]: Reading file /sys/devices/system/cpu/cpu3/cpu_capacity
[07Dec2025 22:28:34.371] [main/DEBUG] [oshi.util.FileUtil/]: Reading file /proc/cpuinfo
[07Dec2025 22:28:34.380] [main/DEBUG] [oshi.util.FileUtil/]: Reading file /proc/self/auxv
[07Dec2025 22:28:34.381] [main/DEBUG] [oshi.util.FileUtil/]: No oshi.architecture.properties file found from ClassLoader cpw.mods.modlauncher.TransformingClassLoader@5a1f778
[07Dec2025 22:28:34.381] [main/DEBUG] [oshi.util.FileUtil/]: No oshi.architecture.properties file found from ClassLoader jdk.internal.loader.ClassLoaders$AppClassLoader@639fee48
[07Dec2025 22:28:34.393] [main/DEBUG] [oshi.util.FileUtil/]: Reading file /proc/meminfo
[07Dec2025 22:28:34.393] [main/DEBUG] [oshi.util.FileUtil/]: Reading file /proc/meminfo
[07Dec2025 22:28:34.419] [main/DEBUG] [mixin/]: Mixing server.BootstrapMixin from mixins.arclight.core.json into net.minecraft.server.Bootstrap
[07Dec2025 22:28:34.608] [main/DEBUG] [mixin/]: Mixing world.level.block.BlockMixin from mixins.arclight.core.json into net.minecraft.world.level.block.Block
[07Dec2025 22:28:34.653] [main/DEBUG] [mixin/]: Mixing world.level.block.state.BlockBehaviourMixin from mixins.arclight.core.json into net.minecraft.world.level.block.state.BlockBehaviour
[07Dec2025 22:28:34.654] [main/DEBUG] [Implementer/ASYNC_CATCHER]: Injecting net/minecraft/world/level/block/state/BlockBehaviour/m_6807_(Lnet/minecraft/world/level/block/state/BlockState;Lnet/minecraft/world/level/Level;Lnet/minecraft/core/BlockPos;Lnet/minecraft/world/level/block/state/BlockState;Z)V for reason block place
[07Dec2025 22:28:34.654] [main/DEBUG] [Implementer/ASYNC_CATCHER]: Defined impl callback class net/minecraft/world/level/block/state/BlockBehaviour$AsyncCatcher$1
[07Dec2025 22:28:34.654] [main/DEBUG] [Implementer/ASYNC_CATCHER]: Injecting net/minecraft/world/level/block/state/BlockBehaviour/m_6810_(Lnet/minecraft/world/level/block/state/BlockState;Lnet/minecraft/world/level/Level;Lnet/minecraft/core/BlockPos;Lnet/minecraft/world/level/block/state/BlockState;Z)V for reason block remove
[07Dec2025 22:28:34.654] [main/DEBUG] [Implementer/ASYNC_CATCHER]: Defined impl callback class net/minecraft/world/level/block/state/BlockBehaviour$AsyncCatcher$2
[07Dec2025 22:28:34.660] [main/DEBUG] [mixin/]: Mixing world.level.block.state.BlockBehaviour_BlockStateBaseMixin from mixins.arclight.core.json into net.minecraft.world.level.block.state.BlockBehaviour$BlockStateBase
[07Dec2025 22:28:34.673] [main/DEBUG] [mixin/]: Mixing world.entity.EntityMixin from mixins.arclight.core.json into net.minecraft.world.entity.Entity
[07Dec2025 22:28:34.681] [main/DEBUG] [mixin/]: Renaming synthetic method lambda$findDimensionEntryPoint$3(Lorg/bukkit/craftbukkit/v1_20_R1/event/CraftPortalEvent;Lnet/minecraft/server/level/ServerLevel;Lnet/minecraft/BlockUtil$FoundRectangle;)Lnet/minecraft/world/level/portal/PortalInfo; to md2792bd$lambda$findDimensionEntryPoint$3$0 in mixins.arclight.core.json:world.entity.EntityMixin
[07Dec2025 22:28:34.681] [main/DEBUG] [mixin/]: Renaming synthetic method lambda$findDimensionEntryPoint$2(Lnet/minecraft/world/level/block/state/BlockState;Lnet/minecraft/core/BlockPos;)Z to md2792bd$lambda$findDimensionEntryPoint$2$1 in mixins.arclight.core.json:world.entity.EntityMixin
[07Dec2025 22:28:34.681] [main/DEBUG] [mixin/]: Renaming synthetic method lambda$changeDimension$1(Lnet/minecraft/server/level/ServerLevel;Lnet/minecraft/world/level/portal/PortalInfo;Ljava/lang/Boolean;)Lnet/minecraft/world/entity/Entity; to md2792bd$lambda$changeDimension$1$2 in mixins.arclight.core.json:world.entity.EntityMixin
[07Dec2025 22:28:34.681] [main/DEBUG] [mixin/]: Renaming synthetic method lambda$removePassenger$0(Lnet/minecraft/world/entity/Entity;Lnet/minecraft/world/entity/Entity;)Z to md2792bd$lambda$removePassenger$0$3 in mixins.arclight.core.json:world.entity.EntityMixin
[07Dec2025 22:28:34.806] [main/DEBUG] [mixin/]: Mixing EntityMixin_Optimize from mixins.arclight.impl.forge.optimization.json into net.minecraft.world.entity.Entity
[07Dec2025 22:28:34.811] [main/DEBUG] [mixin/]: Mixing activationrange.EntityMixin_ActivationRange from mixins.arclight.impl.forge.optimization.json into net.minecraft.world.entity.Entity
[07Dec2025 22:28:34.962] [main/DEBUG] [Implementer/SWITCH_TABLE]: Candidate switch enum method $SWITCH_TABLE$org$bukkit$TreeType()[I class org/bukkit/craftbukkit/v1_20_R1/CraftRegionAccessor
[07Dec2025 22:28:34.974] [main/DEBUG] [mixin/]: Mixing world.entity.LivingEntityMixin from mixins.arclight.core.json into net.minecraft.world.entity.LivingEntity
[07Dec2025 22:28:34.980] [main/DEBUG] [mixin/]: Renaming synthetic method lambda$damageEntity0$8(Ljava/lang/Double;)Ljava/lang/Double; to md2792bd$lambda$damageEntity0$8$0 in mixins.arclight.core.json:world.entity.LivingEntityMixin
[07Dec2025 22:28:34.980] [main/DEBUG] [mixin/]: Renaming synthetic method lambda$damageEntity0$7(Lnet/minecraft/world/damagesource/DamageSource;Ljava/lang/Double;)Ljava/lang/Double; to md2792bd$lambda$damageEntity0$7$1 in mixins.arclight.core.json:world.entity.LivingEntityMixin
[07Dec2025 22:28:34.981] [main/DEBUG] [mixin/]: Renaming synthetic method lambda$damageEntity0$6(Lnet/minecraft/world/damagesource/DamageSource;Ljava/lang/Double;)Ljava/lang/Double; to md2792bd$lambda$damageEntity0$6$2 in mixins.arclight.core.json:world.entity.LivingEntityMixin
[07Dec2025 22:28:34.981] [main/DEBUG] [mixin/]: Renaming synthetic method lambda$damageEntity0$5(Lnet/minecraft/world/damagesource/DamageSource;Ljava/lang/Double;)Ljava/lang/Double; to md2792bd$lambda$damageEntity0$5$3 in mixins.arclight.core.json:world.entity.LivingEntityMixin
[07Dec2025 22:28:34.981] [main/DEBUG] [mixin/]: Renaming synthetic method lambda$damageEntity0$4(Ljava/lang/Double;)Ljava/lang/Double; to md2792bd$lambda$damageEntity0$4$4 in mixins.arclight.core.json:world.entity.LivingEntityMixin
[07Dec2025 22:28:34.981] [main/DEBUG] [mixin/]: Renaming synthetic method lambda$damageEntity0$3(Ljava/lang/Double;)Ljava/lang/Double; to md2792bd$lambda$damageEntity0$3$5 in mixins.arclight.core.json:world.entity.LivingEntityMixin
[07Dec2025 22:28:34.981] [main/DEBUG] [mixin/]: Renaming synthetic method lambda$damageEntity0$2(FLjava/lang/Double;)Ljava/lang/Double; to md2792bd$lambda$damageEntity0$2$6 in mixins.arclight.core.json:world.entity.LivingEntityMixin
[07Dec2025 22:28:34.981] [main/DEBUG] [mixin/]: Renaming synthetic method lambda$damageEntity0$1(Lnet/minecraft/world/damagesource/DamageSource;Ljava/lang/Double;)Ljava/lang/Double; to md2792bd$lambda$damageEntity0$1$7 in mixins.arclight.core.json:world.entity.LivingEntityMixin
[07Dec2025 22:28:34.982] [main/DEBUG] [net.minecraftforge.coremod.transformer.CoreModBaseTransformer/COREMOD]: Transforming net/minecraft/world/effect/MobEffectInstance
[07Dec2025 22:28:34.987] [main/DEBUG] [mixin/]: Renaming synthetic method lambda$tickEffects$0(Lnet/minecraft/world/effect/MobEffectInstance;)V to md2792bd$lambda$tickEffects$0$8 in mixins.arclight.core.json:world.entity.LivingEntityMixin
[07Dec2025 22:28:35.131] [main/DEBUG] [mixin/]: Mixing activationrange.entity.LivingEntityMixin_ActivationRange from mixins.arclight.impl.forge.optimization.json into net.minecraft.world.entity.LivingEntity
[07Dec2025 22:28:35.132] [main/DEBUG] [mixin/]: Mixing world.entity.LivingEntityMixin$ApotheosisCompatMixin from mixins.arclight.core.json into net.minecraft.world.entity.LivingEntity
[07Dec2025 22:28:35.133] [main/DEBUG] [mixin/]: Mixing world.entity.LivingEntityMixin$ObscureApiCompat from mixins.arclight.core.json into net.minecraft.world.entity.LivingEntity
[07Dec2025 22:28:35.325] [main/DEBUG] [Implementer/ASYNC_CATCHER]: Injecting net/minecraft/world/entity/LivingEntity/m_147207_(Lnet/minecraft/world/effect/MobEffectInstance;Lnet/minecraft/world/entity/Entity;)Z for reason effect add
[07Dec2025 22:28:35.325] [main/DEBUG] [Implementer/ASYNC_CATCHER]: Defined impl callback class net/minecraft/world/entity/LivingEntity$AsyncCatcher$3
[07Dec2025 22:28:35.337] [main/DEBUG] [mixin/]: Mixing world.BlockGetterMixin from mixins.arclight.core.json into net.minecraft.world.level.BlockGetter
[07Dec2025 22:28:35.352] [main/DEBUG] [mixin/]: Mixing world.level.LevelMixin from mixins.arclight.core.json into net.minecraft.world.level.Level
[07Dec2025 22:28:35.423] [main/DEBUG] [mixin/]: Mixing world.IWorldMixin from mixins.arclight.core.json into net.minecraft.world.level.LevelAccessor
[07Dec2025 22:28:35.427] [main/DEBUG] [mixin/]: Mixing world.IWorldWriterMixin from mixins.arclight.core.json into net.minecraft.world.level.LevelWriter
[07Dec2025 22:28:35.433] [main/DEBUG] [mixin/]: Mixing server.level.ServerLevelMixin from mixins.arclight.core.json into net.minecraft.server.level.ServerLevel
[07Dec2025 22:28:35.437] [main/DEBUG] [mixin/]: Renaming synthetic method lambda$makeObsidianPlatform$4(Lorg/bukkit/craftbukkit/v1_20_R1/util/BlockStateListPopulator;Lnet/minecraft/core/BlockPos;)V to md2792bd$lambda$makeObsidianPlatform$4$0 in mixins.arclight.core.json:server.level.ServerLevelMixin
[07Dec2025 22:28:35.437] [main/DEBUG] [mixin/]: Renaming synthetic method lambda$makeObsidianPlatform$3(Lorg/bukkit/craftbukkit/v1_20_R1/util/BlockStateListPopulator;Lnet/minecraft/core/BlockPos;)V to md2792bd$lambda$makeObsidianPlatform$3$1 in mixins.arclight.core.json:server.level.ServerLevelMixin
[07Dec2025 22:28:35.437] [main/DEBUG] [mixin/]: Renaming synthetic method lambda$getMapData$2(Ljava/lang/String;Lnet/minecraft/nbt/CompoundTag;)Lnet/minecraft/world/level/saveddata/maps/MapItemSavedData; to md2792bd$lambda$getMapData$2$2 in mixins.arclight.core.json:server.level.ServerLevelMixin
[07Dec2025 22:28:35.437] [main/DEBUG] [mixin/]: Renaming synthetic method lambda$arclight$savePdc$1()Lio/izzel/arclight/common/mod/server/world/LevelPersistentData; to md2792bd$lambda$arclight$savePdc$1$3 in mixins.arclight.core.json:server.level.ServerLevelMixin
[07Dec2025 22:28:35.437] [main/DEBUG] [mixin/]: Renaming synthetic method lambda$arclight$init$0()Lio/izzel/arclight/common/mod/server/world/LevelPersistentData; to md2792bd$lambda$arclight$init$0$4 in mixins.arclight.core.json:server.level.ServerLevelMixin
[07Dec2025 22:28:35.498] [main/DEBUG] [mixin/]: Mixing activationrange.ServerWorldMixin_ActivationRange from mixins.arclight.impl.forge.optimization.json into net.minecraft.server.level.ServerLevel
[07Dec2025 22:28:35.570] [main/DEBUG] [Implementer/ASYNC_CATCHER]: Injecting net/minecraft/server/level/ServerLevel/m_8872_(Lnet/minecraft/world/entity/Entity;)Z for reason entity add
[07Dec2025 22:28:35.570] [main/DEBUG] [Implementer/ASYNC_CATCHER]: Bridge method net/minecraft/server/level/ServerLevel/m_8872_$asyncCatcher$4(Lnet/minecraft/world/entity/Entity;)Z created
[07Dec2025 22:28:35.570] [main/DEBUG] [Implementer/ASYNC_CATCHER]: Defined impl callback class net/minecraft/server/level/ServerLevel$AsyncCatcher$5
[07Dec2025 22:28:35.570] [main/DEBUG] [Implementer/ASYNC_CATCHER]: Injecting net/minecraft/server/level/ServerLevel/m_142646_()Lnet/minecraft/world/level/entity/LevelEntityGetter; for reason chunk entity get
[07Dec2025 22:28:35.571] [main/DEBUG] [Implementer/ASYNC_CATCHER]: Defined impl callback class net/minecraft/server/level/ServerLevel$AsyncCatcher$6
[07Dec2025 22:28:35.580] [main/DEBUG] [mixin/]: Mixing world.IServerWorldMixin from mixins.arclight.core.json into net.minecraft.world.level.ServerLevelAccessor
[07Dec2025 22:28:35.590] [main/DEBUG] [mixin/]: Mixing world.entity.item.ItemEntityMixin from mixins.arclight.core.json into net.minecraft.world.entity.item.ItemEntity
[07Dec2025 22:28:35.603] [main/DEBUG] [mixin/]: Mixing activationrange.entity.ItemEntityMixin_ActivationRange from mixins.arclight.impl.forge.optimization.json into net.minecraft.world.entity.item.ItemEntity
[07Dec2025 22:28:35.608] [main/DEBUG] [mixin/]: Mixing realtime.ItemEntityMixin_Realtime from mixins.arclight.impl.forge.optimization.json into net.minecraft.world.entity.item.ItemEntity
[07Dec2025 22:28:35.639] [main/DEBUG] [mixin/]: Mixing world.entity.player.PlayerMixin from mixins.arclight.core.json into net.minecraft.world.entity.player.Player
[07Dec2025 22:28:35.641] [main/DEBUG] [mixin/]: Renaming synthetic method lambda$respawnEntityOnShoulder$0(Lnet/minecraft/world/entity/Entity;)Ljava/lang/Boolean; to md2792bd$lambda$respawnEntityOnShoulder$0$0 in mixins.arclight.core.json:world.entity.player.PlayerMixin
[07Dec2025 22:28:35.840] [main/DEBUG] [Implementer/SWITCH_TABLE]: Candidate switch enum method $SWITCH_TABLE$net$minecraft$core$EnumDirection()[I class org/bukkit/craftbukkit/v1_20_R1/block/CraftBlock
[07Dec2025 22:28:35.840] [main/DEBUG] [Implementer/SWITCH_TABLE]: Candidate switch enum method $SWITCH_TABLE$org$bukkit$block$BlockFace()[I class org/bukkit/craftbukkit/v1_20_R1/block/CraftBlock
[07Dec2025 22:28:35.869] [main/DEBUG] [net.minecraftforge.coremod.transformer.CoreModBaseTransformer/COREMOD]: Transforming net/minecraft/world/entity/EntityType
[07Dec2025 22:28:35.894] [main/DEBUG] [mixin/]: Mixing world.entity.EntityTypeMixin from mixins.arclight.core.json into net.minecraft.world.entity.EntityType
[07Dec2025 22:28:35.909] [main/DEBUG] [mixin/]: Mixing world.effect.MobEffectMixin from mixins.arclight.core.json into net.minecraft.world.effect.MobEffect
[07Dec2025 22:28:35.930] [main/DEBUG] [mixin/]: Mixing world.inventory.ContainerTypeMixin from mixins.arclight.core.json into net.minecraft.world.inventory.MenuType
[07Dec2025 22:28:35.930] [main/DEBUG] [mixin/]: Renaming synthetic method lambda$arclight$replaceLectern$0(ILnet/minecraft/world/entity/player/Inventory;)Lnet/minecraft/world/inventory/AbstractContainerMenu; to md2792bd$lambda$arclight$replaceLectern$0$0 in mixins.arclight.core.json:world.inventory.ContainerTypeMixin
[07Dec2025 22:28:35.974] [main/DEBUG] [mixin/]: Mixing world.level.block.FireBlockMixin from mixins.arclight.core.json into net.minecraft.world.level.block.FireBlock
[07Dec2025 22:28:35.996] [main/DEBUG] [mixin/]: Mixing world.level.block.BaseFireBlockMixin from mixins.arclight.core.json into net.minecraft.world.level.block.BaseFireBlock
[07Dec2025 22:28:36.014] [main/DEBUG] [mixin/]: Mixing VoxelShapesMixin from mixins.arclight.impl.forge.optimization.json into net.minecraft.world.phys.shapes.Shapes
[07Dec2025 22:28:36.168] [main/DEBUG] [Implementer/SWITCH_TABLE]: Candidate switch enum method <clinit>()V class net/minecraft/core/Direction$1
[07Dec2025 22:28:36.318] [main/DEBUG] [mixin/]: Mixing world.level.block.SpreadableSnowyDirtBlockMixin from mixins.arclight.core.json into net.minecraft.world.level.block.SpreadingSnowyDirtBlock
[07Dec2025 22:28:36.324] [main/DEBUG] [mixin/]: Mixing world.level.block.SaplingBlockMixin from mixins.arclight.core.json into net.minecraft.world.level.block.SaplingBlock
[07Dec2025 22:28:36.326] [main/DEBUG] [mixin/]: Mixing world.level.block.BushBlockMixin from mixins.arclight.core.json into net.minecraft.world.level.block.BushBlock
[07Dec2025 22:28:36.333] [main/DEBUG] [net.minecraftforge.coremod.transformer.CoreModBaseTransformer/COREMOD]: Transforming net/minecraft/world/level/block/LiquidBlock
[07Dec2025 22:28:36.333] [main/DEBUG] [mixin/]: Mixing world.level.block.LiquidBlockMixin from mixins.arclight.core.json into net.minecraft.world.level.block.LiquidBlock
[07Dec2025 22:28:36.338] [main/DEBUG] [mixin/]: Mixing world.level.block.FallingBlockMixin from mixins.arclight.core.json into net.minecraft.world.level.block.FallingBlock
[07Dec2025 22:28:36.344] [main/DEBUG] [mixin/]: Mixing world.level.block.LeavesBlockMixin from mixins.arclight.core.json into net.minecraft.world.level.block.LeavesBlock
[07Dec2025 22:28:36.350] [main/DEBUG] [mixin/]: Mixing world.level.block.SpongeBlockMixin from mixins.arclight.core.json into net.minecraft.world.level.block.SpongeBlock
[07Dec2025 22:28:36.350] [main/DEBUG] [mixin/]: Renaming synthetic method lambda$removeWaterBreadthFirstSearch$1(Lnet/minecraft/core/BlockPos;Lorg/bukkit/craftbukkit/v1_20_R1/util/BlockStateListPopulator;Lnet/minecraft/core/BlockPos;)Z to md2792bd$lambda$removeWaterBreadthFirstSearch$1$0 in mixins.arclight.core.json:world.level.block.SpongeBlockMixin
[07Dec2025 22:28:36.351] [main/DEBUG] [mixin/]: Renaming synthetic method lambda$removeWaterBreadthFirstSearch$0(Lnet/minecraft/core/BlockPos;Ljava/util/function/Consumer;)V to md2792bd$lambda$removeWaterBreadthFirstSearch$0$1 in mixins.arclight.core.json:world.level.block.SpongeBlockMixin
[07Dec2025 22:28:36.376] [main/DEBUG] [mixin/]: Mixing world.level.block.DispenserBlockMixin_Accessor from mixins.arclight.core.json into net.minecraft.world.level.block.DispenserBlock
[07Dec2025 22:28:36.376] [main/DEBUG] [mixin/]: Renaming @Accessor method getDispenseBehaviorRegistry()Ljava/util/Map; to getDispenseBehaviorRegistry_$md$2792bd$0 in mixins.arclight.core.json:world.level.block.DispenserBlockMixin_Accessor
[07Dec2025 22:28:36.378] [main/DEBUG] [mixin/]: Mixing world.level.block.NoteBlockMixin from mixins.arclight.core.json into net.minecraft.world.level.block.NoteBlock
[07Dec2025 22:28:36.384] [main/DEBUG] [mixin/]: Mixing world.level.block.BedBlockMixin from mixins.arclight.core.json into net.minecraft.world.level.block.BedBlock
[07Dec2025 22:28:36.385] [main/DEBUG] [mixin/]: Renaming synthetic method lambda$use$0(Lnet/minecraft/world/level/Level;Lnet/minecraft/core/BlockPos;Lnet/minecraft/world/level/block/state/BlockState;Lnet/minecraft/world/entity/player/Player;Lnet/minecraft/world/entity/player/Player$BedSleepingProblem;)V to md2792bd$lambda$use$0$0 in mixins.arclight.core.json:world.level.block.BedBlockMixin
[07Dec2025 22:28:36.402] [main/DEBUG] [mixin/]: Mixing world.level.block.PoweredRailBlockMixin from mixins.arclight.core.json into net.minecraft.world.level.block.PoweredRailBlock
[07Dec2025 22:28:36.409] [main/DEBUG] [mixin/]: Mixing world.level.block.DetectorRailBlockMixin from mixins.arclight.core.json into net.minecraft.world.level.block.DetectorRailBlock
[07Dec2025 22:28:36.415] [main/DEBUG] [mixin/]: Mixing world.level.block.PistonBlockMixin from mixins.arclight.core.json into net.minecraft.world.level.block.piston.PistonBaseBlock
[07Dec2025 22:28:36.439] [main/DEBUG] [mixin/]: Mixing world.level.block.DoublePlantBlockMixin from mixins.arclight.core.json into net.minecraft.world.level.block.DoublePlantBlock
[07Dec2025 22:28:36.444] [main/DEBUG] [mixin/]: Mixing world.level.block.WitherRoseBlockMixin from mixins.arclight.core.json into net.minecraft.world.level.block.WitherRoseBlock
[07Dec2025 22:28:36.448] [main/DEBUG] [mixin/]: Mixing world.level.block.MushroomBlockMixin from mixins.arclight.core.json into net.minecraft.world.level.block.MushroomBlock
[07Dec2025 22:28:36.453] [main/DEBUG] [mixin/]: Mixing world.level.block.TntBlockMixin from mixins.arclight.core.json into net.minecraft.world.level.block.TntBlock
[07Dec2025 22:28:36.467] [main/DEBUG] [net.minecraftforge.coremod.transformer.CoreModBaseTransformer/COREMOD]: Transforming net/minecraft/world/level/block/StairBlock
[07Dec2025 22:28:36.471] [main/DEBUG] [mixin/]: Mixing world.level.block.ChestBlockMixin from mixins.arclight.core.json into net.minecraft.world.level.block.ChestBlock
[07Dec2025 22:28:36.476] [main/DEBUG] [mixin/]: Mixing world.level.block.RedstoneWireBlockMixin from mixins.arclight.core.json into net.minecraft.world.level.block.RedStoneWireBlock
[07Dec2025 22:28:36.482] [main/DEBUG] [mixin/]: Mixing world.level.block.CropBlockMixin from mixins.arclight.core.json into net.minecraft.world.level.block.CropBlock
[07Dec2025 22:28:36.492] [main/DEBUG] [mixin/]: Mixing world.level.block.FarmBlockMixin from mixins.arclight.core.json into net.minecraft.world.level.block.FarmBlock
[07Dec2025 22:28:36.498] [main/DEBUG] [mixin/]: Mixing world.level.block.SignBlockMixin from mixins.arclight.core.json into net.minecraft.world.level.block.SignBlock
[07Dec2025 22:28:36.504] [main/DEBUG] [mixin/]: Mixing world.level.block.DoorBlockMixin from mixins.arclight.core.json into net.minecraft.world.level.block.DoorBlock
[07Dec2025 22:28:36.519] [main/DEBUG] [mixin/]: Mixing world.level.block.LeverBlockMixin from mixins.arclight.core.json into net.minecraft.world.level.block.LeverBlock
[07Dec2025 22:28:36.526] [main/DEBUG] [mixin/]: Mixing world.level.block.PressurePlateBlockMixin from mixins.arclight.core.json into net.minecraft.world.level.block.PressurePlateBlock
[07Dec2025 22:28:36.527] [main/DEBUG] [mixin/]: Renaming synthetic method lambda$getEntities$0(Lnet/minecraft/world/entity/Entity;)Z to md2792bd$lambda$getEntities$0$0 in mixins.arclight.core.json:world.level.block.PressurePlateBlockMixin
[07Dec2025 22:28:36.541] [main/DEBUG] [mixin/]: Mixing world.level.block.BasePressurePlateBlockMixin from mixins.arclight.core.json into net.minecraft.world.level.block.BasePressurePlateBlock
[07Dec2025 22:28:36.546] [main/DEBUG] [mixin/]: Mixing world.level.block.RedstoneOreBlockMixin from mixins.arclight.core.json into net.minecraft.world.level.block.RedStoneOreBlock
[07Dec2025 22:28:36.558] [main/DEBUG] [mixin/]: Mixing world.level.block.RedstoneTorchBlockMixin from mixins.arclight.core.json into net.minecraft.world.level.block.RedstoneTorchBlock
[07Dec2025 22:28:36.567] [main/DEBUG] [mixin/]: Mixing world.level.block.ButtonBlockMixin from mixins.arclight.core.json into net.minecraft.world.level.block.ButtonBlock
[07Dec2025 22:28:36.582] [main/DEBUG] [mixin/]: Mixing world.level.block.SnowBlockMixin from mixins.arclight.core.json into net.minecraft.world.level.block.SnowLayerBlock
[07Dec2025 22:28:36.583] [main/DEBUG] [mixin/]: Mixing world.level.block.SnowLayerBlockMixin from mixins.arclight.core.json into net.minecraft.world.level.block.SnowLayerBlock
[07Dec2025 22:28:36.587] [main/DEBUG] [mixin/]: Mixing world.level.block.IceBlockMixin from mixins.arclight.core.json into net.minecraft.world.level.block.IceBlock
[07Dec2025 22:28:36.591] [main/DEBUG] [mixin/]: Mixing world.level.block.CactusBlockMixin from mixins.arclight.core.json into net.minecraft.world.level.block.CactusBlock
[07Dec2025 22:28:36.595] [main/DEBUG] [mixin/]: Mixing world.level.block.SugarCaneBlockMixin from mixins.arclight.core.json into net.minecraft.world.level.block.SugarCaneBlock
[07Dec2025 22:28:36.600] [main/DEBUG] [mixin/]: Mixing world.level.block.NetherPortalBlockMixin from mixins.arclight.core.json into net.minecraft.world.level.block.NetherPortalBlock
[07Dec2025 22:28:36.608] [main/DEBUG] [mixin/]: Mixing world.level.block.CarvedPumpkinBlockMixin from mixins.arclight.core.json into net.minecraft.world.level.block.CarvedPumpkinBlock
[07Dec2025 22:28:36.612] [main/DEBUG] [mixin/]: Mixing world.level.block.CakeBlockMixin from mixins.arclight.core.json into net.minecraft.world.level.block.CakeBlock
[07Dec2025 22:28:36.617] [main/DEBUG] [mixin/]: Mixing world.level.block.DiodeBlockMixin from mixins.arclight.core.json into net.minecraft.world.level.block.DiodeBlock
[07Dec2025 22:28:36.622] [main/DEBUG] [mixin/]: Mixing world.level.block.TrapDoorBlockMixin from mixins.arclight.core.json into net.minecraft.world.level.block.TrapDoorBlock
[07Dec2025 22:28:36.630] [main/DEBUG] [mixin/]: Mixing world.level.block.InfestedBlockMixin from mixins.arclight.core.json into net.minecraft.world.level.block.InfestedBlock
[07Dec2025 22:28:36.635] [main/DEBUG] [mixin/]: Mixing world.level.block.StemBlockMixin from mixins.arclight.core.json into net.minecraft.world.level.block.StemBlock
[07Dec2025 22:28:36.640] [main/DEBUG] [mixin/]: Mixing world.level.block.VineBlockMixin from mixins.arclight.core.json into net.minecraft.world.level.block.VineBlock
[07Dec2025 22:28:36.677] [main/DEBUG] [mixin/]: Mixing world.level.block.FenceGateBlockMixin from mixins.arclight.core.json into net.minecraft.world.level.block.FenceGateBlock
[07Dec2025 22:28:36.683] [main/DEBUG] [mixin/]: Mixing world.level.block.LilyPadBlockMixin from mixins.arclight.core.json into net.minecraft.world.level.block.WaterlilyBlock
[07Dec2025 22:28:36.686] [main/DEBUG] [mixin/]: Mixing world.level.block.NetherWartBlockMixin from mixins.arclight.core.json into net.minecraft.world.level.block.NetherWartBlock
[07Dec2025 22:28:36.690] [main/DEBUG] [mixin/]: Mixing world.level.block.CauldronBlockMixin from mixins.arclight.core.json into net.minecraft.world.level.block.CauldronBlock
[07Dec2025 22:28:36.694] [main/DEBUG] [mixin/]: Mixing world.level.block.LayeredCauldronBlockMixin from mixins.arclight.core.json into net.minecraft.world.level.block.LayeredCauldronBlock
[07Dec2025 22:28:36.702] [main/DEBUG] [mixin/]: Mixing world.level.block.EndPortalBlockMixin from mixins.arclight.core.json into net.minecraft.world.level.block.EndPortalBlock
[07Dec2025 22:28:36.709] [main/DEBUG] [mixin/]: Mixing world.level.block.DragonEggBlockMixin from mixins.arclight.core.json into net.minecraft.world.level.block.DragonEggBlock
[07Dec2025 22:28:36.716] [main/DEBUG] [mixin/]: Mixing world.level.block.RedstoneLampBlockMixin from mixins.arclight.core.json into net.minecraft.world.level.block.RedstoneLampBlock
[07Dec2025 22:28:36.720] [main/DEBUG] [mixin/]: Mixing world.level.block.CocoaBlockMixin from mixins.arclight.core.json into net.minecraft.world.level.block.CocoaBlock
[07Dec2025 22:28:36.724] [main/DEBUG] [mixin/]: Mixing world.level.block.TripWireHookBlockMixin from mixins.arclight.core.json into net.minecraft.world.level.block.TripWireHookBlock
[07Dec2025 22:28:36.728] [main/DEBUG] [mixin/]: Mixing world.level.block.TripWireBlockMixin from mixins.arclight.core.json into net.minecraft.world.level.block.TripWireBlock
[07Dec2025 22:28:36.743] [main/DEBUG] [mixin/]: Mixing world.level.block.CommandBlockMixin from mixins.arclight.core.json into net.minecraft.world.level.block.CommandBlock
[07Dec2025 22:28:36.754] [main/DEBUG] [net.minecraftforge.coremod.transformer.CoreModBaseTransformer/COREMOD]: Transforming net/minecraft/world/level/block/FlowerPotBlock
[07Dec2025 22:28:36.760] [main/DEBUG] [mixin/]: Mixing world.level.block.WitherSkullBlockMixin from mixins.arclight.core.json into net.minecraft.world.level.block.WitherSkullBlock
[07Dec2025 22:28:36.769] [main/DEBUG] [mixin/]: Mixing world.level.block.WeightedPressurePlateBlockMixin from mixins.arclight.core.json into net.minecraft.world.level.block.WeightedPressurePlateBlock
[07Dec2025 22:28:36.769] [main/DEBUG] [mixin/]: Renaming synthetic method lambda$getEntities$0(Lnet/minecraft/world/entity/Entity;)Z to md2792bd$lambda$getEntities$0$0 in mixins.arclight.core.json:world.level.block.WeightedPressurePlateBlockMixin
[07Dec2025 22:28:36.778] [main/DEBUG] [mixin/]: Mixing world.level.block.ComparatorBlockMixin from mixins.arclight.core.json into net.minecraft.world.level.block.ComparatorBlock
[07Dec2025 22:28:36.782] [main/DEBUG] [mixin/]: Mixing world.level.block.DaylightDetectorBlockMixin from mixins.arclight.core.json into net.minecraft.world.level.block.DaylightDetectorBlock
[07Dec2025 22:28:36.786] [main/DEBUG] [mixin/]: Mixing world.level.block.DropperBlockMixin from mixins.arclight.core.json into net.minecraft.world.level.block.DropperBlock
[07Dec2025 22:28:36.814] [main/DEBUG] [mixin/]: Mixing world.level.block.ChorusFlowerBlockMixin from mixins.arclight.core.json into net.minecraft.world.level.block.ChorusFlowerBlock
[07Dec2025 22:28:36.842] [main/DEBUG] [mixin/]: Mixing world.level.block.DirtPathBlockMixin from mixins.arclight.core.json into net.minecraft.world.level.block.DirtPathBlock
[07Dec2025 22:28:36.846] [main/DEBUG] [mixin/]: Mixing world.level.block.MagmaBlockMixin from mixins.arclight.core.json into net.minecraft.world.level.block.MagmaBlock
[07Dec2025 22:28:36.849] [main/DEBUG] [mixin/]: Mixing world.level.block.ObserverBlockMixin from mixins.arclight.core.json into net.minecraft.world.level.block.ObserverBlock
[07Dec2025 22:28:36.855] [main/DEBUG] [mixin/]: Mixing world.level.block.ConcretePowderBlockMixin from mixins.arclight.core.json into net.minecraft.world.level.block.ConcretePowderBlock
[07Dec2025 22:28:36.867] [main/DEBUG] [mixin/]: Mixing world.level.block.GrowingPlantHeadBlockMixin from mixins.arclight.core.json into net.minecraft.world.level.block.GrowingPlantHeadBlock
[07Dec2025 22:28:36.871] [main/DEBUG] [mixin/]: Mixing world.level.block.TurtleEggBlockMixin from mixins.arclight.core.json into net.minecraft.world.level.block.TurtleEggBlock
[07Dec2025 22:28:36.882] [main/DEBUG] [mixin/]: Mixing world.level.block.CoralBlockMixin from mixins.arclight.core.json into net.minecraft.world.level.block.CoralBlock
[07Dec2025 22:28:36.885] [main/DEBUG] [mixin/]: Mixing world.level.block.CoralPlantBlockMixin from mixins.arclight.core.json into net.minecraft.world.level.block.CoralPlantBlock
[07Dec2025 22:28:36.890] [main/DEBUG] [mixin/]: Mixing world.level.block.CoralFanBlockMixin from mixins.arclight.core.json into net.minecraft.world.level.block.CoralFanBlock
[07Dec2025 22:28:36.894] [main/DEBUG] [mixin/]: Mixing world.level.block.CoralWallFanBlockMixin from mixins.arclight.core.json into net.minecraft.world.level.block.CoralWallFanBlock
[07Dec2025 22:28:36.901] [main/DEBUG] [mixin/]: Mixing world.level.block.BambooSaplingBlockMixin from mixins.arclight.core.json into net.minecraft.world.level.block.BambooSaplingBlock
[07Dec2025 22:28:36.904] [main/DEBUG] [mixin/]: Mixing world.level.block.BambooStalkBlockMixin from mixins.arclight.core.json into net.minecraft.world.level.block.BambooStalkBlock
[07Dec2025 22:28:36.922] [main/DEBUG] [mixin/]: Mixing world.level.block.ScaffoldingBlockMixin from mixins.arclight.core.json into net.minecraft.world.level.block.ScaffoldingBlock
[07Dec2025 22:28:36.931] [main/DEBUG] [mixin/]: Mixing world.level.block.LecternBlockMixin from mixins.arclight.core.json into net.minecraft.world.level.block.LecternBlock
[07Dec2025 22:28:36.936] [main/DEBUG] [mixin/]: Mixing world.level.block.BellBlockMixin from mixins.arclight.core.json into net.minecraft.world.level.block.BellBlock
[07Dec2025 22:28:36.940] [main/DEBUG] [mixin/]: Mixing world.level.block.CampfireBlockMixin from mixins.arclight.core.json into net.minecraft.world.level.block.CampfireBlock
[07Dec2025 22:28:36.943] [main/DEBUG] [mixin/]: Mixing world.level.block.SweetBerryBushBlockMixin from mixins.arclight.core.json into net.minecraft.world.level.block.SweetBerryBushBlock
[07Dec2025 22:28:36.952] [main/DEBUG] [mixin/]: Mixing world.level.block.NyliumBlockMixin from mixins.arclight.core.json into net.minecraft.world.level.block.NyliumBlock
[07Dec2025 22:28:36.955] [main/DEBUG] [mixin/]: Mixing world.level.block.FungusBlockMixin from mixins.arclight.core.json into net.minecraft.world.level.block.FungusBlock
[07Dec2025 22:28:36.962] [main/DEBUG] [mixin/]: Mixing world.level.block.ComposterBlockMixin from mixins.arclight.core.json into net.minecraft.world.level.block.ComposterBlock
[07Dec2025 22:28:36.993] [main/DEBUG] [mixin/]: Mixing world.level.block.BeehiveBlockMixin from mixins.arclight.core.json into net.minecraft.world.level.block.BeehiveBlock
[07Dec2025 22:28:36.998] [main/DEBUG] [mixin/]: Mixing world.level.block.RespawnAnchorBlockMixin from mixins.arclight.core.json into net.minecraft.world.level.block.RespawnAnchorBlock
[07Dec2025 22:28:37.003] [main/DEBUG] [mixin/]: Mixing world.level.block.BuddingAmethystBlockMixin from mixins.arclight.core.json into net.minecraft.world.level.block.BuddingAmethystBlock
[07Dec2025 22:28:37.006] [main/DEBUG] [mixin/]: Mixing world.level.block.PowderSnowBlockMixin from mixins.arclight.core.json into net.minecraft.world.level.block.PowderSnowBlock
[07Dec2025 22:28:37.009] [main/DEBUG] [mixin/]: Mixing world.level.block.SculkSensorBlockMixin from mixins.arclight.core.json into net.minecraft.world.level.block.SculkSensorBlock
[07Dec2025 22:28:37.023] [main/DEBUG] [mixin/]: Mixing world.level.block.SculkBlockMixin from mixins.arclight.core.json into net.minecraft.world.level.block.SculkBlock
[07Dec2025 22:28:37.026] [main/DEBUG] [mixin/]: Mixing world.level.block.SculkVeinBlockMixin from mixins.arclight.core.json into net.minecraft.world.level.block.SculkVeinBlock
[07Dec2025 22:28:37.031] [main/DEBUG] [mixin/]: Mixing world.level.block.SculkShriekerBlockMixin from mixins.arclight.core.json into net.minecraft.world.level.block.SculkShriekerBlock
[07Dec2025 22:28:37.035] [main/DEBUG] [mixin/]: Mixing world.level.block.ChangeOverTimeBlockMixin from mixins.arclight.core.json into net.minecraft.world.level.block.ChangeOverTimeBlock
[07Dec2025 22:28:37.035] [main/DEBUG] [mixin/]: Renaming synthetic method lambda$applyChangeOverTime$0(Lnet/minecraft/server/level/ServerLevel;Lnet/minecraft/core/BlockPos;Lnet/minecraft/world/level/block/state/BlockState;)V to md2792bd$lambda$applyChangeOverTime$0$0 in mixins.arclight.core.json:world.level.block.ChangeOverTimeBlockMixin
[07Dec2025 22:28:37.045] [main/DEBUG] [mixin/]: Mixing world.level.block.LightningRodBlockMixin from mixins.arclight.core.json into net.minecraft.world.level.block.LightningRodBlock
[07Dec2025 22:28:37.053] [main/DEBUG] [mixin/]: Mixing world.level.block.PointedDripstoneBlockMixin from mixins.arclight.core.json into net.minecraft.world.level.block.PointedDripstoneBlock
[07Dec2025 22:28:37.069] [main/DEBUG] [mixin/]: Mixing world.level.block.CaveVinesMixin from mixins.arclight.core.json into net.minecraft.world.level.block.CaveVines
[07Dec2025 22:28:37.084] [main/DEBUG] [mixin/]: Mixing world.level.block.BigDripleafBlockMixin from mixins.arclight.core.json into net.minecraft.world.level.block.BigDripleafBlock
[07Dec2025 22:28:37.096] [main/DEBUG] [mixin/]: Mixing world.level.block.RootedDirtBlockMixin from mixins.arclight.core.json into net.minecraft.world.level.block.RootedDirtBlock
[07Dec2025 22:28:37.144] [main/DEBUG] [mixin/]: Mixing fluid.FlowingFluidMixin from mixins.arclight.core.json into net.minecraft.world.level.material.FlowingFluid
[07Dec2025 22:28:37.154] [main/DEBUG] [mixin/]: Mixing fluid.LavaFluidMixin from mixins.arclight.core.json into net.minecraft.world.level.material.LavaFluid
[07Dec2025 22:28:37.272] [main/DEBUG] [Implementer/SWITCH_TABLE]: Candidate switch enum method <clinit>()V class net/minecraft/world/level/block/state/BlockBehaviour$1
[07Dec2025 22:28:37.301] [main/DEBUG] [Implementer/SWITCH_TABLE]: Candidate switch enum method <clinit>()V class net/minecraft/util/ByIdMap$1
[07Dec2025 22:28:37.311] [main/DEBUG] [mixin/]: Mixing world.entity.item.FallingBlockEntityMixin from mixins.arclight.core.json into net.minecraft.world.entity.item.FallingBlockEntity
[07Dec2025 22:28:37.320] [main/DEBUG] [mixin/]: Mixing world.level.block.entity.BlockEntityMixin from mixins.arclight.core.json into net.minecraft.world.level.block.entity.BlockEntity
[07Dec2025 22:28:37.328] [main/DEBUG] [mixin/]: Mixing world.level.block.entity.BrushableBlockEntityMixin from mixins.arclight.core.json into net.minecraft.world.level.block.entity.BrushableBlockEntity
[07Dec2025 22:28:37.371] [main/DEBUG] [mixin/]: Mixing world.ContainerMixin from mixins.arclight.core.json into net.minecraft.world.Container
[07Dec2025 22:28:37.375] [main/DEBUG] [mixin/]: Mixing world.level.block.entity.DispenserBlockEntityMixin from mixins.arclight.core.json into net.minecraft.world.level.block.entity.DispenserBlockEntity
[07Dec2025 22:28:37.378] [main/DEBUG] [Implementer/INVENTORY]: Found implemented class net/minecraft/world/level/block/entity/DispenserBlockEntity
[07Dec2025 22:28:37.380] [main/DEBUG] [mixin/]: Mixing world.level.block.entity.LockableBlockEntityMixin from mixins.arclight.core.json into net.minecraft.world.level.block.entity.BaseContainerBlockEntity
[07Dec2025 22:28:37.516] [main/DEBUG] [Implementer/SWITCH_TABLE]: Candidate switch enum method <clinit>()V class net/minecraft/world/phys/shapes/ArrayVoxelShape$1
[07Dec2025 22:28:37.535] [main/DEBUG] [Implementer/SWITCH_TABLE]: Candidate switch enum method <clinit>()V class net/minecraft/world/level/block/piston/PistonHeadBlock$1
[07Dec2025 22:28:37.565] [main/DEBUG] [mixin/]: Mixing world.entity.item.PrimedTntMixin from mixins.arclight.core.json into net.minecraft.world.entity.item.PrimedTnt
[07Dec2025 22:28:37.570] [main/DEBUG] [mixin/]: Mixing world.entity.projectile.ProjectileMixin from mixins.arclight.core.json into net.minecraft.world.entity.projectile.Projectile
[07Dec2025 22:28:37.574] [main/DEBUG] [mixin/]: Mixing world.level.block.entity.ChiseledBookShelfBlockEntityMixin from mixins.arclight.core.json into net.minecraft.world.level.block.entity.ChiseledBookShelfBlockEntity
[07Dec2025 22:28:37.660] [main/DEBUG] [mixin/]: Mixing world.level.block.entity.ChestBlockEntityMixin from mixins.arclight.core.json into net.minecraft.world.level.block.entity.ChestBlockEntity
[07Dec2025 22:28:37.662] [main/DEBUG] [Implementer/INVENTORY]: Found implemented class net/minecraft/world/level/block/entity/ChestBlockEntity
[07Dec2025 22:28:37.726] [main/DEBUG] [mixin/]: Mixing world.inventory.AbstractContainerMenuMixin from mixins.arclight.core.json into net.minecraft.world.inventory.AbstractContainerMenu
[07Dec2025 22:28:37.727] [main/DEBUG] [mixin/]: Renaming synthetic method lambda$doClick$1(Lnet/minecraft/world/item/ItemStack;Lnet/minecraft/world/inventory/Slot;Lnet/minecraft/world/entity/player/Player;Lnet/minecraft/world/item/ItemStack;)V to md2792bd$lambda$doClick$1$0 in mixins.arclight.core.json:world.inventory.AbstractContainerMenuMixin
[07Dec2025 22:28:37.727] [main/DEBUG] [mixin/]: Renaming synthetic method lambda$doClick$0(Lnet/minecraft/world/inventory/Slot;Lnet/minecraft/world/entity/player/Player;Lnet/minecraft/world/item/ItemStack;)V to md2792bd$lambda$doClick$0$1 in mixins.arclight.core.json:world.inventory.AbstractContainerMenuMixin
[07Dec2025 22:28:37.754] [main/DEBUG] [mixin/]: Mixing world.inventory.CraftingMenuMixin from mixins.arclight.core.json into net.minecraft.world.inventory.CraftingMenu
[07Dec2025 22:28:37.763] [main/DEBUG] [mixin/]: Mixing world.level.block.entity.AbstractFurnaceBlockEntityMixin from mixins.arclight.core.json into net.minecraft.world.level.block.entity.AbstractFurnaceBlockEntity
[07Dec2025 22:28:37.777] [main/DEBUG] [Implementer/INVENTORY]: Found implemented class net/minecraft/world/level/block/entity/AbstractFurnaceBlockEntity
[07Dec2025 22:28:37.782] [main/DEBUG] [mixin/]: Mixing world.level.block.entity.SignBlockEntityMixin from mixins.arclight.core.json into net.minecraft.world.level.block.entity.SignBlockEntity
[07Dec2025 22:28:37.784] [main/DEBUG] [mixin/]: Renaming synthetic method lambda$updateSignText$0(Lnet/minecraft/world/entity/player/Player;Ljava/util/List;ZLnet/minecraft/world/level/block/entity/SignText;)Lnet/minecraft/world/level/block/entity/SignText; to md2792bd$lambda$updateSignText$0$0 in mixins.arclight.core.json:world.level.block.entity.SignBlockEntityMixin
[07Dec2025 22:28:37.849] [main/DEBUG] [mixin/]: Mixing world.entity.projectile.AbstractArrowMixin from mixins.arclight.core.json into net.minecraft.world.entity.projectile.AbstractArrow
[07Dec2025 22:28:37.851] [main/DEBUG] [mixin/]: Mixing activationrange.entity.AbstractArrowEntityMixin_ActivationRange from mixins.arclight.impl.forge.optimization.json into net.minecraft.world.entity.projectile.AbstractArrow
[07Dec2025 22:28:37.862] [main/DEBUG] [mixin/]: Mixing world.level.block.entity.JukeboxBlockEntityMixin from mixins.arclight.core.json into net.minecraft.world.level.block.entity.JukeboxBlockEntity
[07Dec2025 22:28:37.877] [main/DEBUG] [mixin/]: Mixing world.entity.animal.SnowGolemMixin from mixins.arclight.core.json into net.minecraft.world.entity.animal.SnowGolem
[07Dec2025 22:28:37.881] [main/DEBUG] [mixin/]: Mixing world.entity.PathfinderMobMixin from mixins.arclight.core.json into net.minecraft.world.entity.PathfinderMob
[07Dec2025 22:28:37.883] [main/DEBUG] [mixin/]: Mixing world.entity.MobMixin from mixins.arclight.core.json into net.minecraft.world.entity.Mob
[07Dec2025 22:28:37.891] [main/DEBUG] [mixin/]: Mixing MobMixin_Optimization from mixins.arclight.impl.forge.optimization.json into net.minecraft.world.entity.Mob
[07Dec2025 22:28:37.909] [main/DEBUG] [mixin/]: Mixing world.entity.animal.IronGolemMixin from mixins.arclight.core.json into net.minecraft.world.entity.animal.IronGolem
[07Dec2025 22:28:37.912] [main/DEBUG] [mixin/]: Mixing world.entity.IAngerableMixin from mixins.arclight.core.json into net.minecraft.world.entity.NeutralMob
[07Dec2025 22:28:37.952] [main/DEBUG] [mixin/]: Mixing world.level.block.MultifaceSpreaderMixin from mixins.arclight.core.json into net.minecraft.world.level.block.MultifaceSpreader
[07Dec2025 22:28:37.954] [main/DEBUG] [mixin/]: Mixing world.level.block.MultifaceSpreader_SpreadConfigMixin from mixins.arclight.core.json into net.minecraft.world.level.block.MultifaceSpreader$SpreadConfig
[07Dec2025 22:28:37.967] [main/DEBUG] [mixin/]: Mixing world.inventory.EnchantmentContainerMixin from mixins.arclight.core.json into net.minecraft.world.inventory.EnchantmentMenu
[07Dec2025 22:28:37.967] [main/DEBUG] [mixin/]: Renaming synthetic method lambda$clickMenuButton$1(Lnet/minecraft/world/item/ItemStack;ILnet/minecraft/world/entity/player/Player;ILnet/minecraft/world/item/ItemStack;Lnet/minecraft/world/level/Level;Lnet/minecraft/core/BlockPos;)V to md2792bd$lambda$clickMenuButton$1$0 in mixins.arclight.core.json:world.inventory.EnchantmentContainerMixin
[07Dec2025 22:28:37.967] [main/DEBUG] [mixin/]: Renaming synthetic method lambda$slotsChanged$0(Lnet/minecraft/world/item/ItemStack;ZLnet/minecraft/world/level/Level;Lnet/minecraft/core/BlockPos;)V to md2792bd$lambda$slotsChanged$0$1 in mixins.arclight.core.json:world.inventory.EnchantmentContainerMixin
[07Dec2025 22:28:37.990] [main/DEBUG] [mixin/]: Mixing world.level.block.entity.BrewingStandBlockEntityMixin from mixins.arclight.core.json into net.minecraft.world.level.block.entity.BrewingStandBlockEntity
[07Dec2025 22:28:37.997] [main/DEBUG] [Implementer/INVENTORY]: Found implemented class net/minecraft/world/level/block/entity/BrewingStandBlockEntity
[07Dec2025 22:28:38.003] [main/DEBUG] [net.minecraftforge.coremod.transformer.CoreModBaseTransformer/COREMOD]: Transforming net/minecraft/world/item/ItemStack
[07Dec2025 22:28:38.003] [main/DEBUG] [mixin/]: Mixing world.item.ItemStackMixin from mixins.arclight.core.json into net.minecraft.world.item.ItemStack
[07Dec2025 22:28:38.018] [main/DEBUG] [mixin/]: Mixing world.inventory.ChestContainerMixin from mixins.arclight.core.json into net.minecraft.world.inventory.ChestMenu
[07Dec2025 22:28:38.022] [main/DEBUG] [Implementer/SWITCH_TABLE]: Candidate switch enum method $SWITCH_TABLE$org$bukkit$inventory$EquipmentSlot()[I class org/bukkit/craftbukkit/v1_20_R1/inventory/CraftInventoryPlayer
[07Dec2025 22:28:38.032] [main/DEBUG] [mixin/]: Mixing world.level.block.entity.BeaconTileEntityMixin from mixins.arclight.core.json into net.minecraft.world.level.block.entity.BeaconBlockEntity
[07Dec2025 22:28:38.084] [main/DEBUG] [mixin/]: Mixing world.entity.boss.wither.WitherBossMixin from mixins.arclight.core.json into net.minecraft.world.entity.boss.wither.WitherBoss
[07Dec2025 22:28:38.100] [main/DEBUG] [mixin/]: Mixing world.inventory.RepairContainerMixin from mixins.arclight.core.json into net.minecraft.world.inventory.AnvilMenu
[07Dec2025 22:28:38.116] [main/DEBUG] [mixin/]: Mixing world.inventory.ItemCombinerMixin from mixins.arclight.core.json into net.minecraft.world.inventory.ItemCombinerMenu
[07Dec2025 22:28:38.123] [main/DEBUG] [mixin/]: Mixing world.level.block.entity.HopperBlockEntityMixin from mixins.arclight.core.json into net.minecraft.world.level.block.entity.HopperBlockEntity
[07Dec2025 22:28:38.132] [main/DEBUG] [Implementer/INVENTORY]: Found implemented class net/minecraft/world/level/block/entity/HopperBlockEntity
[07Dec2025 22:28:38.144] [main/DEBUG] [mixin/]: Mixing CraftItemStackMixin from mixins.arclight.bukkit.json into org.bukkit.craftbukkit.v1_20_R1.inventory.CraftItemStack
[07Dec2025 22:28:38.151] [main/DEBUG] [Implementer/SWITCH_TABLE]: Candidate switch enum method $SWITCH_TABLE$org$bukkit$Material()[I class org/bukkit/craftbukkit/v1_20_R1/inventory/CraftItemStack
[07Dec2025 22:28:38.151] [main/DEBUG] [Implementer/SWITCH_TABLE]: Find switch(enum org/bukkit/Material) table method $SWITCH_TABLE$org$bukkit$Material()[I in class org/bukkit/craftbukkit/v1_20_R1/inventory/CraftItemStack
[07Dec2025 22:28:38.151] [main/DEBUG] [Implementer/SWITCH_TABLE]: Inject method in method org/bukkit/craftbukkit/v1_20_R1/inventory/CraftItemStack:$SWITCH_TABLE$org$bukkit$Material()[I, switch table field is $SWITCH_TABLE$org$bukkit$Material[I
[07Dec2025 22:28:38.270] [main/DEBUG] [mixin/]: Mixing world.level.block.entity.EndGatewayBlockEntityMixin from mixins.arclight.core.json into net.minecraft.world.level.block.entity.TheEndGatewayBlockEntity
[07Dec2025 22:28:38.277] [main/DEBUG] [mixin/]: Mixing world.level.block.entity.ShulkerBoxBlockEntityMixin from mixins.arclight.core.json into net.minecraft.world.level.block.entity.ShulkerBoxBlockEntity
[07Dec2025 22:28:38.280] [main/DEBUG] [Implementer/INVENTORY]: Found implemented class net/minecraft/world/level/block/entity/ShulkerBoxBlockEntity
[07Dec2025 22:28:38.287] [main/DEBUG] [mixin/]: Mixing world.entity.animal.TurtleMixin from mixins.arclight.core.json into net.minecraft.world.entity.animal.Turtle
[07Dec2025 22:28:38.292] [main/DEBUG] [mixin/]: Mixing world.entity.animal.AnimalMixin from mixins.arclight.core.json into net.minecraft.world.entity.animal.Animal
[07Dec2025 22:28:38.293] [main/DEBUG] [mixin/]: Renaming synthetic method lambda$finalizeSpawnChildFromBreeding$1(Lnet/minecraft/world/entity/animal/Animal;Lnet/minecraft/world/entity/AgeableMob;Lnet/minecraft/server/level/ServerPlayer;)V to md2792bd$lambda$finalizeSpawnChildFromBreeding$1$0 in mixins.arclight.core.json:world.entity.animal.AnimalMixin
[07Dec2025 22:28:38.293] [main/DEBUG] [mixin/]: Renaming synthetic method lambda$finalizeSpawnChildFromBreeding$0(Lnet/minecraft/world/entity/animal/Animal;)Ljava/util/Optional; to md2792bd$lambda$finalizeSpawnChildFromBreeding$0$1 in mixins.arclight.core.json:world.entity.animal.AnimalMixin
[07Dec2025 22:28:38.299] [main/DEBUG] [mixin/]: Mixing world.entity.AgeableMobMixin from mixins.arclight.core.json into net.minecraft.world.entity.AgeableMob
[07Dec2025 22:28:38.299] [main/DEBUG] [mixin/]: Mixing activationrange.entity.AgeableEntityMixin_ActivationRange from mixins.arclight.impl.forge.optimization.json into net.minecraft.world.entity.AgeableMob
[07Dec2025 22:28:38.304] [main/DEBUG] [mixin/]: Mixing world.entity.animal.SnifferMixin from mixins.arclight.core.json into net.minecraft.world.entity.animal.sniffer.Sniffer
[07Dec2025 22:28:38.312] [main/DEBUG] [mixin/]: Mixing world.level.block.entity.ConduitBlockEntityMixin from mixins.arclight.core.json into net.minecraft.world.level.block.entity.ConduitBlockEntity
[07Dec2025 22:28:38.485] [main/DEBUG] [mixin/]: Mixing world.inventory.LoomContainerMixin from mixins.arclight.core.json into net.minecraft.world.inventory.LoomMenu
[07Dec2025 22:28:38.489] [main/DEBUG] [mixin/]: Mixing world.level.block.entity.BarrelBlockEntityMixin from mixins.arclight.core.json into net.minecraft.world.level.block.entity.BarrelBlockEntity
[07Dec2025 22:28:38.493] [main/DEBUG] [mixin/]: Mixing world.inventory.CartographyContainerMixin from mixins.arclight.core.json into net.minecraft.world.inventory.CartographyTableMenu
[07Dec2025 22:28:38.497] [main/DEBUG] [mixin/]: Mixing world.inventory.GrindstoneContainerMixin from mixins.arclight.core.json into net.minecraft.world.inventory.GrindstoneMenu
[07Dec2025 22:28:38.502] [main/DEBUG] [mixin/]: Mixing world.level.block.entity.LecternBlockEntityMixin from mixins.arclight.core.json into net.minecraft.world.level.block.entity.LecternBlockEntity
[07Dec2025 22:28:38.507] [main/DEBUG] [mixin/]: Mixing world.inventory.SmithingTableContainerMixin from mixins.arclight.core.json into net.minecraft.world.inventory.SmithingMenu
[07Dec2025 22:28:38.510] [main/DEBUG] [mixin/]: Mixing world.inventory.StonecutterContainerMixin from mixins.arclight.core.json into net.minecraft.world.inventory.StonecutterMenu
[07Dec2025 22:28:38.514] [main/DEBUG] [mixin/]: Mixing world.level.block.entity.BellBlockEntityMixin from mixins.arclight.core.json into net.minecraft.world.level.block.entity.BellBlockEntity
[07Dec2025 22:28:38.514] [main/DEBUG] [mixin/]: Renaming synthetic method lambda$arclight$bellResonate$0(Lnet/minecraft/world/entity/LivingEntity;)Lorg/bukkit/entity/LivingEntity; to md2792bd$lambda$arclight$bellResonate$0$0 in mixins.arclight.core.json:world.level.block.entity.BellBlockEntityMixin
[07Dec2025 22:28:38.517] [main/DEBUG] [mixin/]: Mixing world.level.block.entity.CampfireBlockEntityMixin from mixins.arclight.core.json into net.minecraft.world.level.block.entity.CampfireBlockEntity
[07Dec2025 22:28:38.517] [main/DEBUG] [mixin/]: Renaming synthetic method lambda$cookTick$0(Lnet/minecraft/world/Container;Lnet/minecraft/world/level/Level;Lnet/minecraft/world/item/crafting/CampfireCookingRecipe;)Lnet/minecraft/world/item/ItemStack; to md2792bd$lambda$cookTick$0$0 in mixins.arclight.core.json:world.level.block.entity.CampfireBlockEntityMixin
[07Dec2025 22:28:38.546] [main/DEBUG] [mixin/]: Mixing world.level.block.entity.BeehiveBlockEntityMixin from mixins.arclight.core.json into net.minecraft.world.level.block.entity.BeehiveBlockEntity
[07Dec2025 22:28:38.547] [main/DEBUG] [mixin/]: Renaming synthetic method lambda$releaseBees$0(Lnet/minecraft/world/level/block/state/BlockState;Ljava/util/List;Lnet/minecraft/world/level/block/entity/BeehiveBlockEntity$BeeReleaseStatus;ZLnet/minecraft/world/level/block/entity/BeehiveBlockEntity$BeeData;)Z to md2792bd$lambda$releaseBees$0$0 in mixins.arclight.core.json:world.level.block.entity.BeehiveBlockEntityMixin
[07Dec2025 22:28:38.624] [main/DEBUG] [mixin/]: Mixing world.level.block.entity.SculkCatalystBlockEntityMixin from mixins.arclight.core.json into net.minecraft.world.level.block.entity.SculkCatalystBlockEntity
[07Dec2025 22:28:38.629] [main/DEBUG] [mixin/]: Mixing world.entity.player.ServerPlayerMixin from mixins.arclight.core.json into net.minecraft.server.level.ServerPlayer
[07Dec2025 22:28:38.633] [main/DEBUG] [mixin/]: Renaming synthetic method lambda$getBedResult$3(Lnet/minecraft/world/entity/monster/Monster;)Z to md2792bd$lambda$getBedResult$3$0 in mixins.arclight.core.json:world.entity.player.ServerPlayerMixin
[07Dec2025 22:28:38.633] [main/DEBUG] [mixin/]: Renaming synthetic method lambda$changeDimension$2(Lnet/minecraft/server/level/ServerLevel;[Lnet/minecraft/server/level/ServerLevel;Lnet/minecraft/resources/ResourceKey;Lnet/minecraft/world/level/portal/PortalInfo;Lorg/bukkit/event/player/PlayerTeleportEvent$TeleportCause;Ljava/lang/Boolean;)Lnet/minecraft/world/entity/Entity; to md2792bd$lambda$changeDimension$2$1 in mixins.arclight.core.json:world.entity.player.ServerPlayerMixin
[07Dec2025 22:28:38.633] [main/DEBUG] [mixin/]: Renaming synthetic method lambda$die$1(Lnet/minecraft/network/chat/Component;)Lnet/minecraft/network/protocol/Packet; to md2792bd$lambda$die$1$2 in mixins.arclight.core.json:world.entity.player.ServerPlayerMixin
[07Dec2025 22:28:38.634] [main/DEBUG] [mixin/]: Renaming synthetic method lambda$die$0(Lnet/minecraft/network/chat/Component;Lnet/minecraft/network/chat/Style;)Lnet/minecraft/network/chat/Style; to md2792bd$lambda$die$0$3 in mixins.arclight.core.json:world.entity.player.ServerPlayerMixin
[07Dec2025 22:28:38.671] [main/DEBUG] [mixin/]: Mixing MixinServerPlayer from slib.mixins.json into net.minecraft.server.level.ServerPlayer
[07Dec2025 22:28:38.671] [main/DEBUG] [mixin/]: slib.mixins.json:MixinServerPlayer: Class version 61 required is higher than the class version supported by the current version of Mixin (JAVA_16 supports class version 60)
[07Dec2025 22:28:38.672] [main/DEBUG] [mixin/]: Mixing network.ServerPlayerMixin_Optimize from mixins.arclight.impl.forge.optimization.json into net.minecraft.server.level.ServerPlayer
[07Dec2025 22:28:38.724] [main/DEBUG] [mixin/]: Mixing world.entity.LightningBoltMixin from mixins.arclight.core.json into net.minecraft.world.entity.LightningBolt
[07Dec2025 22:28:38.793] [main/DEBUG] [net.minecraftforge.coremod.transformer.CoreModBaseTransformer/COREMOD]: Transforming net/minecraft/world/entity/animal/frog/Tadpole
[07Dec2025 22:28:38.802] [main/DEBUG] [mixin/]: Mixing world.entity.animal.frog.TadpoleMixin from mixins.arclight.core.json into net.minecraft.world.entity.animal.frog.Tadpole
[07Dec2025 22:28:38.807] [main/DEBUG] [mixin/]: Mixing world.entity.animal.BucketableMixin from mixins.arclight.core.json into net.minecraft.world.entity.animal.Bucketable
[07Dec2025 22:28:38.826] [main/DEBUG] [mixin/]: Mixing world.item.BlockItemMixin from mixins.arclight.core.json into net.minecraft.world.item.BlockItem
[07Dec2025 22:28:38.834] [main/DEBUG] [mixin/]: Mixing world.item.StandingAndWallBlockItemMixin from mixins.arclight.core.json into net.minecraft.world.item.StandingAndWallBlockItem
[07Dec2025 22:28:38.838] [main/DEBUG] [mixin/]: Mixing world.item.MinecartItemMixin from mixins.arclight.core.json into net.minecraft.world.item.MinecartItem
[07Dec2025 22:28:38.841] [main/DEBUG] [mixin/]: Mixing world.item.BoatItemMixin from mixins.arclight.core.json into net.minecraft.world.item.BoatItem
[07Dec2025 22:28:38.895] [main/DEBUG] [mixin/]: Mixing world.item.FlintAndSteelItemMixin from mixins.arclight.core.json into net.minecraft.world.item.FlintAndSteelItem
[07Dec2025 22:28:38.895] [main/DEBUG] [mixin/]: Renaming synthetic method lambda$arclight$blockIgnite$0(Lnet/minecraft/world/item/context/UseOnContext;Lnet/minecraft/world/entity/player/Player;)V to md2792bd$lambda$arclight$blockIgnite$0$0 in mixins.arclight.core.json:world.item.FlintAndSteelItemMixin
[07Dec2025 22:28:38.898] [main/DEBUG] [mixin/]: Mixing world.item.BowItemMixin from mixins.arclight.core.json into net.minecraft.world.item.BowItem
[07Dec2025 22:28:38.898] [main/DEBUG] [mixin/]: Renaming synthetic method lambda$releaseUsing$0(Lnet/minecraft/world/entity/player/Player;Lnet/minecraft/world/entity/player/Player;)V to md2792bd$lambda$releaseUsing$0$0 in mixins.arclight.core.json:world.item.BowItemMixin
[07Dec2025 22:28:38.915] [main/DEBUG] [mixin/]: Mixing world.item.HangingEntityItemMixin from mixins.arclight.core.json into net.minecraft.world.item.HangingEntityItem
[07Dec2025 22:28:38.921] [main/DEBUG] [net.minecraftforge.coremod.transformer.CoreModBaseTransformer/COREMOD]: Transforming net/minecraft/world/item/BucketItem
[07Dec2025 22:28:38.922] [main/DEBUG] [mixin/]: Mixing world.item.BucketItemMixin from mixins.arclight.core.json into net.minecraft.world.item.BucketItem
[07Dec2025 22:28:38.931] [main/DEBUG] [mixin/]: Mixing world.item.SnowballItemMixin from mixins.arclight.core.json into net.minecraft.world.item.SnowballItem
[07Dec2025 22:28:38.936] [main/DEBUG] [mixin/]: Mixing world.item.MilkBucketItemMixin from mixins.arclight.core.json into net.minecraft.world.item.MilkBucketItem
[07Dec2025 22:28:38.938] [main/DEBUG] [mixin/]: Mixing world.item.EggItemMixin from mixins.arclight.core.json into net.minecraft.world.item.EggItem
[07Dec2025 22:28:38.943] [main/DEBUG] [mixin/]: Mixing world.item.FishingRodItemMixin from mixins.arclight.core.json into net.minecraft.world.item.FishingRodItem
[07Dec2025 22:28:38.943] [main/DEBUG] [mixin/]: Renaming synthetic method lambda$use$0(Lnet/minecraft/world/InteractionHand;Lnet/minecraft/world/entity/player/Player;)V to md2792bd$lambda$use$0$0 in mixins.arclight.core.json:world.item.FishingRodItemMixin
[07Dec2025 22:28:38.952] [main/DEBUG] [mixin/]: Mixing world.item.DyeItemMixin from mixins.arclight.core.json into net.minecraft.world.item.DyeItem
[07Dec2025 22:28:38.958] [main/DEBUG] [mixin/]: Mixing world.item.MapItemMixin from mixins.arclight.core.json into net.minecraft.world.item.MapItem
[07Dec2025 22:28:38.963] [main/DEBUG] [mixin/]: Mixing world.item.ShearsItemMixin from mixins.arclight.core.json into net.minecraft.world.item.ShearsItem
[07Dec2025 22:28:38.965] [main/DEBUG] [mixin/]: Mixing world.item.EnderPearlItemMixin from mixins.arclight.core.json into net.minecraft.world.item.EnderpearlItem
[07Dec2025 22:28:38.971] [main/DEBUG] [mixin/]: Mixing world.item.PotionItemMixin from mixins.arclight.core.json into net.minecraft.world.item.PotionItem
[07Dec2025 22:28:38.973] [main/DEBUG] [mixin/]: Mixing world.item.EnderEyeItemMixin from mixins.arclight.core.json into net.minecraft.world.item.EnderEyeItem
[07Dec2025 22:28:38.975] [main/DEBUG] [mixin/]: Mixing world.item.SpawnEggItemMixin from mixins.arclight.core.json into net.minecraft.world.item.SpawnEggItem
[07Dec2025 22:28:38.977] [main/DEBUG] [mixin/]: Mixing world.item.FireChargeItemMixin from mixins.arclight.core.json into net.minecraft.world.item.FireChargeItem
[07Dec2025 22:28:38.984] [main/DEBUG] [mixin/]: Mixing world.item.ArmorStandItemMixin from mixins.arclight.core.json into net.minecraft.world.item.ArmorStandItem
[07Dec2025 22:28:38.987] [main/DEBUG] [mixin/]: Mixing world.item.LeadItemMixin from mixins.arclight.core.json into net.minecraft.world.item.LeadItem
[07Dec2025 22:28:38.993] [main/DEBUG] [mixin/]: Mixing world.item.EnderCrystalItemMixin from mixins.arclight.core.json into net.minecraft.world.item.EndCrystalItem
[07Dec2025 22:28:38.995] [main/DEBUG] [mixin/]: Mixing world.item.ChorusFruitItemMixin from mixins.arclight.core.json into net.minecraft.world.item.ChorusFruitItem
[07Dec2025 22:28:39.006] [main/DEBUG] [mixin/]: Mixing world.item.TridentItemMixin from mixins.arclight.core.json into net.minecraft.world.item.TridentItem
[07Dec2025 22:28:39.006] [main/DEBUG] [mixin/]: Renaming synthetic method lambda$arclight$addEntity$0(Lnet/minecraft/world/entity/LivingEntity;Lnet/minecraft/world/entity/LivingEntity;)V to md2792bd$lambda$arclight$addEntity$0$0 in mixins.arclight.core.json:world.item.TridentItemMixin
[07Dec2025 22:28:39.010] [main/DEBUG] [mixin/]: Mixing world.item.CrossbowItemMixin from mixins.arclight.core.json into net.minecraft.world.item.CrossbowItem
[07Dec2025 22:28:39.073] [main/DEBUG] [mixin/]: Mixing world.entity.vehicle.AbstractMinecartMixin from mixins.arclight.core.json into net.minecraft.world.entity.vehicle.AbstractMinecart
[07Dec2025 22:28:39.104] [main/DEBUG] [mixin/]: Mixing world.entity.animal.AllayMixin from mixins.arclight.core.json into net.minecraft.world.entity.animal.allay.Allay
[07Dec2025 22:28:39.110] [main/DEBUG] [mixin/]: Mixing world.entity.npc.InventoryCarrierMixin from mixins.arclight.core.json into net.minecraft.world.entity.npc.InventoryCarrier
[07Dec2025 22:28:39.126] [main/DEBUG] [mixin/]: Mixing CraftEntityMixin from mixins.arclight.bukkit.json into org.bukkit.craftbukkit.v1_20_R1.entity.CraftEntity
[07Dec2025 22:28:39.157] [main/DEBUG] [mixin/]: Mixing world.entity.decoration.LeashFenceKnotEntityMixin from mixins.arclight.core.json into net.minecraft.world.entity.decoration.LeashFenceKnotEntity
[07Dec2025 22:28:39.164] [main/DEBUG] [mixin/]: Mixing world.entity.item.HangingEntityMixin from mixins.arclight.core.json into net.minecraft.world.entity.decoration.HangingEntity
[07Dec2025 22:28:39.466] [main/DEBUG] [mixin/]: Mixing nbt.CompoundTagMixin from mixins.arclight.core.json into net.minecraft.nbt.CompoundTag
[07Dec2025 22:28:39.795] [main/DEBUG] [mixin/]: Mixing world.entity.AreaEffectCloudEntityMixin from mixins.arclight.core.json into net.minecraft.world.entity.AreaEffectCloud
[07Dec2025 22:28:39.796] [main/DEBUG] [mixin/]: Renaming synthetic method lambda$tick$0(Ljava/util/Map$Entry;)Z to md2792bd$lambda$tick$0$0 in mixins.arclight.core.json:world.entity.AreaEffectCloudEntityMixin
[07Dec2025 22:28:39.806] [main/DEBUG] [mixin/]: Mixing activationrange.entity.AreaEffectCloudEntityMixin_ActivationRange from mixins.arclight.impl.forge.optimization.json into net.minecraft.world.entity.AreaEffectCloud
[07Dec2025 22:28:39.820] [main/DEBUG] [mixin/]: Mixing world.entity.decoration.ArmorStandMixin from mixins.arclight.core.json into net.minecraft.world.entity.decoration.ArmorStand
[07Dec2025 22:28:39.821] [main/DEBUG] [mixin/]: Renaming synthetic method lambda$arclight$callEntityDeath$0(Lnet/minecraft/world/entity/item/ItemEntity;)Lorg/bukkit/inventory/ItemStack; to md2792bd$lambda$arclight$callEntityDeath$0$0 in mixins.arclight.core.json:world.entity.decoration.ArmorStandMixin
[07Dec2025 22:28:39.843] [main/DEBUG] [mixin/]: Mixing world.entity.projectile.ArrowEntityMixin from mixins.arclight.core.json into net.minecraft.world.entity.projectile.Arrow
[07Dec2025 22:28:39.853] [main/DEBUG] [mixin/]: Mixing world.entity.animal.axolotl.AxolotlMixin from mixins.arclight.core.json into net.minecraft.world.entity.animal.axolotl.Axolotl
[07Dec2025 22:28:39.860] [main/DEBUG] [mixin/]: Mixing world.entity.ExperienceOrbMixin from mixins.arclight.core.json into net.minecraft.world.entity.ExperienceOrb
[07Dec2025 22:28:39.871] [main/DEBUG] [mixin/]: Mixing world.entity.ambient.BatMixin from mixins.arclight.core.json into net.minecraft.world.entity.ambient.Bat
[07Dec2025 22:28:39.923] [main/DEBUG] [mixin/]: Mixing world.entity.animal.BeeMixin from mixins.arclight.core.json into net.minecraft.world.entity.animal.Bee
[07Dec2025 22:28:39.933] [main/DEBUG] [mixin/]: Mixing GoalMixin from mixins.arclight.impl.forge.optimization.json into net.minecraft.world.entity.ai.goal.Goal
[07Dec2025 22:28:39.937] [main/DEBUG] [mixin/]: Mixing world.entity.ai.goal.TemptGoalMixin from mixins.arclight.core.json into net.minecraft.world.entity.ai.goal.TemptGoal
[07Dec2025 22:28:39.942] [main/DEBUG] [mixin/]: Mixing world.entity.animal.Bee_GrowCropGoalMixin from mixins.arclight.core.json into net.minecraft.world.entity.animal.Bee$BeeGrowCropGoal
[07Dec2025 22:28:39.946] [main/DEBUG] [mixin/]: Mixing world.entity.ai.goal.HurtByTargetGoalMixin from mixins.arclight.core.json into net.minecraft.world.entity.ai.goal.target.HurtByTargetGoal
[07Dec2025 22:28:39.948] [main/DEBUG] [mixin/]: Mixing world.entity.ai.goal.TargetGoalMixin from mixins.arclight.core.json into net.minecraft.world.entity.ai.goal.target.TargetGoal
[07Dec2025 22:28:39.951] [main/DEBUG] [mixin/]: Mixing world.entity.ai.goal.NearestAttackableTargetGoalMixin from mixins.arclight.core.json into net.minecraft.world.entity.ai.goal.target.NearestAttackableTargetGoal
[07Dec2025 22:28:39.962] [main/DEBUG] [mixin/]: Mixing world.entity.vehicle.BoatMixin from mixins.arclight.core.json into net.minecraft.world.entity.vehicle.Boat
[07Dec2025 22:28:39.976] [main/DEBUG] [mixin/]: Mixing world.entity.animal.horse.AbstractHorseMixin from mixins.arclight.core.json into net.minecraft.world.entity.animal.horse.AbstractHorse
[07Dec2025 22:28:39.993] [main/DEBUG] [mixin/]: Mixing world.entity.animal.TameableAnimalMixin from mixins.arclight.core.json into net.minecraft.world.entity.TamableAnimal
[07Dec2025 22:28:39.997] [main/DEBUG] [mixin/]: Mixing world.entity.animal.Cat_CatRelaxOnOwnerGoalMixin from mixins.arclight.core.json into net.minecraft.world.entity.animal.Cat$CatRelaxOnOwnerGoal
[07Dec2025 22:28:40.001] [main/DEBUG] [mixin/]: Mixing world.entity.ai.goal.FollowOwnerGoalMixin from mixins.arclight.core.json into net.minecraft.world.entity.ai.goal.FollowOwnerGoal
[07Dec2025 22:28:40.006] [main/DEBUG] [mixin/]: Mixing world.entity.monster.CaveSpiderMixin from mixins.arclight.core.json into net.minecraft.world.entity.monster.CaveSpider
[07Dec2025 22:28:40.008] [main/DEBUG] [net.minecraftforge.coremod.transformer.CoreModBaseTransformer/COREMOD]: Transforming net/minecraft/world/entity/monster/Spider
[07Dec2025 22:28:40.018] [main/DEBUG] [mixin/]: Mixing world.entity.monster.SpiderMixin from mixins.arclight.core.json into net.minecraft.world.entity.monster.Spider
[07Dec2025 22:28:40.022] [main/DEBUG] [mixin/]: Mixing world.entity.monster.AbstractSkeletonMixin from mixins.arclight.core.json into net.minecraft.world.entity.monster.AbstractSkeleton
[07Dec2025 22:28:40.028] [main/DEBUG] [mixin/]: Mixing world.entity.vehicle.ChestBoatMixin from mixins.arclight.core.json into net.minecraft.world.entity.vehicle.ChestBoat
[07Dec2025 22:28:40.035] [main/DEBUG] [mixin/]: Mixing world.entity.vehicle.AbstractMinecartContainerMixin from mixins.arclight.core.json into net.minecraft.world.entity.vehicle.AbstractMinecartContainer
[07Dec2025 22:28:40.041] [main/DEBUG] [mixin/]: Mixing world.entity.vehicle.MinecartTNTMixin from mixins.arclight.core.json into net.minecraft.world.entity.vehicle.MinecartTNT
[07Dec2025 22:28:40.046] [main/DEBUG] [mixin/]: Mixing world.entity.animal.ChickenMixin from mixins.arclight.core.json into net.minecraft.world.entity.animal.Chicken
[07Dec2025 22:28:40.053] [main/DEBUG] [mixin/]: Mixing world.level.block.entity.CommandBlockLogicMixin from mixins.arclight.core.json into net.minecraft.world.level.BaseCommandBlock
[07Dec2025 22:28:40.057] [main/DEBUG] [mixin/]: Mixing world.entity.vehicle.MinecartCommandBlock_MinecartCommandBaseMixin from mixins.arclight.core.json into net.minecraft.world.entity.vehicle.MinecartCommandBlock$MinecartCommandBase
[07Dec2025 22:28:40.059] [main/DEBUG] [mixin/]: Mixing world.entity.animal.CowMixin from mixins.arclight.core.json into net.minecraft.world.entity.animal.Cow
[07Dec2025 22:28:40.063] [main/DEBUG] [mixin/]: Mixing world.entity.monster.CreeperMixin from mixins.arclight.core.json into net.minecraft.world.entity.monster.Creeper
[07Dec2025 22:28:40.071] [main/DEBUG] [mixin/]: Mixing world.entity.animal.DolphinMixin from mixins.arclight.core.json into net.minecraft.world.entity.animal.Dolphin
[07Dec2025 22:28:40.076] [main/DEBUG] [mixin/]: Mixing world.entity.animal.DolphinEntity_SwimWithPlayerGoalMixin from mixins.arclight.core.json into net.minecraft.world.entity.animal.Dolphin$DolphinSwimWithPlayerGoal
[07Dec2025 22:28:40.083] [main/DEBUG] [mixin/]: Mixing world.entity.projectile.AbstractHurtingProjectileMixin from mixins.arclight.core.json into net.minecraft.world.entity.projectile.AbstractHurtingProjectile
[07Dec2025 22:28:40.089] [main/DEBUG] [net.minecraftforge.coremod.transformer.CoreModBaseTransformer/COREMOD]: Transforming net/minecraft/world/entity/monster/Zombie
[07Dec2025 22:28:40.129] [main/DEBUG] [mixin/]: Mixing world.entity.monster.ZombieMixin from mixins.arclight.core.json into net.minecraft.world.entity.monster.Zombie
[07Dec2025 22:28:40.143] [main/DEBUG] [net.minecraftforge.coremod.transformer.CoreModBaseTransformer/COREMOD]: Transforming net/minecraft/world/entity/monster/ZombieVillager
[07Dec2025 22:28:40.164] [main/DEBUG] [mixin/]: Mixing world.entity.monster.ZombieVillagerMixin from mixins.arclight.core.json into net.minecraft.world.entity.monster.ZombieVillager
[07Dec2025 22:28:40.182] [main/DEBUG] [net.minecraftforge.coremod.transformer.CoreModBaseTransformer/COREMOD]: Transforming net/minecraft/world/entity/npc/Villager
[07Dec2025 22:28:40.231] [main/DEBUG] [mixin/]: Mixing world.entity.npc.VillagerMixin from mixins.arclight.core.json into net.minecraft.world.entity.npc.Villager
[07Dec2025 22:28:40.235] [main/DEBUG] [mixin/]: Mixing activationrange.entity.VillagerEntityMixin_ActivationRange from mixins.arclight.impl.forge.optimization.json into net.minecraft.world.entity.npc.Villager
[07Dec2025 22:28:40.251] [main/DEBUG] [mixin/]: Mixing world.entity.npc.AbstractVillagerMixin from mixins.arclight.core.json into net.minecraft.world.entity.npc.AbstractVillager
[07Dec2025 22:28:40.259] [main/DEBUG] [mixin/]: Mixing world.item.MerchantMixin from mixins.arclight.core.json into net.minecraft.world.item.trading.Merchant
[07Dec2025 22:28:40.262] [main/DEBUG] [mixin/]: Mixing world.entity.ai.goal.RemoveBlockGoalMixin from mixins.arclight.core.json into net.minecraft.world.entity.ai.goal.RemoveBlockGoal
[07Dec2025 22:28:40.267] [main/DEBUG] [mixin/]: Mixing world.entity.ai.goal.BreakDoorGoalMixin from mixins.arclight.core.json into net.minecraft.world.entity.ai.goal.BreakDoorGoal
[07Dec2025 22:28:40.272] [main/DEBUG] [mixin/]: Mixing world.entity.projectile.ThrownTridentMixin from mixins.arclight.core.json into net.minecraft.world.entity.projectile.ThrownTrident
[07Dec2025 22:28:40.279] [main/DEBUG] [mixin/]: Mixing world.entity.projectile.ThrownEggMixin from mixins.arclight.core.json into net.minecraft.world.entity.projectile.ThrownEgg
[07Dec2025 22:28:40.286] [main/DEBUG] [mixin/]: Mixing world.entity.projectile.ThrowableItemProjectileMixin from mixins.arclight.core.json into net.minecraft.world.entity.projectile.ThrowableItemProjectile
[07Dec2025 22:28:40.288] [main/DEBUG] [mixin/]: Mixing world.entity.projectile.ThrowableProjectileMixin from mixins.arclight.core.json into net.minecraft.world.entity.projectile.ThrowableProjectile
[07Dec2025 22:28:40.292] [main/DEBUG] [mixin/]: Mixing world.entity.monster.ElderGuardianMixin from mixins.arclight.core.json into net.minecraft.world.entity.monster.ElderGuardian
[07Dec2025 22:28:40.295] [main/DEBUG] [mixin/]: Mixing world.entity.monster.GuardianMixin from mixins.arclight.core.json into net.minecraft.world.entity.monster.Guardian
[07Dec2025 22:28:40.300] [main/DEBUG] [mixin/]: Mixing world.entity.boss.enderdragon.EnderCrystalMixin from mixins.arclight.core.json into net.minecraft.world.entity.boss.enderdragon.EndCrystal
[07Dec2025 22:28:40.306] [main/DEBUG] [mixin/]: Mixing world.entity.boss.enderdragon.EnderDragonMixin from mixins.arclight.core.json into net.minecraft.world.entity.boss.enderdragon.EnderDragon
[07Dec2025 22:28:40.328] [main/DEBUG] [mixin/]: Mixing world.entity.projectile.ThrownEnderpearlMixin from mixins.arclight.core.json into net.minecraft.world.entity.projectile.ThrownEnderpearl
[07Dec2025 22:28:40.332] [main/DEBUG] [mixin/]: Mixing world.entity.monster.EnderManMixin from mixins.arclight.core.json into net.minecraft.world.entity.monster.EnderMan
[07Dec2025 22:28:40.339] [main/DEBUG] [mixin/]: Mixing world.entity.monster.EnderMan_EndermanLeaveBlockGoalMixin from mixins.arclight.core.json into net.minecraft.world.entity.monster.EnderMan$EndermanLeaveBlockGoal
[07Dec2025 22:28:40.341] [main/DEBUG] [mixin/]: Mixing world.entity.monster.EnderMan_EndermanTakeBlockGoalMixin from mixins.arclight.core.json into net.minecraft.world.entity.monster.EnderMan$EndermanTakeBlockGoal
[07Dec2025 22:28:40.346] [main/DEBUG] [mixin/]: Mixing world.entity.raider.RaiderMixin from mixins.arclight.core.json into net.minecraft.world.entity.raid.Raider
[07Dec2025 22:28:40.356] [main/DEBUG] [net.minecraftforge.coremod.transformer.CoreModBaseTransformer/COREMOD]: Transforming net/minecraft/world/entity/monster/Evoker$EvokerSummonSpellGoal
[07Dec2025 22:28:40.360] [main/DEBUG] [mixin/]: Mixing world.entity.monster.Evoker_EvokerSummonSpellGoalMixin from mixins.arclight.core.json into net.minecraft.world.entity.monster.Evoker$EvokerSummonSpellGoal
[07Dec2025 22:28:40.361] [main/DEBUG] [mixin/]: Mixing world.entity.monster.SpellcastingIllager_UseSpellGoalMixin from mixins.arclight.core.json into net.minecraft.world.entity.monster.SpellcasterIllager$SpellcasterUseSpellGoal
[07Dec2025 22:28:40.365] [main/DEBUG] [mixin/]: Mixing world.entity.projectile.EvokerFangsMixin from mixins.arclight.core.json into net.minecraft.world.entity.projectile.EvokerFangs
[07Dec2025 22:28:40.367] [main/DEBUG] [mixin/]: Mixing world.entity.projectile.ThrownExperienceBottleMixin from mixins.arclight.core.json into net.minecraft.world.entity.projectile.ThrownExperienceBottle
[07Dec2025 22:28:40.375] [main/DEBUG] [mixin/]: Mixing world.entity.projectile.FireworkRocketEntityMixin from mixins.arclight.core.json into net.minecraft.world.entity.projectile.FireworkRocketEntity
[07Dec2025 22:28:40.376] [main/DEBUG] [mixin/]: Mixing activationrange.entity.FireworkRocketEntityMixin_ActivationRange from mixins.arclight.impl.forge.optimization.json into net.minecraft.world.entity.projectile.FireworkRocketEntity
[07Dec2025 22:28:40.380] [main/DEBUG] [mixin/]: Mixing world.entity.animal.FoxMixin from mixins.arclight.core.json into net.minecraft.world.entity.animal.Fox
[07Dec2025 22:28:40.388] [main/DEBUG] [mixin/]: Mixing world.entity.animal.Fox_BreedGoalMixin from mixins.arclight.core.json into net.minecraft.world.entity.animal.Fox$FoxBreedGoal
[07Dec2025 22:28:40.398] [main/DEBUG] [mixin/]: Mixing world.entity.animal.Fox_EatBerriesGoalMixin from mixins.arclight.core.json into net.minecraft.world.entity.animal.Fox$FoxEatBerriesGoal
[07Dec2025 22:28:40.409] [main/DEBUG] [mixin/]: Mixing world.entity.monster.Ghast_GhastShootFireballGoalMixin from mixins.arclight.core.json into net.minecraft.world.entity.monster.Ghast$GhastShootFireballGoal
[07Dec2025 22:28:40.414] [main/DEBUG] [mixin/]: Mixing world.entity.decoration.ItemFrameMixin from mixins.arclight.core.json into net.minecraft.world.entity.decoration.ItemFrame
[07Dec2025 22:28:40.427] [main/DEBUG] [mixin/]: Mixing world.entity.animal.goat.GoatMixin from mixins.arclight.core.json into net.minecraft.world.entity.animal.goat.Goat
[07Dec2025 22:28:40.436] [main/DEBUG] [mixin/]: Mixing world.inventory.HopperContainerMixin from mixins.arclight.core.json into net.minecraft.world.inventory.HopperMenu
[07Dec2025 22:28:40.443] [main/DEBUG] [mixin/]: Mixing world.entity.monster.HuskMixin from mixins.arclight.core.json into net.minecraft.world.entity.monster.Husk
[07Dec2025 22:28:40.446] [main/DEBUG] [mixin/]: Mixing world.entity.monster.Illusioner_MirrorSpellGoalMixin from mixins.arclight.core.json into net.minecraft.world.entity.monster.Illusioner$IllusionerMirrorSpellGoal
[07Dec2025 22:28:40.448] [main/DEBUG] [mixin/]: Mixing world.entity.monster.Illusioner_BlindnessSpellGoalMixin from mixins.arclight.core.json into net.minecraft.world.entity.monster.Illusioner$IllusionerBlindnessSpellGoal
[07Dec2025 22:28:40.450] [main/DEBUG] [mixin/]: Mixing world.entity.InteractionMixin from mixins.arclight.core.json into net.minecraft.world.entity.Interaction
[07Dec2025 22:28:40.456] [main/DEBUG] [mixin/]: Mixing world.entity.ai.goal.DefendVillageTargetGoalMixin from mixins.arclight.core.json into net.minecraft.world.entity.ai.goal.target.DefendVillageTargetGoal
[07Dec2025 22:28:40.460] [main/DEBUG] [mixin/]: Mixing world.entity.projectile.LargeFireballMixin from mixins.arclight.core.json into net.minecraft.world.entity.projectile.LargeFireball
[07Dec2025 22:28:40.464] [main/DEBUG] [mixin/]: Mixing world.entity.projectile.FireballMixin from mixins.arclight.core.json into net.minecraft.world.entity.projectile.Fireball
[07Dec2025 22:28:40.467] [main/DEBUG] [mixin/]: Mixing world.entity.animal.horse.LlamaMixin from mixins.arclight.core.json into net.minecraft.world.entity.animal.horse.Llama
[07Dec2025 22:28:40.475] [main/DEBUG] [mixin/]: Mixing world.entity.monster.SlimeMixin from mixins.arclight.core.json into net.minecraft.world.entity.monster.Slime
[07Dec2025 22:28:40.489] [main/DEBUG] [mixin/]: Mixing world.entity.animal.MushroomCowMixin from mixins.arclight.core.json into net.minecraft.world.entity.animal.MushroomCow
[07Dec2025 22:28:40.497] [main/DEBUG] [mixin/]: Mixing world.entity.animal.OcelotMixin from mixins.arclight.core.json into net.minecraft.world.entity.animal.Ocelot
[07Dec2025 22:28:40.503] [main/DEBUG] [mixin/]: Mixing world.entity.animal.PandaMixin from mixins.arclight.core.json into net.minecraft.world.entity.animal.Panda
[07Dec2025 22:28:40.513] [main/DEBUG] [mixin/]: Mixing world.entity.animal.ParrotMixin from mixins.arclight.core.json into net.minecraft.world.entity.animal.Parrot
[07Dec2025 22:28:40.524] [main/DEBUG] [mixin/]: Mixing world.entity.monster.Phantom_AttackPlayerTargetGoalMixin from mixins.arclight.core.json into net.minecraft.world.entity.monster.Phantom$PhantomAttackPlayerTargetGoal
[07Dec2025 22:28:40.527] [main/DEBUG] [mixin/]: Mixing world.entity.animal.PigMixin from mixins.arclight.core.json into net.minecraft.world.entity.animal.Pig
[07Dec2025 22:28:40.531] [main/DEBUG] [mixin/]: Mixing world.entity.monster.ZombifiedPiglinMixin from mixins.arclight.core.json into net.minecraft.world.entity.monster.ZombifiedPiglin
[07Dec2025 22:28:40.539] [main/DEBUG] [mixin/]: Mixing world.entity.monster.piglin.PiglinMixin from mixins.arclight.core.json into net.minecraft.world.entity.monster.piglin.Piglin
[07Dec2025 22:28:40.556] [main/DEBUG] [mixin/]: Mixing world.entity.raider.Raider_HoldGroundAttackGoalMixin from mixins.arclight.core.json into net.minecraft.world.entity.raid.Raider$HoldGroundAttackGoal
[07Dec2025 22:28:40.563] [main/DEBUG] [mixin/]: Mixing world.entity.projectile.ThrownPotionMixin from mixins.arclight.core.json into net.minecraft.world.entity.projectile.ThrownPotion
[07Dec2025 22:28:40.575] [main/DEBUG] [mixin/]: Mixing world.entity.animal.PufferfishEntityMixin from mixins.arclight.core.json into net.minecraft.world.entity.animal.Pufferfish
[07Dec2025 22:28:40.579] [main/DEBUG] [mixin/]: Mixing world.entity.animal.RabbitMixin from mixins.arclight.core.json into net.minecraft.world.entity.animal.Rabbit
[07Dec2025 22:28:40.584] [main/DEBUG] [mixin/]: Mixing world.entity.animal.Rabbit_RaidGardenGoalMixin from mixins.arclight.core.json into net.minecraft.world.entity.animal.Rabbit$RaidGardenGoal
[07Dec2025 22:28:40.588] [main/DEBUG] [mixin/]: Mixing world.entity.monster.RavagerMixin from mixins.arclight.core.json into net.minecraft.world.entity.monster.Ravager
[07Dec2025 22:28:40.593] [main/DEBUG] [mixin/]: Mixing world.entity.animal.SheepMixin from mixins.arclight.core.json into net.minecraft.world.entity.animal.Sheep
[07Dec2025 22:28:40.598] [main/DEBUG] [mixin/]: Mixing world.entity.ai.goal.EatBlockGoalMixin from mixins.arclight.core.json into net.minecraft.world.entity.ai.goal.EatBlockGoal
[07Dec2025 22:28:40.601] [main/DEBUG] [mixin/]: Mixing world.entity.animal.Sheep1Mixin from mixins.arclight.core.json into net.minecraft.world.entity.animal.Sheep$1
[07Dec2025 22:28:40.604] [main/DEBUG] [mixin/]: Mixing world.entity.monster.ShulkerMixin from mixins.arclight.core.json into net.minecraft.world.entity.monster.Shulker
[07Dec2025 22:28:40.616] [main/DEBUG] [mixin/]: Mixing world.entity.projectile.ShulkerBulletMixin from mixins.arclight.core.json into net.minecraft.world.entity.projectile.ShulkerBullet
[07Dec2025 22:28:40.621] [main/DEBUG] [mixin/]: Mixing world.entity.monster.Silverfish_WakeUpFriendsGoalMixin from mixins.arclight.core.json into net.minecraft.world.entity.monster.Silverfish$SilverfishWakeUpFriendsGoal
[07Dec2025 22:28:40.625] [main/DEBUG] [mixin/]: Mixing world.entity.monster.Silverfish_MergeWithStoneGoalMixin from mixins.arclight.core.json into net.minecraft.world.entity.monster.Silverfish$SilverfishMergeWithStoneGoal
[07Dec2025 22:28:40.631] [main/DEBUG] [net.minecraftforge.coremod.transformer.CoreModBaseTransformer/COREMOD]: Transforming net/minecraft/world/entity/animal/horse/SkeletonTrapGoal
[07Dec2025 22:28:40.637] [main/DEBUG] [mixin/]: Mixing world.entity.ai.goal.SkeletonTrapGoalMixin from mixins.arclight.core.json into net.minecraft.world.entity.animal.horse.SkeletonTrapGoal
[07Dec2025 22:28:40.642] [main/DEBUG] [mixin/]: Mixing world.entity.projectile.SmallFireballMixin from mixins.arclight.core.json into net.minecraft.world.entity.projectile.SmallFireball
[07Dec2025 22:28:40.649] [main/DEBUG] [mixin/]: Mixing world.spawner.BaseSpawnerMixin from mixins.arclight.core.json into net.minecraft.world.level.BaseSpawner
[07Dec2025 22:28:40.649] [main/DEBUG] [mixin/]: Renaming synthetic method lambda$serverTick$0(DDDLnet/minecraft/world/entity/Entity;)Lnet/minecraft/world/entity/Entity; to md2792bd$lambda$serverTick$0$0 in mixins.arclight.core.json:world.spawner.BaseSpawnerMixin
[07Dec2025 22:28:40.667] [main/DEBUG] [mixin/]: Mixing world.entity.projectile.SpectralArrowMixin from mixins.arclight.core.json into net.minecraft.world.entity.projectile.SpectralArrow
[07Dec2025 22:28:40.671] [main/DEBUG] [net.minecraftforge.coremod.transformer.CoreModBaseTransformer/COREMOD]: Transforming net/minecraft/world/entity/monster/Strider
[07Dec2025 22:28:40.690] [main/DEBUG] [mixin/]: Mixing world.entity.monster.StriderMixin from mixins.arclight.core.json into net.minecraft.world.entity.monster.Strider
[07Dec2025 22:28:40.696] [main/DEBUG] [mixin/]: Mixing commands.CommandSource1Mixin from mixins.arclight.core.json into net.minecraft.commands.CommandSource$1
[07Dec2025 22:28:40.719] [main/DEBUG] [mixin/]: Mixing network.SynchedEntityDataMixin from mixins.arclight.core.json into net.minecraft.network.syncher.SynchedEntityData
[07Dec2025 22:28:40.721] [main/DEBUG] [mixin/]: Mixing EntityDataManagerMixin_Optimize from mixins.arclight.impl.forge.optimization.json into net.minecraft.network.syncher.SynchedEntityData
[07Dec2025 22:28:40.740] [main/DEBUG] [mixin/]: Mixing world.entity.ai.sensing.TemptingSensorMixin from mixins.arclight.core.json into net.minecraft.world.entity.ai.sensing.TemptingSensor
[07Dec2025 22:28:40.747] [main/DEBUG] [mixin/]: Mixing world.entity.monster.warden.WardenMixin from mixins.arclight.core.json into net.minecraft.world.entity.monster.warden.Warden
[07Dec2025 22:28:40.753] [main/DEBUG] [mixin/]: Mixing world.level.border.WorldBorderMixin from mixins.arclight.core.json into net.minecraft.world.level.border.WorldBorder
[07Dec2025 22:28:40.756] [main/DEBUG] [mixin/]: Mixing world.level.redstone.NeighborUpdaterMixin from mixins.arclight.core.json into net.minecraft.world.level.redstone.NeighborUpdater
[07Dec2025 22:28:40.756] [main/DEBUG] [mixin/]: Renaming synthetic method lambda$executeUpdate$0(Lnet/minecraft/world/level/block/Block;)Ljava/lang/String; to md2792bd$lambda$executeUpdate$0$0 in mixins.arclight.core.json:world.level.redstone.NeighborUpdaterMixin
[07Dec2025 22:28:40.764] [main/DEBUG] [mixin/]: Mixing world.level.chunk.ChunkGeneratorMixin from mixins.arclight.core.json into net.minecraft.world.level.chunk.ChunkGenerator
[07Dec2025 22:28:40.775] [main/DEBUG] [net.minecraftforge.coremod.transformer.CoreModBaseTransformer/COREMOD]: Transforming net/minecraft/world/level/levelgen/structure/Structure
[07Dec2025 22:28:40.788] [main/DEBUG] [mixin/]: Mixing world.level.chunk.ChunkAccessMixin from mixins.arclight.core.json into net.minecraft.world.level.chunk.ChunkAccess
[07Dec2025 22:28:40.788] [main/DEBUG] [mixin/]: Renaming synthetic method lambda$setBiome$0(III)Ljava/lang/String; to md2792bd$lambda$setBiome$0$0 in mixins.arclight.core.json:world.level.chunk.ChunkAccessMixin
[07Dec2025 22:28:40.798] [main/DEBUG] [mixin/]: Mixing world.level.chunk.LevelChunkMixin from mixins.arclight.core.json into net.minecraft.world.level.chunk.LevelChunk
[07Dec2025 22:28:40.822] [main/DEBUG] [mixin/]: Mixing world.entity.animal.horse.TraderLlamaEntity_FollowTraderGoalMixin from mixins.arclight.core.json into net.minecraft.world.entity.animal.horse.TraderLlama$TraderLlamaDefendWanderingTraderGoal
[07Dec2025 22:28:40.828] [main/DEBUG] [mixin/]: Mixing world.entity.animal.Turtle_LayEggGoalMixin from mixins.arclight.core.json into net.minecraft.world.entity.animal.Turtle$TurtleLayEggGoal
[07Dec2025 22:28:40.838] [main/DEBUG] [mixin/]: Mixing world.entity.monster.Vex_CopyOwnerTargetGoalMixin from mixins.arclight.core.json into net.minecraft.world.entity.monster.Vex$VexCopyOwnerTargetGoal
[07Dec2025 22:28:40.840] [main/DEBUG] [mixin/]: Mixing world.inventory.MerchantContainerMixin from mixins.arclight.core.json into net.minecraft.world.inventory.MerchantMenu
[07Dec2025 22:28:40.855] [main/DEBUG] [mixin/]: Mixing world.entity.monster.WitchMixin from mixins.arclight.core.json into net.minecraft.world.entity.monster.Witch
[07Dec2025 22:28:40.862] [main/DEBUG] [mixin/]: Mixing world.entity.npc.WanderingTraderMixin from mixins.arclight.core.json into net.minecraft.world.entity.npc.WanderingTrader
[07Dec2025 22:28:40.871] [main/DEBUG] [mixin/]: Mixing world.entity.projectile.WitherSkullMixin from mixins.arclight.core.json into net.minecraft.world.entity.projectile.WitherSkull
[07Dec2025 22:28:40.875] [main/DEBUG] [mixin/]: Mixing world.entity.monster.WitherSkeletonMixin from mixins.arclight.core.json into net.minecraft.world.entity.monster.WitherSkeleton
[07Dec2025 22:28:40.878] [main/DEBUG] [mixin/]: Mixing world.entity.animal.WolfMixin from mixins.arclight.core.json into net.minecraft.world.entity.animal.Wolf
[07Dec2025 22:28:40.883] [main/DEBUG] [mixin/]: Mixing world.entity.ai.goal.OwnerHurtByTargetGoalMixin from mixins.arclight.core.json into net.minecraft.world.entity.ai.goal.target.OwnerHurtByTargetGoal
[07Dec2025 22:28:40.884] [main/DEBUG] [mixin/]: Mixing world.entity.ai.goal.OwnerHurtTargetGoalMixin from mixins.arclight.core.json into net.minecraft.world.entity.ai.goal.target.OwnerHurtTargetGoal
[07Dec2025 22:28:40.891] [main/DEBUG] [mixin/]: Mixing world.entity.projectile.FishingHookMixin from mixins.arclight.core.json into net.minecraft.world.entity.projectile.FishingHook
[07Dec2025 22:28:40.924] [main/DEBUG] [mixin/]: Mixing world.item.crafting.IngredientMixin from mixins.arclight.core.json into net.minecraft.world.item.crafting.Ingredient
[07Dec2025 22:28:40.932] [main/DEBUG] [net.minecraftforge.coremod.transformer.CoreModBaseTransformer/COREMOD]: Transforming net/minecraft/world/effect/MobEffectInstance
[07Dec2025 22:28:40.944] [main/DEBUG] [Implementer/SWITCH_TABLE]: Candidate switch enum method <clinit>()V class net/minecraft/network/chat/Style$1
[07Dec2025 22:28:40.984] [main/DEBUG] [mixin/]: Mixing network.ServerPlayNetHandlerMixin from mixins.arclight.core.json into net.minecraft.server.network.ServerGamePacketListenerImpl
[07Dec2025 22:28:40.986] [main/DEBUG] [mixin/]: Renaming synthetic method lambda$arclight$customPayload$7(Lnet/minecraft/network/protocol/game/ServerboundCustomPayloadPacket;[B)V to md2792bd$lambda$arclight$customPayload$7$0 in mixins.arclight.core.json:network.ServerPlayNetHandlerMixin
[07Dec2025 22:28:40.986] [main/DEBUG] [mixin/]: Renaming synthetic method lambda$handleAnimate$6(Lorg/bukkit/entity/Entity;)Z to md2792bd$lambda$handleAnimate$6$1 in mixins.arclight.core.json:network.ServerPlayNetHandlerMixin
[07Dec2025 22:28:40.986] [main/DEBUG] [mixin/]: Renaming synthetic method lambda$broadcastChatMessage$5(Ljava/lang/String;)V to md2792bd$lambda$broadcastChatMessage$5$2 in mixins.arclight.core.json:network.ServerPlayNetHandlerMixin
[07Dec2025 22:28:40.986] [main/DEBUG] [mixin/]: Renaming synthetic method lambda$performChatCommand$4(Lnet/minecraft/commands/CommandSigningContext$SignedArguments;Lnet/minecraft/commands/CommandSourceStack;)Lnet/minecraft/commands/CommandSourceStack; to md2792bd$lambda$performChatCommand$4$3 in mixins.arclight.core.json:network.ServerPlayNetHandlerMixin
[07Dec2025 22:28:40.989] [main/DEBUG] [mixin/]: Renaming synthetic method lambda$handleChat$3(Ljava/util/concurrent/CompletableFuture;Ljava/util/concurrent/CompletableFuture;Lnet/minecraft/network/chat/PlayerChatMessage;Ljava/util/concurrent/Executor;)Ljava/util/concurrent/CompletableFuture; to md2792bd$lambda$handleChat$3$4 in mixins.arclight.core.json:network.ServerPlayNetHandlerMixin
[07Dec2025 22:28:40.989] [main/DEBUG] [mixin/]: Renaming synthetic method lambda$handleChat$2(Lnet/minecraft/network/chat/PlayerChatMessage;Ljava/util/concurrent/CompletableFuture;Ljava/util/concurrent/CompletableFuture;Ljava/lang/Void;)V to md2792bd$lambda$handleChat$2$5 in mixins.arclight.core.json:network.ServerPlayNetHandlerMixin
[07Dec2025 22:28:40.989] [main/DEBUG] [mixin/]: Renaming synthetic method lambda$signBook$1(Ljava/lang/String;)Ljava/lang/String; to md2792bd$lambda$signBook$1$6 in mixins.arclight.core.json:network.ServerPlayNetHandlerMixin
[07Dec2025 22:28:40.989] [main/DEBUG] [mixin/]: Renaming synthetic method lambda$disconnect$0(Lnet/minecraft/network/chat/Component;)V to md2792bd$lambda$disconnect$0$7 in mixins.arclight.core.json:network.ServerPlayNetHandlerMixin
[07Dec2025 22:28:41.085] [main/DEBUG] [mixin/]: Mixing MixinServerGamePacketListenerImpl from slib-forge.mixins.json into net.minecraft.server.network.ServerGamePacketListenerImpl
[07Dec2025 22:28:41.085] [main/DEBUG] [mixin/]: slib-forge.mixins.json:MixinServerGamePacketListenerImpl: Class version 61 required is higher than the class version supported by the current version of Mixin (JAVA_16 supports class version 60)
[07Dec2025 22:28:41.086] [main/DEBUG] [mixin/]: Mixing network.ServerGamePacketListenerImplMixin_Optimize from mixins.arclight.impl.forge.optimization.json into net.minecraft.server.network.ServerGamePacketListenerImpl
[07Dec2025 22:28:41.180] [main/DEBUG] [mixin/]: Generating mapped inner class net/minecraft/server/network/ServerGamePacketListenerImpl$Anonymous$0ad58e1f9c404588908968ae8ba416d7 (originally io/izzel/arclight/common/mixin/core/network/ServerPlayNetHandlerMixin$1)
[07Dec2025 22:28:41.183] [main/DEBUG] [mixin/]: Generating mapped inner class net/minecraft/server/network/ServerGamePacketListenerImpl$1SyncChat$92cecdde3a694b58b8046c8c192fa6de (originally io/izzel/arclight/common/mixin/core/network/ServerPlayNetHandlerMixin$1SyncChat)
[07Dec2025 22:28:41.214] [main/DEBUG] [mixin/]: Mixing server.ServerScoreboardMixin from mixins.arclight.core.json into net.minecraft.server.ServerScoreboard
[07Dec2025 22:28:41.214] [main/DEBUG] [mixin/]: Renaming synthetic method lambda$filterPlayer$0(Lnet/minecraft/server/level/ServerPlayer;)Z to md2792bd$lambda$filterPlayer$0$0 in mixins.arclight.core.json:server.ServerScoreboardMixin
[07Dec2025 22:28:41.219] [main/DEBUG] [mixin/]: Mixing commands.arguments.selector.EntitySelectorParserMixin from mixins.arclight.core.json into net.minecraft.commands.arguments.selector.EntitySelectorParser
[07Dec2025 22:28:41.240] [main/DEBUG] [Implementer/SWITCH_TABLE]: Candidate switch enum method <clinit>()V class net/minecraft/world/level/block/ShulkerBoxBlock$1
[07Dec2025 22:28:41.249] [main/DEBUG] [mixin/]: Mixing world.item.enchantment.FrostWalkerEnchantmentMixin from mixins.arclight.core.json into net.minecraft.world.item.enchantment.FrostWalkerEnchantment
[07Dec2025 22:28:41.254] [main/DEBUG] [mixin/]: Mixing world.item.enchantment.DamageEnchantmentMixin from mixins.arclight.core.json into net.minecraft.world.item.enchantment.DamageEnchantment
[07Dec2025 22:28:41.274] [main/DEBUG] [mixin/]: Mixing world.inventory.AbstractFurnaceContainerMixin from mixins.arclight.core.json into net.minecraft.world.inventory.AbstractFurnaceMenu
[07Dec2025 22:28:41.279] [main/DEBUG] [mixin/]: Mixing world.level.block.entity.ContainerOpenersCounterMixin from mixins.arclight.core.json into net.minecraft.world.level.block.entity.ContainerOpenersCounter
[07Dec2025 22:28:41.286] [main/DEBUG] [mixin/]: Mixing world.inventory.DispenserContainerMixin from mixins.arclight.core.json into net.minecraft.world.inventory.DispenserMenu
[07Dec2025 22:28:41.291] [main/DEBUG] [mixin/]: Mixing world.inventory.BrewingStandContainerMixin from mixins.arclight.core.json into net.minecraft.world.inventory.BrewingStandMenu
[07Dec2025 22:28:41.296] [main/DEBUG] [mixin/]: Mixing world.inventory.BeaconContainerMixin from mixins.arclight.core.json into net.minecraft.world.inventory.BeaconMenu
[07Dec2025 22:28:41.304] [main/DEBUG] [mixin/]: Mixing world.level.block.entity.CommandBlockTileEntity1Mixin from mixins.arclight.core.json into net.minecraft.world.level.block.entity.CommandBlockEntity$1
[07Dec2025 22:28:41.306] [main/DEBUG] [mixin/]: Mixing world.inventory.ShulkerBoxContainerMixin from mixins.arclight.core.json into net.minecraft.world.inventory.ShulkerBoxMenu
[07Dec2025 22:28:41.311] [main/DEBUG] [mixin/]: Mixing world.inventory.LecternContainerMixin from mixins.arclight.core.json into net.minecraft.world.inventory.LecternMenu
[07Dec2025 22:28:41.360] [main/DEBUG] [mixin/]: Mixing world.entity.player.InventoryMixin from mixins.arclight.core.json into net.minecraft.world.entity.player.Inventory
[07Dec2025 22:28:41.369] [main/DEBUG] [mixin/]: Mixing CraftInventoryMixin from mixins.arclight.bukkit.json into org.bukkit.craftbukkit.v1_20_R1.inventory.CraftInventory
[07Dec2025 22:28:41.371] [main/DEBUG] [Implementer/SWITCH_TABLE]: Candidate switch enum method $SWITCH_TABLE$org$bukkit$inventory$EquipmentSlot()[I class org/bukkit/craftbukkit/v1_20_R1/inventory/CraftInventoryPlayer
[07Dec2025 22:28:41.373] [main/DEBUG] [Implementer/SWITCH_TABLE]: Candidate switch enum method $SWITCH_TABLE$org$bukkit$event$inventory$InventoryType()[I class org/bukkit/inventory/InventoryView
[07Dec2025 22:28:41.374] [main/DEBUG] [mixin/]: Mixing CraftInventoryViewMixin from mixins.arclight.bukkit.json into org.bukkit.craftbukkit.v1_20_R1.inventory.CraftInventoryView
[07Dec2025 22:28:41.377] [main/DEBUG] [mixin/]: Mixing world.SimpleContainerMixin from mixins.arclight.core.json into net.minecraft.world.SimpleContainer
[07Dec2025 22:28:41.380] [main/DEBUG] [mixin/]: Mixing world.inventory.SlotMixin from mixins.arclight.core.json into net.minecraft.world.inventory.Slot
[07Dec2025 22:28:41.384] [main/DEBUG] [mixin/]: Mixing world.inventory.FurnaceResultSlotMixin from mixins.arclight.core.json into net.minecraft.world.inventory.FurnaceResultSlot
[07Dec2025 22:28:41.387] [main/DEBUG] [mixin/]: Mixing world.item.crafting.RecipeMixin from mixins.arclight.core.json into net.minecraft.world.item.crafting.Recipe
[07Dec2025 22:28:41.396] [main/DEBUG] [mixin/]: Mixing world.inventory.CraftResultInventoryMixin from mixins.arclight.core.json into net.minecraft.world.inventory.ResultContainer
[07Dec2025 22:28:41.398] [main/DEBUG] [mixin/]: Mixing world.inventory.CartographyContainer2Mixin from mixins.arclight.core.json into net.minecraft.world.inventory.CartographyTableMenu$2
[07Dec2025 22:28:41.405] [main/DEBUG] [mixin/]: Mixing world.item.crafting.CustomRecipeMixin from mixins.arclight.core.json into net.minecraft.world.item.crafting.CustomRecipe
[07Dec2025 22:28:41.408] [main/DEBUG] [mixin/]: Mixing world.item.crafting.ShapedRecipeMixin from mixins.arclight.core.json into net.minecraft.world.item.crafting.ShapedRecipe
[07Dec2025 22:28:41.423] [main/DEBUG] [mixin/]: Mixing world.item.crafting.SmeltingRecipeMixin from mixins.arclight.core.json into net.minecraft.world.item.crafting.SmeltingRecipe
[07Dec2025 22:28:41.426] [main/DEBUG] [mixin/]: Mixing world.item.crafting.BlastingRecipeMixin from mixins.arclight.core.json into net.minecraft.world.item.crafting.BlastingRecipe
[07Dec2025 22:28:41.429] [main/DEBUG] [mixin/]: Mixing world.item.crafting.SmokingRecipeMixin from mixins.arclight.core.json into net.minecraft.world.item.crafting.SmokingRecipe
[07Dec2025 22:28:41.431] [main/DEBUG] [mixin/]: Mixing world.item.crafting.CampfireCookingRecipeMixin from mixins.arclight.core.json into net.minecraft.world.item.crafting.CampfireCookingRecipe
[07Dec2025 22:28:41.434] [main/DEBUG] [mixin/]: Mixing world.item.crafting.StonecuttingRecipeMixin from mixins.arclight.core.json into net.minecraft.world.item.crafting.StonecutterRecipe
[07Dec2025 22:28:41.446] [main/DEBUG] [mixin/]: Mixing commands.arguments.EntityArgumentMixin from mixins.arclight.core.json into net.minecraft.commands.arguments.EntityArgument
[07Dec2025 22:28:41.497] [main/DEBUG] [mixin/]: Mixing world.level.storage.loot.entries.LootEntry_SerializerMixin from mixins.arclight.core.json into net.minecraft.world.level.storage.loot.entries.LootPoolEntryContainer$Serializer
[07Dec2025 22:28:41.516] [main/DEBUG] [mixin/]: Mixing world.level.storage.loot.functions.LootingEnchantBonusMixin from mixins.arclight.core.json into net.minecraft.world.level.storage.loot.functions.LootingEnchantFunction
[07Dec2025 22:28:41.755] [main/DEBUG] [net.minecraftforge.coremod.transformer.CoreModBaseTransformer/COREMOD]: Transforming net/minecraft/world/level/levelgen/structure/Structure
[07Dec2025 22:28:41.791] [main/DEBUG] [net.minecraftforge.coremod.transformer.CoreModBaseTransformer/COREMOD]: Transforming net/minecraft/world/level/levelgen/structure/structures/OceanRuinPieces$OceanRuinPiece
[07Dec2025 22:28:41.804] [main/DEBUG] [net.minecraftforge.coremod.transformer.CoreModBaseTransformer/COREMOD]: Transforming net/minecraft/world/level/levelgen/structure/structures/SwampHutPiece
[07Dec2025 22:28:41.811] [main/DEBUG] [mixin/]: Mixing world.gen.feature.structure.SwampHutPieceMixin from mixins.arclight.core.json into net.minecraft.world.level.levelgen.structure.structures.SwampHutPiece
[07Dec2025 22:28:41.817] [main/DEBUG] [net.minecraftforge.coremod.transformer.CoreModBaseTransformer/COREMOD]: Transforming net/minecraft/world/level/levelgen/structure/structures/OceanMonumentPieces$OceanMonumentPiece
[07Dec2025 22:28:41.832] [main/DEBUG] [net.minecraftforge.coremod.transformer.CoreModBaseTransformer/COREMOD]: Transforming net/minecraft/world/level/levelgen/structure/structures/WoodlandMansionPieces$WoodlandMansionPiece
[07Dec2025 22:28:41.930] [main/DEBUG] [net.minecraftforge.coremod.transformer.CoreModBaseTransformer/COREMOD]: Transforming net/minecraft/world/level/biome/Biome
[07Dec2025 22:28:42.219] [main/DEBUG] [net.minecraftforge.common.ForgeI18n/CORE]: Loading I18N data entries: 6430
[07Dec2025 22:28:42.237] [main/DEBUG] [net.minecraftforge.fml.ModWorkManager/LOADING]: Using 4 threads for parallel mod-loading
[07Dec2025 22:28:42.243] [main/DEBUG] [net.minecraftforge.fml.javafmlmod.FMLJavaModLanguageProvider/LOADING]: Loading FMLModContainer from classloader cpw.mods.modlauncher.TransformingClassLoader@5a1f778 - got cpw.mods.cl.ModuleClassLoader@31ff6309
[07Dec2025 22:28:42.244] [main/DEBUG] [net.minecraftforge.fml.javafmlmod.FMLModContainer/LOADING]: Creating FMLModContainer instance for su.plo.voice.ModVoice
[07Dec2025 22:28:42.249] [main/DEBUG] [net.minecraftforge.fml.javafmlmod.FMLJavaModLanguageProvider/LOADING]: Loading FMLModContainer from classloader cpw.mods.modlauncher.TransformingClassLoader@5a1f778 - got cpw.mods.cl.ModuleClassLoader@31ff6309
[07Dec2025 22:28:42.249] [main/DEBUG] [net.minecraftforge.fml.javafmlmod.FMLModContainer/LOADING]: Creating FMLModContainer instance for owleaf.KeysRemoverMod.KeysRemoverMod
[07Dec2025 22:28:42.250] [main/DEBUG] [net.minecraftforge.fml.javafmlmod.FMLJavaModLanguageProvider/LOADING]: Loading FMLModContainer from classloader cpw.mods.modlauncher.TransformingClassLoader@5a1f778 - got cpw.mods.cl.ModuleClassLoader@31ff6309
[07Dec2025 22:28:42.250] [main/DEBUG] [net.minecraftforge.fml.javafmlmod.FMLModContainer/LOADING]: Creating FMLModContainer instance for net.minecraftforge.common.ForgeMod
[07Dec2025 22:28:42.252] [main/DEBUG] [net.minecraftforge.fml.javafmlmod.FMLJavaModLanguageProvider/LOADING]: Loading FMLModContainer from classloader cpw.mods.modlauncher.TransformingClassLoader@5a1f778 - got cpw.mods.cl.ModuleClassLoader@31ff6309
[07Dec2025 22:28:42.252] [main/DEBUG] [net.minecraftforge.fml.javafmlmod.FMLModContainer/LOADING]: Creating FMLModContainer instance for net.squids.thundernight.ThunderNight
[07Dec2025 22:28:42.252] [main/DEBUG] [net.minecraftforge.fml.javafmlmod.FMLJavaModLanguageProvider/LOADING]: Loading FMLModContainer from classloader cpw.mods.modlauncher.TransformingClassLoader@5a1f778 - got cpw.mods.cl.ModuleClassLoader@31ff6309
[07Dec2025 22:28:42.252] [main/DEBUG] [net.minecraftforge.fml.javafmlmod.FMLModContainer/LOADING]: Creating FMLModContainer instance for io.izzel.arclight.common.mod.ArclightMod
[07Dec2025 22:28:42.253] [main/DEBUG] [net.minecraftforge.fml.javafmlmod.FMLJavaModLanguageProvider/LOADING]: Loading FMLModContainer from classloader cpw.mods.modlauncher.TransformingClassLoader@5a1f778 - got cpw.mods.cl.ModuleClassLoader@31ff6309
[07Dec2025 22:28:42.253] [main/DEBUG] [net.minecraftforge.fml.javafmlmod.FMLModContainer/LOADING]: Creating FMLModContainer instance for me.manolopro3333.owleafutils.Owleafutils
[07Dec2025 22:28:42.254] [main/DEBUG] [net.minecraftforge.fml.javafmlmod.FMLJavaModLanguageProvider/LOADING]: Loading FMLModContainer from classloader cpw.mods.modlauncher.TransformingClassLoader@5a1f778 - got cpw.mods.cl.ModuleClassLoader@31ff6309
[07Dec2025 22:28:42.254] [main/DEBUG] [net.minecraftforge.fml.javafmlmod.FMLModContainer/LOADING]: Creating FMLModContainer instance for HealtEM.healtem.Healtem
[07Dec2025 22:28:42.287] [modloading-worker-0/DEBUG] [net.minecraftforge.fml.javafmlmod.AutomaticEventSubscriber/LOADING]: Attempting to inject @EventBusSubscriber classes into the eventbus for plasmovoice
[07Dec2025 22:28:42.296] [modloading-worker-0/DEBUG] [net.minecraftforge.fml.javafmlmod.AutomaticEventSubscriber/LOADING]: Attempting to inject @EventBusSubscriber classes into the eventbus for keys_remover
[07Dec2025 22:28:42.306] [modloading-worker-0/INFO] [Arclight/]: Arclight Mod 已加载
[07Dec2025 22:28:42.356] [modloading-worker-0/DEBUG] [net.minecraftforge.versions.forge.ForgeVersion/CORE]: Forge Version package package net.minecraftforge.versions.forge, Forge, version 47.2 from cpw.mods.modlauncher.TransformingClassLoader@5a1f778
[07Dec2025 22:28:42.357] [modloading-worker-0/DEBUG] [net.minecraftforge.versions.forge.ForgeVersion/CORE]: Found Forge version 47.2.20
[07Dec2025 22:28:42.357] [modloading-worker-0/DEBUG] [net.minecraftforge.versions.forge.ForgeVersion/CORE]: Found Forge spec 47.2
[07Dec2025 22:28:42.357] [modloading-worker-0/DEBUG] [net.minecraftforge.versions.forge.ForgeVersion/CORE]: Found Forge group net.minecraftforge
[07Dec2025 22:28:42.357] [modloading-worker-0/DEBUG] [mixin/]: Mixing CraftBlockMixin from mixins.arclight.bukkit.json into org.bukkit.craftbukkit.v1_20_R1.block.CraftBlock
[07Dec2025 22:28:42.357] [modloading-worker-0/DEBUG] [net.minecraftforge.versions.mcp.MCPVersion/CORE]: MCP Version package package net.minecraftforge.versions.mcp, Minecraft, version 1.20.1 from cpw.mods.modlauncher.TransformingClassLoader@5a1f778
[07Dec2025 22:28:42.357] [modloading-worker-0/DEBUG] [net.minecraftforge.versions.mcp.MCPVersion/CORE]: Found MC version information 1.20.1
[07Dec2025 22:28:42.358] [modloading-worker-0/DEBUG] [net.minecraftforge.versions.mcp.MCPVersion/CORE]: Found MCP version information 20230612.114412
[07Dec2025 22:28:42.358] [modloading-worker-0/INFO] [net.minecraftforge.common.ForgeMod/FORGEMOD]: Forge mod loading, version 47.2.20, for MC 1.20.1 with MCP 20230612.114412
[07Dec2025 22:28:42.358] [modloading-worker-0/INFO] [net.minecraftforge.common.MinecraftForge/FORGE]: MinecraftForge v47.2.20 Initialized
[07Dec2025 22:28:42.360] [modloading-worker-0/DEBUG] [Implementer/SWITCH_TABLE]: Candidate switch enum method $SWITCH_TABLE$net$minecraft$core$EnumDirection()[I class org/bukkit/craftbukkit/v1_20_R1/block/CraftBlock
[07Dec2025 22:28:42.360] [modloading-worker-0/DEBUG] [Implementer/SWITCH_TABLE]: Candidate switch enum method $SWITCH_TABLE$org$bukkit$block$BlockFace()[I class org/bukkit/craftbukkit/v1_20_R1/block/CraftBlock
[07Dec2025 22:28:42.379] [modloading-worker-0/DEBUG] [net.minecraftforge.fml.javafmlmod.AutomaticEventSubscriber/LOADING]: Attempting to inject @EventBusSubscriber classes into the eventbus for thundernight
[07Dec2025 22:28:42.379] [modloading-worker-0/DEBUG] [net.minecraftforge.fml.javafmlmod.AutomaticEventSubscriber/LOADING]: Auto-subscribing net.squids.thundernight.event.PinguinoSlotLockHandler to FORGE
[07Dec2025 22:28:42.388] [modloading-worker-0/DEBUG] [net.minecraftforge.fml.javafmlmod.AutomaticEventSubscriber/LOADING]: Auto-subscribing net.squids.thundernight.event.PinguinoCombatHandler to FORGE
[07Dec2025 22:28:42.390] [modloading-worker-0/DEBUG] [mixin/]: Mixing world.damagesource.DamageSourceMixin from mixins.arclight.core.json into net.minecraft.world.damagesource.DamageSource
[07Dec2025 22:28:42.400] [modloading-worker-0/DEBUG] [net.minecraftforge.fml.javafmlmod.AutomaticEventSubscriber/LOADING]: Auto-subscribing net.squids.thundernight.event.ModEvents to FORGE
[07Dec2025 22:28:42.405] [modloading-worker-0/INFO] [me.manolopro3333.owleafutils.Owleafutils/]: [OwleafUtils] cargado exitosamente.
[07Dec2025 22:28:42.408] [modloading-worker-0/DEBUG] [net.minecraftforge.fml.javafmlmod.AutomaticEventSubscriber/LOADING]: Attempting to inject @EventBusSubscriber classes into the eventbus for owleafutils
[07Dec2025 22:28:42.408] [modloading-worker-0/DEBUG] [net.minecraftforge.fml.javafmlmod.AutomaticEventSubscriber/LOADING]: Auto-subscribing me.manolopro3333.owleafutils.Owleafutils$ServerEvents to FORGE
[07Dec2025 22:28:42.410] [modloading-worker-0/DEBUG] [net.minecraftforge.fml.javafmlmod.AutomaticEventSubscriber/LOADING]: Auto-subscribing net.squids.thundernight.event.GameTickHandler to FORGE
[07Dec2025 22:28:42.423] [modloading-worker-0/INFO] [Arclight/]: Arclight 事件系统已注册
[07Dec2025 22:28:42.424] [modloading-worker-0/DEBUG] [net.minecraftforge.fml.javafmlmod.AutomaticEventSubscriber/LOADING]: Attempting to inject @EventBusSubscriber classes into the eventbus for arclight
[07Dec2025 22:28:42.445] [modloading-worker-0/DEBUG] [net.minecraftforge.fml.config.ConfigTracker/CONFIG]: Config file healtem-common.toml for healtem tracking
[07Dec2025 22:28:42.446] [modloading-worker-0/DEBUG] [net.minecraftforge.fml.javafmlmod.AutomaticEventSubscriber/LOADING]: Attempting to inject @EventBusSubscriber classes into the eventbus for healtem
[07Dec2025 22:28:42.446] [modloading-worker-0/DEBUG] [net.minecraftforge.fml.javafmlmod.AutomaticEventSubscriber/LOADING]: Auto-subscribing HealtEM.healtem.Config to MOD
[07Dec2025 22:28:42.481] [modloading-worker-0/DEBUG] [io.netty.util.internal.PlatformDependent0/]: -Dio.netty.noUnsafe: false
[07Dec2025 22:28:42.482] [modloading-worker-0/DEBUG] [io.netty.util.internal.PlatformDependent0/]: Java version: 21
[07Dec2025 22:28:42.482] [modloading-worker-0/DEBUG] [io.netty.util.internal.PlatformDependent0/]: sun.misc.Unsafe.theUnsafe: available
[07Dec2025 22:28:42.483] [modloading-worker-0/DEBUG] [io.netty.util.internal.PlatformDependent0/]: sun.misc.Unsafe.copyMemory: available
[07Dec2025 22:28:42.483] [modloading-worker-0/DEBUG] [io.netty.util.internal.PlatformDependent0/]: sun.misc.Unsafe.storeFence: available
[07Dec2025 22:28:42.484] [modloading-worker-0/DEBUG] [io.netty.util.internal.PlatformDependent0/]: java.nio.Buffer.address: available
[07Dec2025 22:28:42.484] [modloading-worker-0/DEBUG] [io.netty.util.internal.PlatformDependent0/]: direct buffer constructor: unavailable
java.lang.NoSuchMethodException: java.nio.DirectByteBuffer.<init>(long,int)
	at java.lang.Class.getConstructor0(Class.java:3761) ~[?:?] {re:mixin}
	at java.lang.Class.getDeclaredConstructor(Class.java:2930) ~[?:?] {re:mixin}
	at io.netty.util.internal.PlatformDependent0$5.run(PlatformDependent0.java:287) ~[netty-common-4.1.82.Final.jar%23116!/:4.1.82.Final] {}
	at java.security.AccessController.doPrivileged(AccessController.java:319) ~[?:?] {}
	at io.netty.util.internal.PlatformDependent0.<clinit>(PlatformDependent0.java:282) ~[netty-common-4.1.82.Final.jar%23116!/:4.1.82.Final] {}
	at io.netty.util.internal.PlatformDependent.isAndroid(PlatformDependent.java:333) ~[netty-common-4.1.82.Final.jar%23116!/:4.1.82.Final] {}
	at io.netty.util.internal.PlatformDependent.<clinit>(PlatformDependent.java:88) ~[netty-common-4.1.82.Final.jar%23116!/:4.1.82.Final] {}
	at io.netty.util.ConstantPool.<init>(ConstantPool.java:34) ~[netty-common-4.1.82.Final.jar%23116!/:4.1.82.Final] {}
	at io.netty.util.AttributeKey$1.<init>(AttributeKey.java:27) ~[netty-common-4.1.82.Final.jar%23116!/:4.1.82.Final] {}
	at io.netty.util.AttributeKey.<clinit>(AttributeKey.java:27) ~[netty-common-4.1.82.Final.jar%23116!/:4.1.82.Final] {}
	at net.minecraftforge.network.NetworkConstants.<clinit>(NetworkConstants.java:34) ~[forge-1.20.1-47.2.20-universal.jar%23180!/:?] {re:classloading}
	at net.minecraftforge.common.ForgeMod.<init>(ForgeMod.java:429) ~[forge-1.20.1-47.2.20-universal.jar%23180!/:?] {re:classloading}
	at jdk.internal.reflect.DirectConstructorHandleAccessor.newInstance(DirectConstructorHandleAccessor.java:62) ~[?:?] {}
	at java.lang.reflect.Constructor.newInstanceWithCaller(Constructor.java:502) ~[?:?] {}
	at java.lang.reflect.Constructor.newInstance(Constructor.java:486) ~[?:?] {}
	at net.minecraftforge.fml.javafmlmod.FMLModContainer.constructMod(FMLModContainer.java:70) ~[javafmllanguage-1.20.1-47.2.20.jar%23177!/:?] {}
	at net.minecraftforge.fml.ModContainer.lambda$buildTransitionHandler$4(ModContainer.java:124) ~[fmlcore-1.20.1-47.2.20.jar%23176!/:?] {}
	at java.util.concurrent.CompletableFuture$AsyncRun.run(CompletableFuture.java:1804) ~[?:?] {}
	at java.util.concurrent.CompletableFuture$AsyncRun.exec(CompletableFuture.java:1796) ~[?:?] {}
	at java.util.concurrent.ForkJoinTask.doExec(ForkJoinTask.java:387) ~[?:?] {}
	at java.util.concurrent.ForkJoinPool$WorkQueue.topLevelExec(ForkJoinPool.java:1312) ~[?:?] {}
	at java.util.concurrent.ForkJoinPool.scan(ForkJoinPool.java:1843) ~[?:?] {}
	at java.util.concurrent.ForkJoinPool.runWorker(ForkJoinPool.java:1808) ~[?:?] {}
	at java.util.concurrent.ForkJoinWorkerThread.run(ForkJoinWorkerThread.java:188) ~[?:?] {}
[07Dec2025 22:28:42.485] [modloading-worker-0/DEBUG] [io.netty.util.internal.PlatformDependent0/]: java.nio.Bits.unaligned: available, true
[07Dec2025 22:28:42.486] [modloading-worker-0/DEBUG] [io.netty.util.internal.PlatformDependent0/]: jdk.internal.misc.Unsafe.allocateUninitializedArray(int): unavailable
java.lang.IllegalAccessException: class io.netty.util.internal.PlatformDependent0$7 (in module io.netty.common) cannot access class jdk.internal.misc.Unsafe (in module java.base) because module java.base does not export jdk.internal.misc to module io.netty.common
	at jdk.internal.reflect.Reflection.newIllegalAccessException(Reflection.java:394) ~[?:?] {}
	at java.lang.reflect.AccessibleObject.checkAccess(AccessibleObject.java:714) ~[?:?] {}
	at java.lang.reflect.Method.invoke(Method.java:571) ~[?:?] {}
	at io.netty.util.internal.PlatformDependent0$7.run(PlatformDependent0.java:410) ~[netty-common-4.1.82.Final.jar%23116!/:4.1.82.Final] {}
	at java.security.AccessController.doPrivileged(AccessController.java:319) ~[?:?] {}
	at io.netty.util.internal.PlatformDependent0.<clinit>(PlatformDependent0.java:401) ~[netty-common-4.1.82.Final.jar%23116!/:4.1.82.Final] {}
	at io.netty.util.internal.PlatformDependent.isAndroid(PlatformDependent.java:333) ~[netty-common-4.1.82.Final.jar%23116!/:4.1.82.Final] {}
	at io.netty.util.internal.PlatformDependent.<clinit>(PlatformDependent.java:88) ~[netty-common-4.1.82.Final.jar%23116!/:4.1.82.Final] {}
	at io.netty.util.ConstantPool.<init>(ConstantPool.java:34) ~[netty-common-4.1.82.Final.jar%23116!/:4.1.82.Final] {}
	at io.netty.util.AttributeKey$1.<init>(AttributeKey.java:27) ~[netty-common-4.1.82.Final.jar%23116!/:4.1.82.Final] {}
	at io.netty.util.AttributeKey.<clinit>(AttributeKey.java:27) ~[netty-common-4.1.82.Final.jar%23116!/:4.1.82.Final] {}
	at net.minecraftforge.network.NetworkConstants.<clinit>(NetworkConstants.java:34) ~[forge-1.20.1-47.2.20-universal.jar%23180!/:?] {re:classloading}
	at net.minecraftforge.common.ForgeMod.<init>(ForgeMod.java:429) ~[forge-1.20.1-47.2.20-universal.jar%23180!/:?] {re:classloading}
	at jdk.internal.reflect.DirectConstructorHandleAccessor.newInstance(DirectConstructorHandleAccessor.java:62) ~[?:?] {}
	at java.lang.reflect.Constructor.newInstanceWithCaller(Constructor.java:502) ~[?:?] {}
	at java.lang.reflect.Constructor.newInstance(Constructor.java:486) ~[?:?] {}
	at net.minecraftforge.fml.javafmlmod.FMLModContainer.constructMod(FMLModContainer.java:70) ~[javafmllanguage-1.20.1-47.2.20.jar%23177!/:?] {}
	at net.minecraftforge.fml.ModContainer.lambda$buildTransitionHandler$4(ModContainer.java:124) ~[fmlcore-1.20.1-47.2.20.jar%23176!/:?] {}
	at java.util.concurrent.CompletableFuture$AsyncRun.run(CompletableFuture.java:1804) ~[?:?] {}
	at java.util.concurrent.CompletableFuture$AsyncRun.exec(CompletableFuture.java:1796) ~[?:?] {}
	at java.util.concurrent.ForkJoinTask.doExec(ForkJoinTask.java:387) ~[?:?] {}
	at java.util.concurrent.ForkJoinPool$WorkQueue.topLevelExec(ForkJoinPool.java:1312) ~[?:?] {}
	at java.util.concurrent.ForkJoinPool.scan(ForkJoinPool.java:1843) ~[?:?] {}
	at java.util.concurrent.ForkJoinPool.runWorker(ForkJoinPool.java:1808) ~[?:?] {}
	at java.util.concurrent.ForkJoinWorkerThread.run(ForkJoinWorkerThread.java:188) ~[?:?] {}
[07Dec2025 22:28:42.487] [modloading-worker-0/DEBUG] [io.netty.util.internal.PlatformDependent0/]: java.nio.DirectByteBuffer.<init>(long, int): unavailable
[07Dec2025 22:28:42.487] [modloading-worker-0/DEBUG] [io.netty.util.internal.PlatformDependent/]: sun.misc.Unsafe: available
[07Dec2025 22:28:42.488] [modloading-worker-0/DEBUG] [io.netty.util.internal.PlatformDependent/]: maxDirectMemory: 12884901888 bytes (maybe)
[07Dec2025 22:28:42.488] [modloading-worker-0/DEBUG] [io.netty.util.internal.PlatformDependent/]: -Dio.netty.tmpdir: /tmp (java.io.tmpdir)
[07Dec2025 22:28:42.488] [modloading-worker-0/DEBUG] [io.netty.util.internal.PlatformDependent/]: -Dio.netty.bitMode: 64 (sun.arch.data.model)
[07Dec2025 22:28:42.489] [modloading-worker-0/DEBUG] [io.netty.util.internal.PlatformDependent/]: -Dio.netty.maxDirectMemory: -1 bytes
[07Dec2025 22:28:42.489] [modloading-worker-0/DEBUG] [io.netty.util.internal.PlatformDependent/]: -Dio.netty.uninitializedArrayAllocationThreshold: -1
[07Dec2025 22:28:42.490] [modloading-worker-0/DEBUG] [io.netty.util.internal.CleanerJava9/]: java.nio.ByteBuffer.cleaner(): available
[07Dec2025 22:28:42.490] [modloading-worker-0/DEBUG] [io.netty.util.internal.PlatformDependent/]: -Dio.netty.noPreferDirect: false
[07Dec2025 22:28:42.510] [modloading-worker-0/DEBUG] [net.minecraftforge.common.ForgeMod/FORGEMOD]: Loading Network data for FML net version: FML3
[07Dec2025 22:28:42.529] [modloading-worker-0/DEBUG] [net.minecraftforge.fml.config.ConfigTracker/CONFIG]: Config file forge-client.toml for forge tracking
[07Dec2025 22:28:42.529] [modloading-worker-0/DEBUG] [net.minecraftforge.fml.config.ConfigTracker/CONFIG]: Config file forge-server.toml for forge tracking
[07Dec2025 22:28:42.529] [modloading-worker-0/DEBUG] [net.minecraftforge.fml.ModLoadingContext/]: Attempted to register an empty config for type COMMON on mod forge
[07Dec2025 22:28:42.547] [modloading-worker-0/DEBUG] [net.minecraftforge.fml.javafmlmod.AutomaticEventSubscriber/LOADING]: Attempting to inject @EventBusSubscriber classes into the eventbus for forge
[07Dec2025 22:28:42.547] [modloading-worker-0/DEBUG] [net.minecraftforge.fml.javafmlmod.AutomaticEventSubscriber/LOADING]: Auto-subscribing net.minecraftforge.common.ForgeSpawnEggItem$CommonHandler to MOD
[07Dec2025 22:28:42.702] [main/DEBUG] [net.minecraftforge.common.capabilities.CapabilityManager/CAPABILITIES]: Attempting to automatically register: Lnet/minecraftforge/energy/IEnergyStorage;
[07Dec2025 22:28:42.703] [main/DEBUG] [net.minecraftforge.common.capabilities.CapabilityManager/CAPABILITIES]: Attempting to automatically register: Lnet/minecraftforge/fluids/capability/IFluidHandler;
[07Dec2025 22:28:42.703] [main/DEBUG] [net.minecraftforge.common.capabilities.CapabilityManager/CAPABILITIES]: Attempting to automatically register: Lnet/minecraftforge/fluids/capability/IFluidHandlerItem;
[07Dec2025 22:28:42.703] [main/DEBUG] [net.minecraftforge.common.capabilities.CapabilityManager/CAPABILITIES]: Attempting to automatically register: Lnet/minecraftforge/items/IItemHandler;
[07Dec2025 22:28:42.862] [main/DEBUG] [mixin/]: Mixing ForgeHooksMixin from mixins.arclight.forge.json into net.minecraftforge.common.ForgeHooks
[07Dec2025 22:28:42.910] [main/DEBUG] [mixin/]: Mixing CraftHumanEntityMixin from mixins.arclight.bukkit.json into org.bukkit.craftbukkit.v1_20_R1.entity.CraftHumanEntity
[07Dec2025 22:28:42.912] [main/DEBUG] [Implementer/SWITCH_TABLE]: Candidate switch enum method $SWITCH_TABLE$org$bukkit$event$inventory$InventoryType()[I class org/bukkit/craftbukkit/v1_20_R1/inventory/CraftContainer
[07Dec2025 22:28:42.914] [main/DEBUG] [mixin/]: Mixing world.inventory.PlayerContainerMixin from mixins.arclight.core.json into net.minecraft.world.inventory.InventoryMenu
[07Dec2025 22:28:42.939] [main/DEBUG] [net.minecraftforge.fml.config.ConfigTracker/CONFIG]: Loading configs type COMMON
[07Dec2025 22:28:42.940] [main/DEBUG] [net.minecraftforge.fml.config.ConfigFileTypeHandler/CONFIG]: Built TOML config for /workspaces/serveralpaca/servidor_minecraft/config/healtem-common.toml
[07Dec2025 22:28:42.941] [main/DEBUG] [net.minecraftforge.fml.config.ConfigFileTypeHandler/CONFIG]: Loaded TOML config file /workspaces/serveralpaca/servidor_minecraft/config/healtem-common.toml
[07Dec2025 22:28:42.945] [main/DEBUG] [net.minecraftforge.fml.config.ConfigFileTypeHandler/CONFIG]: Watching TOML config file /workspaces/serveralpaca/servidor_minecraft/config/healtem-common.toml for changes
[07Dec2025 22:28:42.948] [Thread-1/DEBUG] [net.minecraftforge.fml.config.ConfigFileTypeHandler/CONFIG]: Config file healtem-common.toml changed, sending notifies
[07Dec2025 22:28:42.951] [Thread-1/DEBUG] [net.minecraftforge.fml.config.ConfigFileTypeHandler/CONFIG]: Config file healtem-common.toml changed, sending notifies
[07Dec2025 22:28:42.954] [modloading-worker-0/INFO] [HealtEM.healtem.Healtem/]: HELLO FROM COMMON SETUP
[07Dec2025 22:28:42.954] [modloading-worker-0/INFO] [HealtEM.healtem.Healtem/]: DIRT BLOCK >> minecraft:dirt
[07Dec2025 22:28:42.955] [modloading-worker-0/INFO] [HealtEM.healtem.Healtem/]: The magic number is... 42
[07Dec2025 22:28:42.955] [modloading-worker-0/INFO] [HealtEM.healtem.Healtem/]: ITEM >> iron_ingot
[07Dec2025 22:28:43.499] [main/DEBUG] [Implementer/SWITCH_TABLE]: Candidate switch enum method <clinit>()V class net/minecraft/world/level/block/BedBlock$1
[07Dec2025 22:28:43.642] [main/DEBUG] [Implementer/SWITCH_TABLE]: Candidate switch enum method <clinit>()V class net/minecraft/world/level/block/piston/PistonBaseBlock$1
[07Dec2025 22:28:43.778] [main/DEBUG] [Implementer/SWITCH_TABLE]: Candidate switch enum method <clinit>()V class net/minecraft/world/level/block/ChestBlock$4
[07Dec2025 22:28:43.804] [main/DEBUG] [Implementer/SWITCH_TABLE]: Candidate switch enum method <clinit>()V class net/minecraft/world/level/block/DoorBlock$1
[07Dec2025 22:28:43.807] [main/DEBUG] [Implementer/SWITCH_TABLE]: Candidate switch enum method <clinit>()V class net/minecraft/world/level/block/LadderBlock$1
[07Dec2025 22:28:43.840] [main/DEBUG] [Implementer/SWITCH_TABLE]: Candidate switch enum method <clinit>()V class net/minecraft/world/level/block/WallHangingSignBlock$1
[07Dec2025 22:28:43.845] [main/DEBUG] [Implementer/SWITCH_TABLE]: Candidate switch enum method <clinit>()V class net/minecraft/world/level/block/LeverBlock$1
[07Dec2025 22:28:43.850] [main/DEBUG] [Implementer/SWITCH_TABLE]: Candidate switch enum method <clinit>()V class net/minecraft/world/level/block/ButtonBlock$1
[07Dec2025 22:28:43.864] [main/DEBUG] [Implementer/SWITCH_TABLE]: Candidate switch enum method <clinit>()V class net/minecraft/world/level/block/NetherPortalBlock$1
[07Dec2025 22:28:44.017] [Forge Version Check/INFO] [net.minecraftforge.fml.VersionChecker/]: [forge] Starting version check at https://files.minecraftforge.net/net/minecraftforge/forge/promotions_slim.json
[07Dec2025 22:28:44.060] [main/DEBUG] [Implementer/SWITCH_TABLE]: Candidate switch enum method <clinit>()V class net/minecraft/world/level/block/TrapDoorBlock$1
[07Dec2025 22:28:44.088] [main/DEBUG] [Implementer/SWITCH_TABLE]: Candidate switch enum method <clinit>()V class net/minecraft/world/level/block/ChainBlock$1
[07Dec2025 22:28:44.155] [main/DEBUG] [Implementer/SWITCH_TABLE]: Candidate switch enum method <clinit>()V class net/minecraft/world/level/block/CocoaBlock$1
[07Dec2025 22:28:44.161] [main/DEBUG] [Implementer/SWITCH_TABLE]: Candidate switch enum method <clinit>()V class net/minecraft/world/level/block/TripWireHookBlock$1
[07Dec2025 22:28:44.271] [main/DEBUG] [Implementer/SWITCH_TABLE]: Candidate switch enum method <clinit>()V class net/minecraft/world/level/block/HopperBlock$1
[07Dec2025 22:28:44.337] [main/DEBUG] [Implementer/SWITCH_TABLE]: Candidate switch enum method <clinit>()V class net/minecraft/world/level/block/SlabBlock$1
[07Dec2025 22:28:44.396] [main/DEBUG] [Implementer/SWITCH_TABLE]: Candidate switch enum method <clinit>()V class net/minecraft/world/level/block/RodBlock$1
[07Dec2025 22:28:44.601] [Forge Version Check/DEBUG] [net.minecraftforge.fml.VersionChecker/]: [forge] Received version check data:
{
  "homepage": "https://files.minecraftforge.net/net/minecraftforge/forge/",
  "promos": {
    "1.1-latest": "1.3.4.29",
    "1.2.3-latest": "1.4.1.64",
    "1.2.4-latest": "2.0.0.68",
    "1.2.5-latest": "3.4.9.171",
    "1.3.2-latest": "4.3.5.318",
    "1.4.0-latest": "5.0.0.326",
    "1.4.1-latest": "6.0.0.329",
    "1.4.2-latest": "6.0.1.355",
    "1.4.3-latest": "6.2.1.358",
    "1.4.4-latest": "6.3.0.378",
    "1.4.5-latest": "6.4.2.448",
    "1.4.6-latest": "6.5.0.489",
    "1.4.7-latest": "6.6.2.534",
    "1.5-latest": "7.7.0.598",
    "1.5.1-latest": "7.7.2.682",
    "1.5.2-latest": "7.8.1.738",
    "1.5.2-recommended": "7.8.1.738",
    "1.6.1-latest": "8.9.0.775",
    "1.6.2-latest": "9.10.1.871",
    "1.6.2-recommended": "9.10.1.871",
    "1.6.3-latest": "9.11.0.878",
    "1.6.4-latest": "9.11.1.1345",
    "1.6.4-recommended": "9.11.1.1345",
    "1.7.2-latest": "10.12.2.1161",
    "1.7.2-recommended": "10.12.2.1161",
    "1.7.10-latest": "10.13.4.1614",
    "1.7.10-recommended": "10.13.4.1614",
    "1.8-latest": "11.14.4.1577",
    "1.8-recommended": "11.14.4.1563",
    "1.8.8-latest": "11.15.0.1655",
    "1.8.9-latest": "11.15.1.2318",
    "1.8.9-recommended": "11.15.1.2318",
    "1.9-latest": "12.16.1.1938",
    "1.9-recommended": "12.16.1.1887",
    "1.9.4-latest": "12.17.0.2317",
    "1.9.4-recommended": "12.17.0.2317",
    "1.10-latest": "12.18.0.2000",
    "1.10.2-latest": "12.18.3.2511",
    "1.10.2-recommended": "12.18.3.2511",
    "1.11-latest": "13.19.1.2199",
    "1.11-recommended": "13.19.1.2189",
    "1.11.2-latest": "13.20.1.2588",
    "1.11.2-recommended": "13.20.1.2588",
    "1.12-latest": "14.21.1.2443",
    "1.12-recommended": "14.21.1.2387",
    "1.12.1-latest": "14.22.1.2485",
    "1.12.1-recommended": "14.22.1.2478",
    "1.12.2-latest": "14.23.5.2864",
    "1.12.2-recommended": "14.23.5.2859",
    "1.13.2-latest": "25.0.223",
    "1.14.2-latest": "26.0.63",
    "1.14.3-latest": "27.0.60",
    "1.14.4-latest": "28.2.27",
    "1.14.4-recommended": "28.2.26",
    "1.15-latest": "29.0.4",
    "1.15.1-latest": "30.0.51",
    "1.15.2-latest": "31.2.60",
    "1.15.2-recommended": "31.2.57",
    "1.16.1-latest": "32.0.108",
    "1.16.2-latest": "33.0.61",
    "1.16.3-latest": "34.1.42",
    "1.16.3-recommended": "34.1.0",
    "1.16.4-latest": "35.1.37",
    "1.16.4-recommended": "35.1.4",
    "1.16.5-latest": "36.2.42",
    "1.16.5-recommended": "36.2.34",
    "1.17.1-latest": "37.1.1",
    "1.17.1-recommended": "37.1.1",
    "1.18-latest": "38.0.17",
    "1.18.1-latest": "39.1.2",
    "1.18.1-recommended": "39.1.0",
    "1.18.2-recommended": "40.3.0",
    "1.18.2-latest": "40.3.12",
    "1.19-latest": "41.1.0",
    "1.19-recommended": "41.1.0",
    "1.19.1-latest": "42.0.9",
    "1.19.2-recommended": "43.5.0",
    "1.19.2-latest": "43.5.2",
    "1.19.3-latest": "44.1.23",
    "1.19.3-recommended": "44.1.0",
    "1.19.4-recommended": "45.4.0",
    "1.19.4-latest": "45.4.3",
    "1.20-latest": "46.0.14",
    "1.20.1-recommended": "47.4.10",
    "1.20.1-latest": "47.4.13",
    "1.20.2-latest": "48.1.0",
    "1.20.2-recommended": "48.1.0",
    "1.20.3-latest": "49.0.2",
    "1.20.4-latest": "49.2.4",
    "1.20.4-recommended": "49.2.0",
    "1.20.6-latest": "50.2.4",
    "1.20.6-recommended": "50.2.0",
    "1.21-latest": "51.0.33",
    "1.21.1-latest": "52.1.8",
    "1.21.1-recommended": "52.1.0",
    "1.21.3-latest": "53.1.6",
    "1.21.3-recommended": "53.1.0",
    "1.21.4-latest": "54.1.11",
    "1.21.4-recommended": "54.1.0",
    "1.21.5-latest": "55.1.4",
    "1.21.5-recommended": "55.1.0",
    "1.21.6-latest": "56.0.9",
    "1.21.7-latest": "57.0.3",
    "1.21.8-latest": "58.1.11",
    "1.21.8-recommended": "58.1.0",
    "1.21.9-latest": "59.0.5",
    "1.21.10-latest": "60.1.5",
    "1.21.10-recommended": "60.1.0"
  }
}
[07Dec2025 22:28:44.604] [Forge Version Check/INFO] [net.minecraftforge.fml.VersionChecker/]: [forge] Found status: OUTDATED Current: 47.2.20 Target: 47.4.10
[07Dec2025 22:28:44.687] [main/DEBUG] [Implementer/SWITCH_TABLE]: Candidate switch enum method <clinit>()V class net/minecraft/world/level/block/GrindstoneBlock$1
[07Dec2025 22:28:44.688] [main/DEBUG] [Implementer/SWITCH_TABLE]: Candidate switch enum method <clinit>()V class net/minecraft/world/level/block/LecternBlock$1
[07Dec2025 22:28:44.752] [main/DEBUG] [Implementer/SWITCH_TABLE]: Candidate switch enum method <clinit>()V class net/minecraft/world/level/block/AmethystClusterBlock$1
[07Dec2025 22:28:44.791] [main/DEBUG] [Implementer/SWITCH_TABLE]: Candidate switch enum method <clinit>()V class net/minecraft/world/level/block/BigDripleafStemBlock$1
[07Dec2025 22:28:44.875] [main/INFO] [com.mojang.authlib.yggdrasil.YggdrasilAuthenticationService/]: Environment: authHost='https://authserver.mojang.com', accountsHost='https://api.mojang.com', sessionHost='https://sessionserver.mojang.com', servicesHost='https://api.minecraftservices.com', name='PROD'
[07Dec2025 22:28:44.898] [main/DEBUG] [mixin/]: Mixing world.storage.LevelStorageSourceMixin from mixins.arclight.core.json into net.minecraft.world.level.storage.LevelStorageSource
[07Dec2025 22:28:45.442] [main/DEBUG] [Implementer/SWITCH_TABLE]: Candidate switch enum method <clinit>()V class net/minecraft/nbt/NbtIo$1
[07Dec2025 22:28:45.443] [main/DEBUG] [Implementer/SWITCH_TABLE]: Candidate switch enum method <clinit>()V class net/minecraft/nbt/CompoundTag$2
[07Dec2025 22:28:45.444] [main/DEBUG] [Implementer/SWITCH_TABLE]: Candidate switch enum method <clinit>()V class net/minecraft/nbt/ListTag$2
[07Dec2025 22:28:45.490] [main/WARN] [net.minecraft.server.packs.VanillaPackResourcesBuilder/]: Assets URL 'union:/workspaces/serveralpaca/servidor_minecraft/libraries/net/minecraft/server/1.20.1-20230612.114412/server-1.20.1-20230612.114412-srg.jar%23175!/assets/.mcassetsroot' uses unexpected schema
[07Dec2025 22:28:45.490] [main/WARN] [net.minecraft.server.packs.VanillaPackResourcesBuilder/]: Assets URL 'union:/workspaces/serveralpaca/servidor_minecraft/libraries/net/minecraft/server/1.20.1-20230612.114412/server-1.20.1-20230612.114412-srg.jar%23175!/data/.mcassetsroot' uses unexpected schema
[07Dec2025 22:28:45.508] [main/DEBUG] [mixin/]: Mixing server.WorldLoaderMixin from mixins.arclight.core.json into net.minecraft.server.WorldLoader
[07Dec2025 22:28:45.518] [main/DEBUG] [mixin/]: Mixing server.management.ServerPlayerGameModeMixin from mixins.arclight.core.json into net.minecraft.server.level.ServerPlayerGameMode
[07Dec2025 22:28:45.569] [main/DEBUG] [mixin/]: Mixing realtime.PlayerInteractionManagerMixin_Realtime from mixins.arclight.impl.forge.optimization.json into net.minecraft.server.level.ServerPlayerGameMode
[07Dec2025 22:28:45.619] [main/DEBUG] [net.minecraftforge.server.ServerLifecycleHooks/CORE]: Generating PackInfo named mod:plasmovoice for mod file /workspaces/serveralpaca/servidor_minecraft/mods/plasmovoice-forge-1.20.1-2.1.5.jar
[07Dec2025 22:28:45.619] [main/DEBUG] [net.minecraftforge.server.ServerLifecycleHooks/CORE]: Generating PackInfo named mod:keys_remover for mod file /workspaces/serveralpaca/servidor_minecraft/mods/keys_remover-1.0.1.jar
[07Dec2025 22:28:45.620] [main/DEBUG] [net.minecraftforge.server.ServerLifecycleHooks/CORE]: Generating PackInfo named mod:forge for mod file /workspaces/serveralpaca/servidor_minecraft/libraries/net/minecraftforge/forge/1.20.1-47.2.20/forge-1.20.1-47.2.20-universal.jar
[07Dec2025 22:28:45.620] [main/DEBUG] [net.minecraftforge.server.ServerLifecycleHooks/CORE]: Generating PackInfo named mod:thundernight for mod file /workspaces/serveralpaca/servidor_minecraft/mods/PinguinoGame.jar
[07Dec2025 22:28:45.621] [main/DEBUG] [net.minecraftforge.server.ServerLifecycleHooks/CORE]: Generating PackInfo named mod:arclight for mod file /workspaces/serveralpaca/servidor_minecraft/.arclight/mod_file/arclight-1.20.1-1.0.5-1a8925b.jar
[07Dec2025 22:28:45.621] [main/DEBUG] [net.minecraftforge.server.ServerLifecycleHooks/CORE]: Generating PackInfo named mod:owleafutils for mod file /workspaces/serveralpaca/servidor_minecraft/mods/owleafutils-0.1.5.0-BETA.jar
[07Dec2025 22:28:45.621] [main/DEBUG] [net.minecraftforge.server.ServerLifecycleHooks/CORE]: Generating PackInfo named mod:healtem for mod file /workspaces/serveralpaca/servidor_minecraft/mods/healtem-1.0.jar
[07Dec2025 22:28:45.915] [main/DEBUG] [Implementer/SWITCH_TABLE]: Candidate switch enum method <clinit>()V class net/minecraft/world/level/levelgen/structure/structures/JigsawStructure$1
[07Dec2025 22:28:45.974] [main/DEBUG] [Implementer/SWITCH_TABLE]: Candidate switch enum method <clinit>()V class net/minecraft/world/level/levelgen/DensityFunctions$1
[07Dec2025 22:28:46.237] [main/DEBUG] [mixin/]: Mixing world.storage.PrimaryLevelDataMixin from mixins.arclight.core.json into net.minecraft.world.level.storage.PrimaryLevelData
[07Dec2025 22:28:46.259] [main/DEBUG] [mixin/]: Mixing world.level.storage.loot.LootDataManagerMixin from mixins.arclight.core.json into net.minecraft.world.level.storage.loot.LootDataManager
[07Dec2025 22:28:46.259] [main/DEBUG] [mixin/]: Renaming synthetic method lambda$arclight$buildRev$0(Lcom/google/common/collect/ImmutableMap$Builder;Lnet/minecraft/world/level/storage/loot/LootDataId;Ljava/lang/Object;)V to md2792bd$lambda$arclight$buildRev$0$0 in mixins.arclight.core.json:world.level.storage.loot.LootDataManagerMixin
[07Dec2025 22:28:46.272] [main/DEBUG] [mixin/]: Mixing world.level.storage.loot.LootTableMixin from mixins.arclight.core.json into net.minecraft.world.level.storage.loot.LootTable
[07Dec2025 22:28:46.280] [main/DEBUG] [mixin/]: Mixing commands.CommandsMixin from mixins.arclight.core.json into net.minecraft.commands.Commands
[07Dec2025 22:28:46.281] [main/DEBUG] [mixin/]: Renaming synthetic method lambda$sendCommands$4(Lcom/mojang/brigadier/suggestion/SuggestionProvider;)Lcom/mojang/brigadier/suggestion/SuggestionProvider; to md2792bd$lambda$sendCommands$4$0 in mixins.arclight.core.json:commands.CommandsMixin
[07Dec2025 22:28:46.281] [main/DEBUG] [mixin/]: Renaming synthetic method lambda$sendCommands$3(Lcom/mojang/brigadier/context/CommandContext;)I to md2792bd$lambda$sendCommands$3$1 in mixins.arclight.core.json:commands.CommandsMixin
[07Dec2025 22:28:46.281] [main/DEBUG] [mixin/]: Renaming synthetic method lambda$sendCommands$2(Lcom/mojang/brigadier/suggestion/SuggestionProvider;)Lcom/mojang/brigadier/suggestion/SuggestionProvider; to md2792bd$lambda$sendCommands$2$2 in mixins.arclight.core.json:commands.CommandsMixin
[07Dec2025 22:28:46.281] [main/DEBUG] [mixin/]: Renaming synthetic method lambda$sendCommands$1(Lcom/mojang/brigadier/context/CommandContext;)I to md2792bd$lambda$sendCommands$1$3 in mixins.arclight.core.json:commands.CommandsMixin
[07Dec2025 22:28:46.281] [main/DEBUG] [mixin/]: Renaming synthetic method lambda$arclight$constructor$0(Lcom/mojang/brigadier/context/CommandContext;ZI)V to md2792bd$lambda$arclight$constructor$0$4 in mixins.arclight.core.json:commands.CommandsMixin
[07Dec2025 22:28:46.296] [main/DEBUG] [mixin/]: Mixing commands.CommandSourceStackMixin from mixins.arclight.core.json into net.minecraft.commands.CommandSourceStack
[07Dec2025 22:28:46.310] [main/DEBUG] [Implementer/SWITCH_TABLE]: Candidate switch enum method <clinit>()V class net/minecraft/commands/CommandBuildContext$3
[07Dec2025 22:28:46.362] [main/DEBUG] [mixin/]: Mixing server.commands.EffectCommandMixin from mixins.arclight.core.json into net.minecraft.server.commands.EffectCommands
[07Dec2025 22:28:46.376] [main/DEBUG] [mixin/]: Mixing server.commands.GameRuleCommandMixin from mixins.arclight.core.json into net.minecraft.server.commands.GameRuleCommand
[07Dec2025 22:28:46.402] [main/DEBUG] [mixin/]: Mixing server.commands.ReloadCommandMixin from mixins.arclight.core.json into net.minecraft.server.commands.ReloadCommand
[07Dec2025 22:28:46.416] [main/DEBUG] [mixin/]: Mixing server.commands.SetSpawnCommandMixin from mixins.arclight.core.json into net.minecraft.server.commands.SetSpawnCommand
[07Dec2025 22:28:46.423] [main/DEBUG] [net.minecraftforge.coremod.transformer.CoreModBaseTransformer/COREMOD]: Transforming net/minecraft/server/commands/SummonCommand
[07Dec2025 22:28:46.429] [main/DEBUG] [mixin/]: Mixing server.commands.SummonCommandMixin from mixins.arclight.core.json into net.minecraft.server.commands.SummonCommand
[07Dec2025 22:28:46.444] [main/DEBUG] [mixin/]: Mixing server.commands.TeleportCommandMixin from mixins.arclight.core.json into net.minecraft.server.commands.TeleportCommand
[07Dec2025 22:28:46.451] [main/DEBUG] [mixin/]: Mixing server.commands.TimeCommandMixin from mixins.arclight.core.json into net.minecraft.server.commands.TimeCommand
[07Dec2025 22:28:46.522] [main/DEBUG] [mixin/]: Mixing server.management.BanEntryMixin from mixins.arclight.core.json into net.minecraft.server.players.BanListEntry
[07Dec2025 22:28:46.539] [main/DEBUG] [mixin/]: Mixing ForgeEventFactoryMixin from mixins.arclight.forge.json into net.minecraftforge.event.ForgeEventFactory
[07Dec2025 22:28:46.639] [main/DEBUG] [mixin/]: Mixing world.item.crafting.RecipeManagerMixin from mixins.arclight.core.json into net.minecraft.world.item.crafting.RecipeManager
[07Dec2025 22:28:46.640] [main/DEBUG] [mixin/]: Renaming synthetic method lambda$getRecipeFor$1(Lnet/minecraft/world/Container;Lnet/minecraft/world/level/Level;Lnet/minecraft/world/item/crafting/Recipe;)Z to md2792bd$lambda$getRecipeFor$1$0 in mixins.arclight.core.json:world.item.crafting.RecipeManagerMixin
[07Dec2025 22:28:46.640] [main/DEBUG] [mixin/]: Renaming synthetic method lambda$apply$0(Lnet/minecraft/world/item/crafting/RecipeType;)Lit/unimi/dsi/fastutil/objects/Object2ObjectLinkedOpenHashMap; to md2792bd$lambda$apply$0$1 in mixins.arclight.core.json:world.item.crafting.RecipeManagerMixin
[07Dec2025 22:28:46.945] [Worker-Main-1/DEBUG] [mixin/]: Mixing world.level.storage.loot.predicates.SurvivesExplosionMixin from mixins.arclight.core.json into net.minecraft.world.level.storage.loot.predicates.ExplosionCondition
[07Dec2025 22:28:46.950] [Worker-Main-1/DEBUG] [mixin/]: Mixing world.level.storage.loot.parameters.LootParametersMixin from mixins.arclight.core.json into net.minecraft.world.level.storage.loot.parameters.LootContextParams
[07Dec2025 22:28:46.998] [Worker-Main-1/DEBUG] [net.minecraftforge.coremod.transformer.CoreModBaseTransformer/COREMOD]: Transforming net/minecraft/world/entity/raid/Raid
[07Dec2025 22:28:47.022] [Worker-Main-1/DEBUG] [mixin/]: Mixing world.entity.raid.RaidMixin from mixins.arclight.core.json into net.minecraft.world.entity.raid.Raid
[07Dec2025 22:28:47.042] [Worker-Main-1/DEBUG] [mixin/]: Mixing stats.StatisticsCounterMixin from mixins.arclight.core.json into net.minecraft.stats.StatsCounter
[07Dec2025 22:28:47.045] [Worker-Main-1/DEBUG] [mixin/]: Mixing world.item.crafting.ServerRecipeBookMixin from mixins.arclight.core.json into net.minecraft.stats.ServerRecipeBook
[07Dec2025 22:28:47.060] [Worker-Main-1/DEBUG] [mixin/]: Mixing world.level.storage.loot.predicates.RandomChanceWithLootingMixin from mixins.arclight.core.json into net.minecraft.world.level.storage.loot.predicates.LootItemRandomChanceWithLootingCondition
[07Dec2025 22:28:47.198] [main/DEBUG] [mixin/]: Mixing world.item.crafting.ShapelessRecipeMixin from mixins.arclight.core.json into net.minecraft.world.item.crafting.ShapelessRecipe
[07Dec2025 22:28:47.204] [main/DEBUG] [mixin/]: Mixing world.item.crafting.SmithingTrimRecipeMixin from mixins.arclight.core.json into net.minecraft.world.item.crafting.SmithingTrimRecipe
[07Dec2025 22:28:47.212] [main/DEBUG] [mixin/]: Mixing world.item.crafting.SmithingTransformRecipeMixin from mixins.arclight.core.json into net.minecraft.world.item.crafting.SmithingTransformRecipe
[07Dec2025 22:28:47.247] [main/INFO] [net.minecraft.world.item.crafting.RecipeManager/]: Loaded 7 recipes
[07Dec2025 22:28:47.372] [main/DEBUG] [mixin/]: Mixing advancements.AdvancementMixin from mixins.arclight.core.json into net.minecraft.advancements.Advancement
[07Dec2025 22:28:47.396] [main/INFO] [net.minecraft.advancements.AdvancementList/]: Loaded 1271 advancements
[07Dec2025 22:28:47.810] [main/DEBUG] [net.minecraftforge.common.ForgeHooks/WP]: Gathering id map for writing to world save Squid Alpaca Games
[07Dec2025 22:28:47.823] [main/DEBUG] [net.minecraftforge.common.ForgeHooks/WP]: ID Map collection complete Squid Alpaca Games
[07Dec2025 22:28:47.851] [main/DEBUG] [mixin/]: Mixing server.management.PlayerListMixin from mixins.arclight.core.json into net.minecraft.server.players.PlayerList
[07Dec2025 22:28:47.878] [main/DEBUG] [mixin/]: Mixing MixinPlayerList from slib.mixins.json into net.minecraft.server.players.PlayerList
[07Dec2025 22:28:47.878] [main/DEBUG] [mixin/]: slib.mixins.json:MixinPlayerList: Class version 61 required is higher than the class version supported by the current version of Mixin (JAVA_16 supports class version 60)
[07Dec2025 22:28:47.920] [main/DEBUG] [mixin/]: Mixing world.storage.PlayerDataMixin from mixins.arclight.core.json into net.minecraft.world.level.storage.PlayerDataStorage
[07Dec2025 22:28:47.924] [main/DEBUG] [mixin/]: Mixing server.ServerFunctionManagerMixin from mixins.arclight.core.json into net.minecraft.server.ServerFunctionManager
[07Dec2025 22:28:47.929] [main/DEBUG] [mixin/]: Mixing network.rcon.RConConsoleSourceMixin from mixins.arclight.core.json into net.minecraft.server.rcon.RconConsoleSource
[07Dec2025 22:28:47.932] [Server thread/INFO] [net.minecraft.server.dedicated.DedicatedServer/]: Starting minecraft server version 1.20.1
[07Dec2025 22:28:47.933] [Server thread/INFO] [net.minecraft.server.dedicated.DedicatedServer/]: Loading properties
[07Dec2025 22:28:47.933] [Server thread/INFO] [net.minecraft.server.dedicated.DedicatedServer/]: Default game type: SURVIVAL
[07Dec2025 22:28:47.933] [Server thread/INFO] [net.minecraft.server.MinecraftServer/]: Generating keypair
[07Dec2025 22:28:48.000] [Server thread/INFO] [net.minecraft.server.dedicated.DedicatedServer/]: Starting Minecraft server on *:25565
[07Dec2025 22:28:48.000] [Server thread/DEBUG] [net.minecraftforge.network.DualStackUtils/]: Detected IPv6 address: "0:0:0:0:0:0:0:0"
[07Dec2025 22:28:48.006] [Server thread/DEBUG] [io.netty.util.internal.NativeLibraryLoader/]: -Dio.netty.native.workdir: /tmp (io.netty.tmpdir)
[07Dec2025 22:28:48.006] [Server thread/DEBUG] [io.netty.util.internal.NativeLibraryLoader/]: -Dio.netty.native.deleteLibAfterLoading: true
[07Dec2025 22:28:48.006] [Server thread/DEBUG] [io.netty.util.internal.NativeLibraryLoader/]: -Dio.netty.native.tryPatchShadedId: true
[07Dec2025 22:28:48.006] [Server thread/DEBUG] [io.netty.util.internal.NativeLibraryLoader/]: -Dio.netty.native.detectNativeLibraryDuplicates: true
[07Dec2025 22:28:48.013] [Server thread/DEBUG] [io.netty.util.internal.NativeLibraryLoader/]: Successfully loaded the library /tmp/libnetty_transport_native_epoll_x86_6412553330196082098585.so
[07Dec2025 22:28:48.015] [Server thread/DEBUG] [io.netty.util.NetUtil/]: -Djava.net.preferIPv4Stack: false
[07Dec2025 22:28:48.015] [Server thread/DEBUG] [io.netty.util.NetUtil/]: -Djava.net.preferIPv6Addresses: true
[07Dec2025 22:28:48.017] [Server thread/DEBUG] [io.netty.util.NetUtilInitializations/]: Loopback interface: lo (lo, 0:0:0:0:0:0:0:1%lo)
[07Dec2025 22:28:48.017] [Server thread/DEBUG] [io.netty.util.NetUtil/]: /proc/sys/net/core/somaxconn: 4096
[07Dec2025 22:28:48.020] [Server thread/INFO] [net.minecraft.server.network.ServerConnectionListener/]: Using epoll channel type
[07Dec2025 22:28:48.058] [Server thread/DEBUG] [mixin/]: Mixing network.ConnectionMixin from mixins.arclight.core.json into net.minecraft.network.Connection
[07Dec2025 22:28:48.070] [Server thread/DEBUG] [io.netty.channel.MultithreadEventLoopGroup/]: -Dio.netty.eventLoopThreads: 8
[07Dec2025 22:28:48.082] [Server thread/DEBUG] [io.netty.util.internal.InternalThreadLocalMap/]: -Dio.netty.threadLocalMap.stringBuilder.initialSize: 1024
[07Dec2025 22:28:48.082] [Server thread/DEBUG] [io.netty.util.internal.InternalThreadLocalMap/]: -Dio.netty.threadLocalMap.stringBuilder.maxSize: 4096
[07Dec2025 22:28:48.092] [Server thread/DEBUG] [io.netty.util.internal.PlatformDependent/]: org.jctools-core.MpscChunkedArrayQueue: available
[07Dec2025 22:28:48.101] [Server thread/DEBUG] [io.netty.channel.DefaultChannelId/]: -Dio.netty.processId: 5833 (auto-detected)
[07Dec2025 22:28:48.102] [Server thread/DEBUG] [io.netty.channel.DefaultChannelId/]: -Dio.netty.machineId: 7c:1e:52:ff:fe:b5:94:fc (auto-detected)
[07Dec2025 22:28:48.127] [Server thread/DEBUG] [io.netty.buffer.PooledByteBufAllocator/]: -Dio.netty.allocator.numHeapArenas: 8
[07Dec2025 22:28:48.127] [Server thread/DEBUG] [io.netty.buffer.PooledByteBufAllocator/]: -Dio.netty.allocator.numDirectArenas: 8
[07Dec2025 22:28:48.127] [Server thread/DEBUG] [io.netty.buffer.PooledByteBufAllocator/]: -Dio.netty.allocator.pageSize: 8192
[07Dec2025 22:28:48.127] [Server thread/DEBUG] [io.netty.buffer.PooledByteBufAllocator/]: -Dio.netty.allocator.maxOrder: 9
[07Dec2025 22:28:48.127] [Server thread/DEBUG] [io.netty.buffer.PooledByteBufAllocator/]: -Dio.netty.allocator.chunkSize: 4194304
[07Dec2025 22:28:48.127] [Server thread/DEBUG] [io.netty.buffer.PooledByteBufAllocator/]: -Dio.netty.allocator.smallCacheSize: 256
[07Dec2025 22:28:48.127] [Server thread/DEBUG] [io.netty.buffer.PooledByteBufAllocator/]: -Dio.netty.allocator.normalCacheSize: 64
[07Dec2025 22:28:48.127] [Server thread/DEBUG] [io.netty.buffer.PooledByteBufAllocator/]: -Dio.netty.allocator.maxCachedBufferCapacity: 32768
[07Dec2025 22:28:48.127] [Server thread/DEBUG] [io.netty.buffer.PooledByteBufAllocator/]: -Dio.netty.allocator.cacheTrimInterval: 8192
[07Dec2025 22:28:48.127] [Server thread/DEBUG] [io.netty.buffer.PooledByteBufAllocator/]: -Dio.netty.allocator.cacheTrimIntervalMillis: 0
[07Dec2025 22:28:48.127] [Server thread/DEBUG] [io.netty.buffer.PooledByteBufAllocator/]: -Dio.netty.allocator.useCacheForAllThreads: false
[07Dec2025 22:28:48.127] [Server thread/DEBUG] [io.netty.buffer.PooledByteBufAllocator/]: -Dio.netty.allocator.maxCachedByteBuffersPerChunk: 1023
[07Dec2025 22:28:48.134] [Server thread/DEBUG] [io.netty.buffer.ByteBufUtil/]: -Dio.netty.allocator.type: pooled
[07Dec2025 22:28:48.134] [Server thread/DEBUG] [io.netty.buffer.ByteBufUtil/]: -Dio.netty.threadLocalDirectBufferSize: 0
[07Dec2025 22:28:48.134] [Server thread/DEBUG] [io.netty.buffer.ByteBufUtil/]: -Dio.netty.maxThreadLocalCharBufferSize: 16384
[07Dec2025 22:28:48.143] [Server thread/WARN] [net.minecraft.server.dedicated.DedicatedServer/]: **** SERVER IS RUNNING IN OFFLINE/INSECURE MODE!
[07Dec2025 22:28:48.143] [Server thread/WARN] [net.minecraft.server.dedicated.DedicatedServer/]: The server will make no attempt to authenticate usernames. Beware.
[07Dec2025 22:28:48.143] [Server thread/WARN] [net.minecraft.server.dedicated.DedicatedServer/]: While this makes the game possible to play without internet access, it also opens up the ability for hackers to connect with any username they choose.
[07Dec2025 22:28:48.143] [Server thread/WARN] [net.minecraft.server.dedicated.DedicatedServer/]: To change this, set "online-mode" to "true" in the server.properties file.
[07Dec2025 22:28:48.146] [Server thread/DEBUG] [mixin/]: Mixing server.management.UserListMixin from mixins.arclight.core.json into net.minecraft.server.players.StoredUserList
[07Dec2025 22:28:48.167] [Server thread/DEBUG] [mixin/]: Mixing CraftServerMixin from mixins.arclight.bukkit.json into org.bukkit.craftbukkit.v1_20_R1.CraftServer
[07Dec2025 22:28:48.182] [Server thread/DEBUG] [Implementer/SWITCH_TABLE]: Candidate switch enum method $SWITCH_TABLE$org$bukkit$World$Environment()[I class org/bukkit/craftbukkit/v1_20_R1/CraftServer
[07Dec2025 22:28:48.182] [Server thread/DEBUG] [Implementer/SWITCH_TABLE]: Candidate switch enum method $SWITCH_TABLE$org$bukkit$BanList$Type()[I class org/bukkit/craftbukkit/v1_20_R1/CraftServer
[07Dec2025 22:28:48.201] [Server thread/DEBUG] [Implementer/SWITCH_TABLE]: Candidate switch enum method $SWITCH_TABLE$org$bukkit$Statistic()[I class org/bukkit/scoreboard/Criteria
[07Dec2025 22:28:48.201] [Server thread/DEBUG] [Implementer/SWITCH_TABLE]: Find switch(enum org/bukkit/Statistic) table method $SWITCH_TABLE$org$bukkit$Statistic()[I in class org/bukkit/scoreboard/Criteria
[07Dec2025 22:28:48.201] [Server thread/DEBUG] [Implementer/SWITCH_TABLE]: Inject method in method org/bukkit/scoreboard/Criteria:$SWITCH_TABLE$org$bukkit$Statistic()[I, switch table field is $SWITCH_TABLE$org$bukkit$Statistic[I
[07Dec2025 22:28:48.212] [Server thread/DEBUG] [mixin/]: Mixing CraftRecipeMixin from mixins.arclight.bukkit.json into org.bukkit.craftbukkit.v1_20_R1.inventory.CraftRecipe
[07Dec2025 22:28:48.212] [Server thread/DEBUG] [mixin/]: Renaming synthetic method lambda$toNMS$1(Lorg/bukkit/inventory/ItemStack;)Lnet/minecraft/world/item/crafting/Ingredient$ItemValue; to md2792bd$lambda$toNMS$1$0 in mixins.arclight.bukkit.json:CraftRecipeMixin
[07Dec2025 22:28:48.212] [Server thread/DEBUG] [mixin/]: Renaming synthetic method lambda$toNMS$0(Lorg/bukkit/Material;)Lnet/minecraft/world/item/crafting/Ingredient$ItemValue; to md2792bd$lambda$toNMS$0$1 in mixins.arclight.bukkit.json:CraftRecipeMixin
[07Dec2025 22:28:48.230] [Server thread/DEBUG] [mixin/]: Mixing CraftItemFactoryMixin from mixins.arclight.bukkit.json into org.bukkit.craftbukkit.v1_20_R1.inventory.CraftItemFactory
[07Dec2025 22:28:48.231] [Server thread/DEBUG] [Implementer/SWITCH_TABLE]: Candidate switch enum method $SWITCH_TABLE$org$bukkit$Material()[I class org/bukkit/craftbukkit/v1_20_R1/inventory/CraftItemFactory
[07Dec2025 22:28:48.231] [Server thread/DEBUG] [Implementer/SWITCH_TABLE]: Find switch(enum org/bukkit/Material) table method $SWITCH_TABLE$org$bukkit$Material()[I in class org/bukkit/craftbukkit/v1_20_R1/inventory/CraftItemFactory
[07Dec2025 22:28:48.231] [Server thread/DEBUG] [Implementer/SWITCH_TABLE]: Inject method in method org/bukkit/craftbukkit/v1_20_R1/inventory/CraftItemFactory:$SWITCH_TABLE$org$bukkit$Material()[I, switch table field is $SWITCH_TABLE$org$bukkit$Material[I
[07Dec2025 22:28:48.240] [Server thread/DEBUG] [Implementer/SWITCH_TABLE]: Candidate switch enum method $SWITCH_TABLE$org$bukkit$FireworkEffect$Type()[I class org/bukkit/craftbukkit/v1_20_R1/inventory/CraftMetaFirework
[07Dec2025 22:28:48.322] [Server thread/DEBUG] [mixin/]: Mixing CraftMetaItemMixin from mixins.arclight.bukkit.json into org.bukkit.craftbukkit.v1_20_R1.inventory.CraftMetaItem
[07Dec2025 22:28:48.353] [Server thread/DEBUG] [Implementer/SWITCH_TABLE]: Candidate switch enum method $SWITCH_TABLE$org$bukkit$FireworkEffect$Type()[I class org/bukkit/craftbukkit/v1_20_R1/inventory/CraftMetaFirework
[07Dec2025 22:28:48.372] [Server thread/DEBUG] [mixin/]: Mixing CraftSchedulerMixin from mixins.arclight.bukkit.json into org.bukkit.craftbukkit.v1_20_R1.scheduler.CraftScheduler
[07Dec2025 22:28:48.378] [Server thread/DEBUG] [mixin/]: Mixing JavaPluginLoaderMixin from mixins.arclight.bukkit.json into org.bukkit.plugin.java.JavaPluginLoader
[07Dec2025 22:28:48.378] [Server thread/DEBUG] [mixin/]: Renaming synthetic method lambda$createExecutor$0(Ljava/lang/reflect/Method;Ljava/lang/Class;)Ljava/lang/Class; to md2792bd$lambda$createExecutor$0$0 in mixins.arclight.bukkit.json:JavaPluginLoaderMixin
[07Dec2025 22:28:48.505] [Server thread/INFO] [Minecraft/]: This server is running Arclight version arclight-1.20.1-1.0.5-1a8925b (MC: 1.20.1) (Implementing API version 1.20.1-R0.1-SNAPSHOT)
[07Dec2025 22:28:48.509] [Server thread/DEBUG] [mixin/]: Mixing Registry_SimpleRegistryMixin from mixins.arclight.bukkit.json into org.bukkit.Registry$SimpleRegistry
[07Dec2025 22:28:48.510] [Server thread/DEBUG] [mixin/]: Renaming synthetic method lambda$arclight$init$0(Ljava/lang/Class;Ljava/util/function/Predicate;)V to md2792bd$lambda$arclight$init$0$0 in mixins.arclight.bukkit.json:Registry_SimpleRegistryMixin
[07Dec2025 22:28:48.517] [Server thread/DEBUG] [Implementer/]: Definalize enum class org/bukkit/Art values field ENUM$VALUES
[07Dec2025 22:28:48.522] [Server thread/DEBUG] [Implementer/]: Definalize enum class org/bukkit/block/Biome values field ENUM$VALUES
[07Dec2025 22:28:48.525] [Server thread/DEBUG] [mixin/]: Mixing EntityTypeMixin from mixins.arclight.bukkit.json into org.bukkit.entity.EntityType
[07Dec2025 22:28:48.525] [Server thread/DEBUG] [mixin/]: Renaming synthetic method lambda$setup$0(Lorg/bukkit/Location;)Lnet/minecraft/world/entity/Entity; to md2792bd$lambda$setup$0$0 in mixins.arclight.bukkit.json:EntityTypeMixin
[07Dec2025 22:28:48.530] [Server thread/DEBUG] [Implementer/]: Definalize enum class org/bukkit/entity/EntityType values field ENUM$VALUES
[07Dec2025 22:28:48.731] [Server thread/DEBUG] [mixin/]: Mixing MaterialMixin from mixins.arclight.bukkit.json into org.bukkit.Material
[07Dec2025 22:28:48.732] [Server thread/DEBUG] [mixin/]: Renaming synthetic method lambda$dynamicMetaCreator$24(Ljava/lang/reflect/Constructor;Lorg/bukkit/craftbukkit/v1_20_R1/inventory/CraftMetaItem;)Lorg/bukkit/inventory/meta/ItemMeta; to md2792bd$lambda$dynamicMetaCreator$24$0 in mixins.arclight.bukkit.json:MaterialMixin
[07Dec2025 22:28:48.732] [Server thread/DEBUG] [mixin/]: Renaming synthetic method lambda$dynamicMetaCreator$23(Ljava/lang/reflect/Constructor;Lorg/bukkit/craftbukkit/v1_20_R1/inventory/CraftMetaItem;)Lorg/bukkit/inventory/meta/ItemMeta; to md2792bd$lambda$dynamicMetaCreator$23$1 in mixins.arclight.bukkit.json:MaterialMixin
[07Dec2025 22:28:48.732] [Server thread/DEBUG] [mixin/]: Renaming synthetic method lambda$dynamicMetaCreator$22(Ljava/lang/reflect/Constructor;Lorg/bukkit/craftbukkit/v1_20_R1/inventory/CraftMetaItem;)Lorg/bukkit/inventory/meta/ItemMeta; to md2792bd$lambda$dynamicMetaCreator$22$2 in mixins.arclight.bukkit.json:MaterialMixin
[07Dec2025 22:28:48.732] [Server thread/DEBUG] [mixin/]: Renaming synthetic method lambda$dynamicMetaCreator$21(Ljava/lang/reflect/Constructor;Lorg/bukkit/craftbukkit/v1_20_R1/inventory/CraftMetaItem;)Lorg/bukkit/inventory/meta/ItemMeta; to md2792bd$lambda$dynamicMetaCreator$21$3 in mixins.arclight.bukkit.json:MaterialMixin
[07Dec2025 22:28:48.732] [Server thread/DEBUG] [mixin/]: Renaming synthetic method lambda$setupBlockStateFunc$20(Ljava/lang/reflect/Constructor;Lorg/bukkit/craftbukkit/v1_20_R1/block/CraftBlock;)Lorg/bukkit/block/BlockState; to md2792bd$lambda$setupBlockStateFunc$20$4 in mixins.arclight.bukkit.json:MaterialMixin
[07Dec2025 22:28:48.732] [Server thread/DEBUG] [mixin/]: Renaming synthetic method lambda$arclight$setupCommon$19(Ljava/util/function/BiFunction;Lorg/bukkit/craftbukkit/v1_20_R1/inventory/CraftMetaItem;)Lorg/bukkit/inventory/meta/ItemMeta; to md2792bd$lambda$arclight$setupCommon$19$5 in mixins.arclight.bukkit.json:MaterialMixin
[07Dec2025 22:28:48.732] [Server thread/DEBUG] [mixin/]: Renaming synthetic method lambda$static$18(Lorg/bukkit/Material;Lorg/bukkit/craftbukkit/v1_20_R1/inventory/CraftMetaItem;)Lorg/bukkit/inventory/meta/ItemMeta; to md2792bd$lambda$static$18$6 in mixins.arclight.bukkit.json:MaterialMixin
[07Dec2025 22:28:48.732] [Server thread/DEBUG] [mixin/]: Renaming synthetic method lambda$static$17(Lorg/bukkit/Material;Lorg/bukkit/craftbukkit/v1_20_R1/inventory/CraftMetaItem;)Lorg/bukkit/inventory/meta/ItemMeta; to md2792bd$lambda$static$17$7 in mixins.arclight.bukkit.json:MaterialMixin
[07Dec2025 22:28:48.732] [Server thread/DEBUG] [mixin/]: Renaming synthetic method lambda$static$16(Lorg/bukkit/Material;Lorg/bukkit/craftbukkit/v1_20_R1/inventory/CraftMetaItem;)Lorg/bukkit/inventory/meta/ItemMeta; to md2792bd$lambda$static$16$8 in mixins.arclight.bukkit.json:MaterialMixin
[07Dec2025 22:28:48.732] [Server thread/DEBUG] [mixin/]: Renaming synthetic method lambda$static$15(Lorg/bukkit/Material;Lorg/bukkit/craftbukkit/v1_20_R1/inventory/CraftMetaItem;)Lorg/bukkit/inventory/meta/ItemMeta; to md2792bd$lambda$static$15$9 in mixins.arclight.bukkit.json:MaterialMixin
[07Dec2025 22:28:48.732] [Server thread/DEBUG] [mixin/]: Renaming synthetic method lambda$static$14(Lorg/bukkit/Material;Lorg/bukkit/craftbukkit/v1_20_R1/inventory/CraftMetaItem;)Lorg/bukkit/inventory/meta/ItemMeta; to md2792bd$lambda$static$14$a in mixins.arclight.bukkit.json:MaterialMixin
[07Dec2025 22:28:48.732] [Server thread/DEBUG] [mixin/]: Renaming synthetic method lambda$static$13(Lorg/bukkit/Material;Lorg/bukkit/craftbukkit/v1_20_R1/inventory/CraftMetaItem;)Lorg/bukkit/inventory/meta/ItemMeta; to md2792bd$lambda$static$13$b in mixins.arclight.bukkit.json:MaterialMixin
[07Dec2025 22:28:48.732] [Server thread/DEBUG] [mixin/]: Renaming synthetic method lambda$static$12(Lorg/bukkit/Material;Lorg/bukkit/craftbukkit/v1_20_R1/inventory/CraftMetaItem;)Lorg/bukkit/inventory/meta/ItemMeta; to md2792bd$lambda$static$12$c in mixins.arclight.bukkit.json:MaterialMixin
[07Dec2025 22:28:48.732] [Server thread/DEBUG] [mixin/]: Renaming synthetic method lambda$static$11(Lorg/bukkit/Material;Lorg/bukkit/craftbukkit/v1_20_R1/inventory/CraftMetaItem;)Lorg/bukkit/inventory/meta/ItemMeta; to md2792bd$lambda$static$11$d in mixins.arclight.bukkit.json:MaterialMixin
[07Dec2025 22:28:48.732] [Server thread/DEBUG] [mixin/]: Renaming synthetic method lambda$static$10(Lorg/bukkit/Material;Lorg/bukkit/craftbukkit/v1_20_R1/inventory/CraftMetaItem;)Lorg/bukkit/inventory/meta/ItemMeta; to md2792bd$lambda$static$10$e in mixins.arclight.bukkit.json:MaterialMixin
[07Dec2025 22:28:48.732] [Server thread/DEBUG] [mixin/]: Renaming synthetic method lambda$static$9(Lorg/bukkit/Material;Lorg/bukkit/craftbukkit/v1_20_R1/inventory/CraftMetaItem;)Lorg/bukkit/inventory/meta/ItemMeta; to md2792bd$lambda$static$9$f in mixins.arclight.bukkit.json:MaterialMixin
[07Dec2025 22:28:48.732] [Server thread/DEBUG] [mixin/]: Renaming synthetic method lambda$static$8(Lorg/bukkit/Material;Lorg/bukkit/craftbukkit/v1_20_R1/inventory/CraftMetaItem;)Lorg/bukkit/inventory/meta/ItemMeta; to md2792bd$lambda$static$8$10 in mixins.arclight.bukkit.json:MaterialMixin
[07Dec2025 22:28:48.732] [Server thread/DEBUG] [mixin/]: Renaming synthetic method lambda$static$7(Lorg/bukkit/Material;Lorg/bukkit/craftbukkit/v1_20_R1/inventory/CraftMetaItem;)Lorg/bukkit/inventory/meta/ItemMeta; to md2792bd$lambda$static$7$11 in mixins.arclight.bukkit.json:MaterialMixin
[07Dec2025 22:28:48.732] [Server thread/DEBUG] [mixin/]: Renaming synthetic method lambda$static$6(Lorg/bukkit/Material;Lorg/bukkit/craftbukkit/v1_20_R1/inventory/CraftMetaItem;)Lorg/bukkit/inventory/meta/ItemMeta; to md2792bd$lambda$static$6$12 in mixins.arclight.bukkit.json:MaterialMixin
[07Dec2025 22:28:48.732] [Server thread/DEBUG] [mixin/]: Renaming synthetic method lambda$static$5(Lorg/bukkit/Material;Lorg/bukkit/craftbukkit/v1_20_R1/inventory/CraftMetaItem;)Lorg/bukkit/inventory/meta/ItemMeta; to md2792bd$lambda$static$5$13 in mixins.arclight.bukkit.json:MaterialMixin
[07Dec2025 22:28:48.732] [Server thread/DEBUG] [mixin/]: Renaming synthetic method lambda$static$4(Lorg/bukkit/Material;Lorg/bukkit/craftbukkit/v1_20_R1/inventory/CraftMetaItem;)Lorg/bukkit/inventory/meta/ItemMeta; to md2792bd$lambda$static$4$14 in mixins.arclight.bukkit.json:MaterialMixin
[07Dec2025 22:28:48.732] [Server thread/DEBUG] [mixin/]: Renaming synthetic method lambda$static$3(Lorg/bukkit/Material;Lorg/bukkit/craftbukkit/v1_20_R1/inventory/CraftMetaItem;)Lorg/bukkit/inventory/meta/ItemMeta; to md2792bd$lambda$static$3$15 in mixins.arclight.bukkit.json:MaterialMixin
[07Dec2025 22:28:48.732] [Server thread/DEBUG] [mixin/]: Renaming synthetic method lambda$static$2(Lorg/bukkit/Material;Lorg/bukkit/craftbukkit/v1_20_R1/inventory/CraftMetaItem;)Lorg/bukkit/inventory/meta/ItemMeta; to md2792bd$lambda$static$2$16 in mixins.arclight.bukkit.json:MaterialMixin
[07Dec2025 22:28:48.732] [Server thread/DEBUG] [mixin/]: Renaming synthetic method lambda$static$1(Lorg/bukkit/Material;Lorg/bukkit/craftbukkit/v1_20_R1/inventory/CraftMetaItem;)Lorg/bukkit/inventory/meta/ItemMeta; to md2792bd$lambda$static$1$17 in mixins.arclight.bukkit.json:MaterialMixin
[07Dec2025 22:28:48.732] [Server thread/DEBUG] [mixin/]: Renaming synthetic method lambda$static$0(Lorg/bukkit/Material;Lorg/bukkit/craftbukkit/v1_20_R1/inventory/CraftMetaItem;)Lorg/bukkit/inventory/meta/ItemMeta; to md2792bd$lambda$static$0$18 in mixins.arclight.bukkit.json:MaterialMixin
[07Dec2025 22:28:48.766] [Server thread/DEBUG] [Implementer/]: Definalize enum class org/bukkit/Material values field ENUM$VALUES
[07Dec2025 22:28:48.766] [Server thread/DEBUG] [Implementer/SWITCH_TABLE]: Candidate switch enum method $SWITCH_TABLE$org$bukkit$Material()[I class org/bukkit/Material
[07Dec2025 22:28:48.766] [Server thread/DEBUG] [Implementer/SWITCH_TABLE]: Find switch(enum org/bukkit/Material) table method $SWITCH_TABLE$org$bukkit$Material()[I in class org/bukkit/Material
[07Dec2025 22:28:48.766] [Server thread/DEBUG] [Implementer/SWITCH_TABLE]: Inject method in method org/bukkit/Material:$SWITCH_TABLE$org$bukkit$Material()[I, switch table field is $SWITCH_TABLE$org$bukkit$Material[I
[07Dec2025 22:28:48.875] [Server thread/DEBUG] [Implementer/]: Definalize enum class org/bukkit/inventory/CreativeCategory values field ENUM$VALUES
[07Dec2025 22:28:48.927] [Server thread/DEBUG] [Implementer/SWITCH_TABLE]: Candidate switch enum method $SWITCH_TABLE$org$bukkit$Material()[I class org/bukkit/material/Wood
[07Dec2025 22:28:48.927] [Server thread/DEBUG] [Implementer/SWITCH_TABLE]: Find switch(enum org/bukkit/Material) table method $SWITCH_TABLE$org$bukkit$Material()[I in class org/bukkit/material/Wood
[07Dec2025 22:28:48.927] [Server thread/DEBUG] [Implementer/SWITCH_TABLE]: Inject method in method org/bukkit/material/Wood:$SWITCH_TABLE$org$bukkit$Material()[I, switch table field is $SWITCH_TABLE$org$bukkit$Material[I
[07Dec2025 22:28:48.927] [Server thread/DEBUG] [Implementer/SWITCH_TABLE]: Candidate switch enum method $SWITCH_TABLE$org$bukkit$TreeSpecies()[I class org/bukkit/material/Wood
[07Dec2025 22:28:48.969] [Server thread/DEBUG] [Implementer/SWITCH_TABLE]: Candidate switch enum method $SWITCH_TABLE$org$bukkit$block$BlockFace()[I class org/bukkit/material/Tree
[07Dec2025 22:28:48.969] [Server thread/DEBUG] [Implementer/SWITCH_TABLE]: Candidate switch enum method $SWITCH_TABLE$org$bukkit$block$BlockFace()[I class org/bukkit/block/BlockFace
[07Dec2025 22:28:48.970] [Server thread/DEBUG] [Implementer/SWITCH_TABLE]: Candidate switch enum method $SWITCH_TABLE$org$bukkit$block$BlockFace()[I class org/bukkit/material/Dispenser
[07Dec2025 22:28:48.970] [Server thread/DEBUG] [Implementer/SWITCH_TABLE]: Candidate switch enum method $SWITCH_TABLE$org$bukkit$block$BlockFace()[I class org/bukkit/material/DirectionalContainer
[07Dec2025 22:28:48.972] [Server thread/DEBUG] [Implementer/SWITCH_TABLE]: Candidate switch enum method $SWITCH_TABLE$org$bukkit$block$BlockFace()[I class org/bukkit/material/Bed
[07Dec2025 22:28:48.972] [Server thread/DEBUG] [Implementer/SWITCH_TABLE]: Candidate switch enum method $SWITCH_TABLE$org$bukkit$block$BlockFace()[I class org/bukkit/material/Rails
[07Dec2025 22:28:48.973] [Server thread/DEBUG] [Implementer/SWITCH_TABLE]: Candidate switch enum method $SWITCH_TABLE$org$bukkit$block$BlockFace()[I class org/bukkit/material/PistonBaseMaterial
[07Dec2025 22:28:48.974] [Server thread/DEBUG] [Implementer/SWITCH_TABLE]: Candidate switch enum method $SWITCH_TABLE$org$bukkit$block$BlockFace()[I class org/bukkit/material/PistonExtensionMaterial
[07Dec2025 22:28:48.976] [Server thread/DEBUG] [Implementer/SWITCH_TABLE]: Candidate switch enum method $SWITCH_TABLE$org$bukkit$block$BlockFace()[I class org/bukkit/material/Torch
[07Dec2025 22:28:48.977] [Server thread/DEBUG] [Implementer/SWITCH_TABLE]: Candidate switch enum method $SWITCH_TABLE$org$bukkit$block$BlockFace()[I class org/bukkit/material/Stairs
[07Dec2025 22:28:48.979] [Server thread/DEBUG] [Implementer/SWITCH_TABLE]: Candidate switch enum method $SWITCH_TABLE$org$bukkit$Material()[I class org/bukkit/material/Crops
[07Dec2025 22:28:48.979] [Server thread/DEBUG] [Implementer/SWITCH_TABLE]: Find switch(enum org/bukkit/Material) table method $SWITCH_TABLE$org$bukkit$Material()[I in class org/bukkit/material/Crops
[07Dec2025 22:28:48.979] [Server thread/DEBUG] [Implementer/SWITCH_TABLE]: Inject method in method org/bukkit/material/Crops:$SWITCH_TABLE$org$bukkit$Material()[I, switch table field is $SWITCH_TABLE$org$bukkit$Material[I
[07Dec2025 22:28:49.025] [Server thread/DEBUG] [Implementer/SWITCH_TABLE]: Candidate switch enum method $SWITCH_TABLE$org$bukkit$block$BlockFace()[I class org/bukkit/material/Sign
[07Dec2025 22:28:49.025] [Server thread/DEBUG] [Implementer/SWITCH_TABLE]: Candidate switch enum method $SWITCH_TABLE$org$bukkit$TreeSpecies()[I class org/bukkit/material/Door
[07Dec2025 22:28:49.025] [Server thread/DEBUG] [Implementer/SWITCH_TABLE]: Candidate switch enum method $SWITCH_TABLE$org$bukkit$block$BlockFace()[I class org/bukkit/material/Door
[07Dec2025 22:28:49.026] [Server thread/DEBUG] [Implementer/SWITCH_TABLE]: Candidate switch enum method $SWITCH_TABLE$org$bukkit$block$BlockFace()[I class org/bukkit/material/Ladder
[07Dec2025 22:28:49.027] [Server thread/DEBUG] [Implementer/SWITCH_TABLE]: Candidate switch enum method $SWITCH_TABLE$org$bukkit$block$BlockFace()[I class org/bukkit/material/Lever
[07Dec2025 22:28:49.028] [Server thread/DEBUG] [Implementer/SWITCH_TABLE]: Candidate switch enum method $SWITCH_TABLE$org$bukkit$block$BlockFace()[I class org/bukkit/material/Button
[07Dec2025 22:28:49.029] [Server thread/DEBUG] [Implementer/SWITCH_TABLE]: Candidate switch enum method $SWITCH_TABLE$org$bukkit$block$BlockFace()[I class org/bukkit/material/Pumpkin
[07Dec2025 22:28:49.030] [Server thread/DEBUG] [Implementer/SWITCH_TABLE]: Candidate switch enum method $SWITCH_TABLE$org$bukkit$block$BlockFace()[I class org/bukkit/material/Diode
[07Dec2025 22:28:49.030] [Server thread/DEBUG] [Implementer/SWITCH_TABLE]: Candidate switch enum method $SWITCH_TABLE$org$bukkit$block$BlockFace()[I class org/bukkit/material/TrapDoor
[07Dec2025 22:28:49.031] [Server thread/DEBUG] [Implementer/SWITCH_TABLE]: Candidate switch enum method $SWITCH_TABLE$org$bukkit$block$BlockFace()[I class org/bukkit/material/Mushroom
[07Dec2025 22:28:49.032] [Server thread/DEBUG] [Implementer/SWITCH_TABLE]: Candidate switch enum method $SWITCH_TABLE$org$bukkit$block$BlockFace()[I class org/bukkit/material/Vine
[07Dec2025 22:28:49.033] [Server thread/DEBUG] [Implementer/SWITCH_TABLE]: Candidate switch enum method $SWITCH_TABLE$org$bukkit$block$BlockFace()[I class org/bukkit/material/Gate
[07Dec2025 22:28:49.033] [Server thread/DEBUG] [Implementer/SWITCH_TABLE]: Candidate switch enum method $SWITCH_TABLE$org$bukkit$NetherWartsState()[I class org/bukkit/material/NetherWarts
[07Dec2025 22:28:49.035] [Server thread/DEBUG] [Implementer/SWITCH_TABLE]: Candidate switch enum method $SWITCH_TABLE$org$bukkit$material$CocoaPlant$CocoaPlantSize()[I class org/bukkit/material/CocoaPlant
[07Dec2025 22:28:49.035] [Server thread/DEBUG] [Implementer/SWITCH_TABLE]: Candidate switch enum method $SWITCH_TABLE$org$bukkit$block$BlockFace()[I class org/bukkit/material/CocoaPlant
[07Dec2025 22:28:49.036] [Server thread/DEBUG] [Implementer/SWITCH_TABLE]: Candidate switch enum method $SWITCH_TABLE$org$bukkit$block$BlockFace()[I class org/bukkit/material/TripwireHook
[07Dec2025 22:28:49.038] [Server thread/DEBUG] [Implementer/SWITCH_TABLE]: Candidate switch enum method $SWITCH_TABLE$org$bukkit$block$BlockFace()[I class org/bukkit/material/Skull
[07Dec2025 22:28:49.039] [Server thread/DEBUG] [Implementer/SWITCH_TABLE]: Candidate switch enum method $SWITCH_TABLE$org$bukkit$block$BlockFace()[I class org/bukkit/material/Comparator
[07Dec2025 22:28:49.040] [Server thread/DEBUG] [Implementer/SWITCH_TABLE]: Candidate switch enum method $SWITCH_TABLE$org$bukkit$block$BlockFace()[I class org/bukkit/material/Hopper
[07Dec2025 22:28:49.041] [Server thread/DEBUG] [Implementer/SWITCH_TABLE]: Candidate switch enum method $SWITCH_TABLE$org$bukkit$block$BlockFace()[I class org/bukkit/material/Banner
[07Dec2025 22:28:49.044] [Server thread/DEBUG] [Implementer/SWITCH_TABLE]: Candidate switch enum method $SWITCH_TABLE$org$bukkit$block$BlockFace()[I class org/bukkit/material/Observer
[07Dec2025 22:28:49.183] [Server thread/DEBUG] [Implementer/]: Definalize enum class org/bukkit/Statistic values field ENUM$VALUES
[07Dec2025 22:28:49.284] [Server thread/DEBUG] [Implementer/]: Definalize enum class org/bukkit/entity/Villager$Profession values field ENUM$VALUES
[07Dec2025 22:28:49.285] [Server thread/DEBUG] [Implementer/]: Definalize enum class org/bukkit/Fluid values field ENUM$VALUES
[07Dec2025 22:28:49.288] [Server thread/DEBUG] [mixin/]: Mixing PotionEffectTypeMixin from mixins.arclight.bukkit.json into org.bukkit.potion.PotionEffectType
[07Dec2025 22:28:49.314] [Server thread/DEBUG] [Implementer/]: Definalize enum class org/bukkit/entity/SpawnCategory values field ENUM$VALUES
[07Dec2025 22:28:49.314] [Server thread/DEBUG] [mixin/]: Mixing CraftSpawnCategoryMixin from mixins.arclight.bukkit.json into org.bukkit.craftbukkit.v1_20_R1.util.CraftSpawnCategory
[07Dec2025 22:28:49.316] [Server thread/DEBUG] [Implementer/SWITCH_TABLE]: Candidate switch enum method $SWITCH_TABLE$org$bukkit$entity$SpawnCategory()[I class org/bukkit/craftbukkit/v1_20_R1/util/CraftSpawnCategory
[07Dec2025 22:28:49.316] [Server thread/DEBUG] [Implementer/SWITCH_TABLE]: Find switch(enum org/bukkit/entity/SpawnCategory) table method $SWITCH_TABLE$org$bukkit$entity$SpawnCategory()[I in class org/bukkit/craftbukkit/v1_20_R1/util/CraftSpawnCategory
[07Dec2025 22:28:49.316] [Server thread/DEBUG] [Implementer/SWITCH_TABLE]: Inject method in method org/bukkit/craftbukkit/v1_20_R1/util/CraftSpawnCategory:$SWITCH_TABLE$org$bukkit$entity$SpawnCategory()[I, switch table field is $SWITCH_TABLE$org$bukkit$entity$SpawnCategory[I
[07Dec2025 22:28:49.316] [Server thread/DEBUG] [Implementer/SWITCH_TABLE]: Candidate switch enum method $SWITCH_TABLE$net$minecraft$world$entity$EnumCreatureType()[I class org/bukkit/craftbukkit/v1_20_R1/util/CraftSpawnCategory
[07Dec2025 22:28:49.316] [Server thread/DEBUG] [Implementer/SWITCH_TABLE]: Filling switch table for class org.bukkit.entity.SpawnCategory
[07Dec2025 22:28:49.317] [Server thread/DEBUG] [mixin/]: Mixing server.level.TicketTypeMixin from mixins.arclight.core.json into net.minecraft.server.level.TicketType
[07Dec2025 22:28:49.317] [Server thread/DEBUG] [mixin/]: Renaming synthetic method lambda$static$1(Lorg/bukkit/plugin/Plugin;)Ljava/lang/String; to md2792bd$lambda$static$1$0 in mixins.arclight.core.json:server.level.TicketTypeMixin
[07Dec2025 22:28:49.318] [Server thread/DEBUG] [mixin/]: Renaming synthetic method lambda$static$0(Lnet/minecraft/util/Unit;Lnet/minecraft/util/Unit;)I to md2792bd$lambda$static$0$1 in mixins.arclight.core.json:server.level.TicketTypeMixin
[07Dec2025 22:28:49.686] [Server thread/DEBUG] [mixin/]: Mixing ColouredConsoleSenderMixin from mixins.arclight.bukkit.json into org.bukkit.craftbukkit.v1_20_R1.command.ColouredConsoleSender
[07Dec2025 22:28:49.690] [Server thread/DEBUG] [mixin/]: Mixing CraftConsoleCommandSenderMixin from mixins.arclight.bukkit.json into org.bukkit.craftbukkit.v1_20_R1.command.CraftConsoleCommandSender
[07Dec2025 22:28:49.707] [Server thread/INFO] [Arclight/]: 正在向 Bukkit 注册 ...
[07Dec2025 22:28:49.710] [Server thread/DEBUG] [Implementer/SWITCH_TABLE]: Candidate switch enum method $SWITCH_TABLE$net$minecraft$world$item$enchantment$EnchantmentSlotType()[I class org/bukkit/craftbukkit/v1_20_R1/enchantments/CraftEnchantment
[07Dec2025 22:28:49.726] [Server thread/DEBUG] [mixin/]: Mixing CraftMagicNumbersMixin from mixins.arclight.bukkit.json into org.bukkit.craftbukkit.v1_20_R1.util.CraftMagicNumbers
[07Dec2025 22:28:49.748] [Server thread/DEBUG] [Arclight/]: Registered thundernight:test_block as block THUNDERNIGHT_TEST_BLOCK
[07Dec2025 22:28:49.749] [Server thread/DEBUG] [Arclight/]: Registered thundernight:pinguino_block as block THUNDERNIGHT_PINGUINO_BLOCK
[07Dec2025 22:28:49.753] [Server thread/DEBUG] [Arclight/]: Registered thundernight:pinguino as item THUNDERNIGHT_PINGUINO
[07Dec2025 22:28:49.753] [Server thread/INFO] [Arclight/]: 注册了 3 个材料，其中 2 个方块 1 个物品
[07Dec2025 22:28:49.754] [Server thread/DEBUG] [Arclight/]: Registered minecraft:speed as potion PotionEffectType[1, SPEED]
[07Dec2025 22:28:49.754] [Server thread/DEBUG] [Arclight/]: Registered minecraft:slowness as potion PotionEffectType[2, SLOW]
[07Dec2025 22:28:49.754] [Server thread/DEBUG] [Arclight/]: Registered minecraft:haste as potion PotionEffectType[3, FAST_DIGGING]
[07Dec2025 22:28:49.754] [Server thread/DEBUG] [Arclight/]: Registered minecraft:mining_fatigue as potion PotionEffectType[4, SLOW_DIGGING]
[07Dec2025 22:28:49.754] [Server thread/DEBUG] [Arclight/]: Registered minecraft:strength as potion PotionEffectType[5, INCREASE_DAMAGE]
[07Dec2025 22:28:49.754] [Server thread/DEBUG] [Arclight/]: Registered minecraft:instant_health as potion PotionEffectType[6, HEAL]
[07Dec2025 22:28:49.754] [Server thread/DEBUG] [Arclight/]: Registered minecraft:instant_damage as potion PotionEffectType[7, HARM]
[07Dec2025 22:28:49.754] [Server thread/DEBUG] [Arclight/]: Registered minecraft:jump_boost as potion PotionEffectType[8, JUMP]
[07Dec2025 22:28:49.754] [Server thread/DEBUG] [Arclight/]: Registered minecraft:nausea as potion PotionEffectType[9, CONFUSION]
[07Dec2025 22:28:49.754] [Server thread/DEBUG] [Arclight/]: Registered minecraft:regeneration as potion PotionEffectType[10, REGENERATION]
[07Dec2025 22:28:49.754] [Server thread/DEBUG] [Arclight/]: Registered minecraft:resistance as potion PotionEffectType[11, DAMAGE_RESISTANCE]
[07Dec2025 22:28:49.754] [Server thread/DEBUG] [Arclight/]: Registered minecraft:fire_resistance as potion PotionEffectType[12, FIRE_RESISTANCE]
[07Dec2025 22:28:49.754] [Server thread/DEBUG] [Arclight/]: Registered minecraft:water_breathing as potion PotionEffectType[13, WATER_BREATHING]
[07Dec2025 22:28:49.754] [Server thread/DEBUG] [Arclight/]: Registered minecraft:invisibility as potion PotionEffectType[14, INVISIBILITY]
[07Dec2025 22:28:49.754] [Server thread/DEBUG] [Arclight/]: Registered minecraft:blindness as potion PotionEffectType[15, BLINDNESS]
[07Dec2025 22:28:49.754] [Server thread/DEBUG] [Arclight/]: Registered minecraft:night_vision as potion PotionEffectType[16, NIGHT_VISION]
[07Dec2025 22:28:49.754] [Server thread/DEBUG] [Arclight/]: Registered minecraft:hunger as potion PotionEffectType[17, HUNGER]
[07Dec2025 22:28:49.754] [Server thread/DEBUG] [Arclight/]: Registered minecraft:weakness as potion PotionEffectType[18, WEAKNESS]
[07Dec2025 22:28:49.755] [Server thread/DEBUG] [Arclight/]: Registered minecraft:poison as potion PotionEffectType[19, POISON]
[07Dec2025 22:28:49.755] [Server thread/DEBUG] [Arclight/]: Registered minecraft:wither as potion PotionEffectType[20, WITHER]
[07Dec2025 22:28:49.755] [Server thread/DEBUG] [Arclight/]: Registered minecraft:health_boost as potion PotionEffectType[21, HEALTH_BOOST]
[07Dec2025 22:28:49.755] [Server thread/DEBUG] [Arclight/]: Registered minecraft:absorption as potion PotionEffectType[22, ABSORPTION]
[07Dec2025 22:28:49.755] [Server thread/DEBUG] [Arclight/]: Registered minecraft:saturation as potion PotionEffectType[23, SATURATION]
[07Dec2025 22:28:49.755] [Server thread/DEBUG] [Arclight/]: Registered minecraft:glowing as potion PotionEffectType[24, GLOWING]
[07Dec2025 22:28:49.755] [Server thread/DEBUG] [Arclight/]: Registered minecraft:levitation as potion PotionEffectType[25, LEVITATION]
[07Dec2025 22:28:49.755] [Server thread/DEBUG] [Arclight/]: Registered minecraft:luck as potion PotionEffectType[26, LUCK]
[07Dec2025 22:28:49.755] [Server thread/DEBUG] [Arclight/]: Registered minecraft:unluck as potion PotionEffectType[27, UNLUCK]
[07Dec2025 22:28:49.755] [Server thread/DEBUG] [Arclight/]: Registered minecraft:slow_falling as potion PotionEffectType[28, SLOW_FALLING]
[07Dec2025 22:28:49.755] [Server thread/DEBUG] [Arclight/]: Registered minecraft:conduit_power as potion PotionEffectType[29, CONDUIT_POWER]
[07Dec2025 22:28:49.755] [Server thread/DEBUG] [Arclight/]: Registered minecraft:dolphins_grace as potion PotionEffectType[30, DOLPHINS_GRACE]
[07Dec2025 22:28:49.755] [Server thread/DEBUG] [Arclight/]: Registered minecraft:bad_omen as potion PotionEffectType[31, BAD_OMEN]
[07Dec2025 22:28:49.755] [Server thread/DEBUG] [Arclight/]: Registered minecraft:hero_of_the_village as potion PotionEffectType[32, HERO_OF_THE_VILLAGE]
[07Dec2025 22:28:49.755] [Server thread/DEBUG] [Arclight/]: Registered minecraft:darkness as potion PotionEffectType[33, DARKNESS]
[07Dec2025 22:28:49.755] [Server thread/INFO] [Arclight/]: 注册了 1 个新的药水效果
[07Dec2025 22:28:49.755] [Server thread/DEBUG] [Implementer/]: Definalize enum class org/bukkit/potion/PotionType values field ENUM$VALUES
[07Dec2025 22:28:49.756] [Server thread/DEBUG] [mixin/]: Mixing CraftPotionUtilMixin from mixins.arclight.bukkit.json into org.bukkit.craftbukkit.v1_20_R1.potion.CraftPotionUtil
[07Dec2025 22:28:49.759] [Server thread/DEBUG] [Arclight/]: Registered minecraft:protection as enchantment Enchantment[minecraft:protection, PROTECTION_ENVIRONMENTAL]
[07Dec2025 22:28:49.759] [Server thread/DEBUG] [Arclight/]: Registered minecraft:fire_protection as enchantment Enchantment[minecraft:fire_protection, PROTECTION_FIRE]
[07Dec2025 22:28:49.760] [Server thread/DEBUG] [Arclight/]: Registered minecraft:feather_falling as enchantment Enchantment[minecraft:feather_falling, PROTECTION_FALL]
[07Dec2025 22:28:49.760] [Server thread/DEBUG] [Arclight/]: Registered minecraft:blast_protection as enchantment Enchantment[minecraft:blast_protection, PROTECTION_EXPLOSIONS]
[07Dec2025 22:28:49.760] [Server thread/DEBUG] [Arclight/]: Registered minecraft:projectile_protection as enchantment Enchantment[minecraft:projectile_protection, PROTECTION_PROJECTILE]
[07Dec2025 22:28:49.760] [Server thread/DEBUG] [Arclight/]: Registered minecraft:respiration as enchantment Enchantment[minecraft:respiration, OXYGEN]
[07Dec2025 22:28:49.760] [Server thread/DEBUG] [Arclight/]: Registered minecraft:aqua_affinity as enchantment Enchantment[minecraft:aqua_affinity, WATER_WORKER]
[07Dec2025 22:28:49.760] [Server thread/DEBUG] [Arclight/]: Registered minecraft:thorns as enchantment Enchantment[minecraft:thorns, THORNS]
[07Dec2025 22:28:49.760] [Server thread/DEBUG] [Arclight/]: Registered minecraft:depth_strider as enchantment Enchantment[minecraft:depth_strider, DEPTH_STRIDER]
[07Dec2025 22:28:49.760] [Server thread/DEBUG] [Arclight/]: Registered minecraft:frost_walker as enchantment Enchantment[minecraft:frost_walker, FROST_WALKER]
[07Dec2025 22:28:49.760] [Server thread/DEBUG] [Arclight/]: Registered minecraft:binding_curse as enchantment Enchantment[minecraft:binding_curse, BINDING_CURSE]
[07Dec2025 22:28:49.760] [Server thread/DEBUG] [Arclight/]: Registered minecraft:soul_speed as enchantment Enchantment[minecraft:soul_speed, SOUL_SPEED]
[07Dec2025 22:28:49.760] [Server thread/DEBUG] [Arclight/]: Registered minecraft:swift_sneak as enchantment Enchantment[minecraft:swift_sneak, SWIFT_SNEAK]
[07Dec2025 22:28:49.760] [Server thread/DEBUG] [Arclight/]: Registered minecraft:sharpness as enchantment Enchantment[minecraft:sharpness, DAMAGE_ALL]
[07Dec2025 22:28:49.760] [Server thread/DEBUG] [Arclight/]: Registered minecraft:smite as enchantment Enchantment[minecraft:smite, DAMAGE_UNDEAD]
[07Dec2025 22:28:49.760] [Server thread/DEBUG] [Arclight/]: Registered minecraft:bane_of_arthropods as enchantment Enchantment[minecraft:bane_of_arthropods, DAMAGE_ARTHROPODS]
[07Dec2025 22:28:49.760] [Server thread/DEBUG] [Arclight/]: Registered minecraft:knockback as enchantment Enchantment[minecraft:knockback, KNOCKBACK]
[07Dec2025 22:28:49.760] [Server thread/DEBUG] [Arclight/]: Registered minecraft:fire_aspect as enchantment Enchantment[minecraft:fire_aspect, FIRE_ASPECT]
[07Dec2025 22:28:49.760] [Server thread/DEBUG] [Arclight/]: Registered minecraft:looting as enchantment Enchantment[minecraft:looting, LOOT_BONUS_MOBS]
[07Dec2025 22:28:49.760] [Server thread/DEBUG] [Arclight/]: Registered minecraft:sweeping as enchantment Enchantment[minecraft:sweeping, SWEEPING_EDGE]
[07Dec2025 22:28:49.760] [Server thread/DEBUG] [Arclight/]: Registered minecraft:efficiency as enchantment Enchantment[minecraft:efficiency, DIG_SPEED]
[07Dec2025 22:28:49.760] [Server thread/DEBUG] [Arclight/]: Registered minecraft:silk_touch as enchantment Enchantment[minecraft:silk_touch, SILK_TOUCH]
[07Dec2025 22:28:49.760] [Server thread/DEBUG] [Arclight/]: Registered minecraft:unbreaking as enchantment Enchantment[minecraft:unbreaking, DURABILITY]
[07Dec2025 22:28:49.760] [Server thread/DEBUG] [Arclight/]: Registered minecraft:fortune as enchantment Enchantment[minecraft:fortune, LOOT_BONUS_BLOCKS]
[07Dec2025 22:28:49.760] [Server thread/DEBUG] [Arclight/]: Registered minecraft:power as enchantment Enchantment[minecraft:power, ARROW_DAMAGE]
[07Dec2025 22:28:49.760] [Server thread/DEBUG] [Arclight/]: Registered minecraft:punch as enchantment Enchantment[minecraft:punch, ARROW_KNOCKBACK]
[07Dec2025 22:28:49.760] [Server thread/DEBUG] [Arclight/]: Registered minecraft:flame as enchantment Enchantment[minecraft:flame, ARROW_FIRE]
[07Dec2025 22:28:49.760] [Server thread/DEBUG] [Arclight/]: Registered minecraft:infinity as enchantment Enchantment[minecraft:infinity, ARROW_INFINITE]
[07Dec2025 22:28:49.760] [Server thread/DEBUG] [Arclight/]: Registered minecraft:luck_of_the_sea as enchantment Enchantment[minecraft:luck_of_the_sea, LUCK]
[07Dec2025 22:28:49.760] [Server thread/DEBUG] [Arclight/]: Registered minecraft:lure as enchantment Enchantment[minecraft:lure, LURE]
[07Dec2025 22:28:49.760] [Server thread/DEBUG] [Arclight/]: Registered minecraft:loyalty as enchantment Enchantment[minecraft:loyalty, LOYALTY]
[07Dec2025 22:28:49.760] [Server thread/DEBUG] [Arclight/]: Registered minecraft:impaling as enchantment Enchantment[minecraft:impaling, IMPALING]
[07Dec2025 22:28:49.760] [Server thread/DEBUG] [Arclight/]: Registered minecraft:riptide as enchantment Enchantment[minecraft:riptide, RIPTIDE]
[07Dec2025 22:28:49.760] [Server thread/DEBUG] [Arclight/]: Registered minecraft:channeling as enchantment Enchantment[minecraft:channeling, CHANNELING]
[07Dec2025 22:28:49.760] [Server thread/DEBUG] [Arclight/]: Registered minecraft:multishot as enchantment Enchantment[minecraft:multishot, MULTISHOT]
[07Dec2025 22:28:49.760] [Server thread/DEBUG] [Arclight/]: Registered minecraft:quick_charge as enchantment Enchantment[minecraft:quick_charge, QUICK_CHARGE]
[07Dec2025 22:28:49.760] [Server thread/DEBUG] [Arclight/]: Registered minecraft:piercing as enchantment Enchantment[minecraft:piercing, PIERCING]
[07Dec2025 22:28:49.760] [Server thread/DEBUG] [Arclight/]: Registered minecraft:mending as enchantment Enchantment[minecraft:mending, MENDING]
[07Dec2025 22:28:49.760] [Server thread/DEBUG] [Arclight/]: Registered minecraft:vanishing_curse as enchantment Enchantment[minecraft:vanishing_curse, VANISHING_CURSE]
[07Dec2025 22:28:49.760] [Server thread/INFO] [Arclight/]: 注册了 39 个新的附魔
[07Dec2025 22:28:49.762] [Server thread/DEBUG] [Arclight/]: Registered thundernight:falling_pinguino_block as entity THUNDERNIGHT_FALLING_PINGUINO_BLOCK
[07Dec2025 22:28:49.763] [Server thread/INFO] [Arclight/]: 注册了 1 个新的生物类型
[07Dec2025 22:28:49.763] [Server thread/INFO] [Arclight/]: 注册了 0 个新的村民职业
[07Dec2025 22:28:49.764] [Server thread/INFO] [Arclight/]: 注册了 0 个新的生物群系
[07Dec2025 22:28:49.771] [Server thread/DEBUG] [Implementer/]: Definalize enum class org/bukkit/entity/EnderDragon$Phase values field ENUM$VALUES
[07Dec2025 22:28:49.772] [Server thread/DEBUG] [Implementer/]: Definalize enum class org/bukkit/inventory/recipe/CookingBookCategory values field ENUM$VALUES
[07Dec2025 22:28:49.773] [Server thread/DEBUG] [Arclight/]: Registered minecraft:empty as fluid EMPTY
[07Dec2025 22:28:49.784] [Server thread/INFO] [STDOUT/]: Server Ping Player Sample Count: 20
[07Dec2025 22:28:49.786] [Server thread/DEBUG] [mixin/]: Mixing WatchdogThreadMixin from mixins.arclight.bukkit.json into org.spigotmc.WatchdogThread
[07Dec2025 22:28:49.787] [Server thread/INFO] [Minecraft/]: Using 4 threads for Netty based IO
[07Dec2025 22:28:49.788] [Server thread/INFO] [Minecraft/]: Debug logging is enabled
[07Dec2025 22:28:49.807] [Server thread/DEBUG] [mixin/]: Mixing LibraryLoaderMixin from mixins.arclight.bukkit.json into org.bukkit.plugin.java.LibraryLoader
[07Dec2025 22:28:49.864] [Server thread/DEBUG] [org.eclipse.aether.internal.impl.DefaultLocalRepositoryProvider/]: Using manager EnhancedLocalRepositoryManager with priority 10.0 for libraries
[07Dec2025 22:28:49.870] [Server thread/DEBUG] [Implementer/SWITCH_TABLE]: Candidate switch enum method $SWITCH_TABLE$org$bukkit$permissions$PermissionDefault()[I class org/bukkit/permissions/PermissionDefault
[07Dec2025 22:28:50.079] [Server thread/DEBUG] [mixin/]: Mixing PluginClassLoaderMixin from mixins.arclight.bukkit.json into org.bukkit.plugin.java.PluginClassLoader
[07Dec2025 22:28:50.080] [Server thread/DEBUG] [mixin/]: Renaming synthetic method lambda$findClass$0(Ljava/net/URLConnection;Ljava/lang/String;)[B to md2792bd$lambda$findClass$0$0 in mixins.arclight.bukkit.json:PluginClassLoaderMixin
[07Dec2025 22:28:50.091] [Server thread/INFO] [Arclight/]: 正在加载混淆数据 ...
[07Dec2025 22:28:50.520] [Server thread/INFO] [Arclight/]: 正在加载 Plugin Patcher ...
[07Dec2025 22:28:50.545] [Server thread/DEBUG] [mixin/]: Mixing JavaPluginMixin from mixins.arclight.bukkit.json into org.bukkit.plugin.java.JavaPlugin
[07Dec2025 22:28:51.002] [Server thread/INFO] [KeyRemover-Plugin/]: Loading KeyRemover-Plugin v1.0.1
[07Dec2025 22:28:51.003] [Server thread/INFO] [SimpleTimer/]: Loading SimpleTimer v1.5.2
[07Dec2025 22:28:51.003] [Server thread/INFO] [WorldEdit/]: Loading WorldEdit v7.2.20+6667-f0f1e66
[07Dec2025 22:28:51.425] [Server thread/INFO] [com.sk89q.worldedit.extension.platform.PlatformManager/]: Got request to register class com.sk89q.worldedit.bukkit.BukkitServerInterface with WorldEdit [com.sk89q.worldedit.extension.platform.PlatformManager@48da8d83]
[07Dec2025 22:28:51.432] [Server thread/INFO] [WorldEdit/]: Enabling WorldEdit v7.2.20+6667-f0f1e66
[07Dec2025 22:28:51.638] [Server thread/INFO] [com.sk89q.worldedit.extension.platform.PlatformCommandManager/]: Registering commands with com.sk89q.worldedit.bukkit.BukkitServerInterface
[07Dec2025 22:28:51.709] [Server thread/INFO] [com.sk89q.wepif.PermissionsResolverManager/]: WEPIF: Using the Bukkit Permissions API.
[07Dec2025 22:28:51.754] [Server thread/DEBUG] [mixin/]: Mixing CraftPlayerMixin from mixins.arclight.bukkit.json into org.bukkit.craftbukkit.v1_20_R1.entity.CraftPlayer
[07Dec2025 22:28:51.768] [Server thread/DEBUG] [mixin/]: Mixing world.inventory.HorseInventoryContainerMixin from mixins.arclight.core.json into net.minecraft.world.inventory.HorseInventoryMenu
[07Dec2025 22:28:51.843] [Server thread/DEBUG] [mixin/]: Mixing server.level.ServerChunkCacheMixin from mixins.arclight.core.json into net.minecraft.server.level.ServerChunkCache
[07Dec2025 22:28:51.843] [Server thread/DEBUG] [mixin/]: Renaming synthetic method lambda$purgeUnload$0()Z to md2792bd$lambda$purgeUnload$0$0 in mixins.arclight.core.json:server.level.ServerChunkCacheMixin
[07Dec2025 22:28:51.860] [Server thread/DEBUG] [mixin/]: Mixing server.level.ServerChunkCache_MainThreadExecutorMixin from mixins.arclight.core.json into net.minecraft.server.level.ServerChunkCache$MainThreadExecutor
[07Dec2025 22:28:51.864] [Server thread/DEBUG] [mixin/]: Mixing server.level.ChunkHolderMixin from mixins.arclight.core.json into net.minecraft.server.level.ChunkHolder
[07Dec2025 22:28:51.864] [Server thread/DEBUG] [mixin/]: Renaming synthetic method lambda$arclight$onChunkLoad$4(Ljava/lang/Throwable;)Ljava/lang/Void; to md2792bd$lambda$arclight$onChunkLoad$4$0 in mixins.arclight.core.json:server.level.ChunkHolderMixin
[07Dec2025 22:28:51.864] [Server thread/DEBUG] [mixin/]: Renaming synthetic method lambda$arclight$onChunkLoad$3(Lnet/minecraft/server/level/ChunkMap;Lcom/mojang/datafixers/util/Either;)V to md2792bd$lambda$arclight$onChunkLoad$3$1 in mixins.arclight.core.json:server.level.ChunkHolderMixin
[07Dec2025 22:28:51.864] [Server thread/DEBUG] [mixin/]: Renaming synthetic method lambda$arclight$onChunkUnload$2(Ljava/lang/Throwable;)Ljava/lang/Void; to md2792bd$lambda$arclight$onChunkUnload$2$2 in mixins.arclight.core.json:server.level.ChunkHolderMixin
[07Dec2025 22:28:51.864] [Server thread/DEBUG] [mixin/]: Renaming synthetic method lambda$arclight$onChunkUnload$1(Lnet/minecraft/server/level/ChunkMap;Lcom/mojang/datafixers/util/Either;)V to md2792bd$lambda$arclight$onChunkUnload$1$3 in mixins.arclight.core.json:server.level.ChunkHolderMixin
[07Dec2025 22:28:51.864] [Server thread/DEBUG] [mixin/]: Renaming synthetic method lambda$arclight$onChunkUnload$0(Lnet/minecraft/world/level/chunk/LevelChunk;)V to md2792bd$lambda$arclight$onChunkUnload$0$4 in mixins.arclight.core.json:server.level.ChunkHolderMixin
[07Dec2025 22:28:51.887] [Server thread/DEBUG] [mixin/]: Mixing world.spawner.WorldEntitySpawner_EntityDensityManagerMixin from mixins.arclight.core.json into net.minecraft.world.level.NaturalSpawner$SpawnState
[07Dec2025 22:28:51.896] [Server thread/DEBUG] [mixin/]: Mixing server.level.ChunkMapMixin from mixins.arclight.core.json into net.minecraft.server.level.ChunkMap
[07Dec2025 22:28:51.900] [Server thread/DEBUG] [mixin/]: Mixing network.ChunkMapMixin_Optimize from mixins.arclight.impl.forge.optimization.json into net.minecraft.server.level.ChunkMap
[07Dec2025 22:28:51.905] [Server thread/DEBUG] [mixin/]: Mixing trackingrange.ChunkManagerMixin_TrackingRange from mixins.arclight.impl.forge.optimization.json into net.minecraft.server.level.ChunkMap
[07Dec2025 22:28:51.912] [Server thread/DEBUG] [Implementer/ASYNC_CATCHER]: Injecting net/minecraft/server/level/ChunkMap/m_140199_(Lnet/minecraft/world/entity/Entity;)V for reason entity track
[07Dec2025 22:28:51.913] [Server thread/DEBUG] [Implementer/ASYNC_CATCHER]: Defined impl callback class net/minecraft/server/level/ChunkMap$AsyncCatcher$7
[07Dec2025 22:28:51.913] [Server thread/DEBUG] [Implementer/ASYNC_CATCHER]: Injecting net/minecraft/server/level/ChunkMap/m_140331_(Lnet/minecraft/world/entity/Entity;)V for reason entity untrack
[07Dec2025 22:28:51.913] [Server thread/DEBUG] [Implementer/ASYNC_CATCHER]: Defined impl callback class net/minecraft/server/level/ChunkMap$AsyncCatcher$8
[07Dec2025 22:28:51.920] [Server thread/DEBUG] [mixin/]: Mixing world.level.chunk.storage.ChunkLoaderMixin from mixins.arclight.core.json into net.minecraft.world.level.chunk.storage.ChunkStorage
[07Dec2025 22:28:51.923] [Server thread/DEBUG] [mixin/]: Mixing server.level.DistanceManagerMixin from mixins.arclight.core.json into net.minecraft.server.level.DistanceManager
[07Dec2025 22:28:51.924] [Server thread/DEBUG] [mixin/]: Renaming synthetic method lambda$addTicket$0(J)Lnet/minecraft/util/SortedArraySet; to md2792bd$lambda$addTicket$0$0 in mixins.arclight.core.json:server.level.DistanceManagerMixin
[07Dec2025 22:28:51.956] [Server thread/DEBUG] [mixin/]: Mixing network.protocol.status.ServerStatusMixin from mixins.arclight.core.json into net.minecraft.network.protocol.status.ServerStatus
[07Dec2025 22:28:51.959] [Server thread/INFO] [com.sk89q.worldedit.bukkit.WorldEditPlugin/]: Using com.sk89q.worldedit.bukkit.adapter.impl.v1_20_R1.PaperweightAdapter as the Bukkit adapter
[07Dec2025 22:28:51.960] [Server thread/DEBUG] [mixin/]: Mixing CraftLegacyUtilMixin from mixins.arclight.bukkit.json into org.bukkit.craftbukkit.v1_20_R1.util.CraftLegacy
[07Dec2025 22:28:51.960] [Server thread/DEBUG] [mixin/]: Renaming synthetic method lambda$modern_values$1(I)[Lorg/bukkit/Material; to md2792bd$lambda$modern_values$1$0 in mixins.arclight.bukkit.json:CraftLegacyUtilMixin
[07Dec2025 22:28:51.960] [Server thread/DEBUG] [mixin/]: Renaming synthetic method lambda$modern_values$0(Lorg/bukkit/Material;)Z to md2792bd$lambda$modern_values$0$1 in mixins.arclight.bukkit.json:CraftLegacyUtilMixin
[07Dec2025 22:28:52.007] [Server thread/DEBUG] [Implementer/SWITCH_TABLE]: Filling switch table for class org.bukkit.Material
[07Dec2025 22:28:52.066] [Server thread/DEBUG] [com.sk89q.worldedit.world.registry.BundledBlockData/]: Using jar:file:/workspaces/serveralpaca/servidor_minecraft/plugins/worldedit-bukkit-7.2.20.jar!/com/sk89q/worldedit/world/registry/blocks.120.json for bundled block data.
[07Dec2025 22:28:52.098] [Server thread/DEBUG] [com.sk89q.worldedit.world.registry.BundledItemData/]: Using jar:file:/workspaces/serveralpaca/servidor_minecraft/plugins/worldedit-bukkit-7.2.20.jar!/com/sk89q/worldedit/world/registry/items.120.json for bundled item data.
[07Dec2025 22:28:52.188] [Server thread/DEBUG] [Implementer/SWITCH_TABLE]: Candidate switch enum method $SWITCH_TABLE$org$bukkit$block$BlockFace()[I class org/bukkit/craftbukkit/v1_20_R1/block/impl/CraftBanner
[07Dec2025 22:28:52.205] [Server thread/DEBUG] [Implementer/SWITCH_TABLE]: Candidate switch enum method $SWITCH_TABLE$org$bukkit$block$BlockFace()[I class org/bukkit/craftbukkit/v1_20_R1/block/impl/CraftFloorSign
[07Dec2025 22:28:52.221] [Server thread/DEBUG] [Implementer/SWITCH_TABLE]: Candidate switch enum method $SWITCH_TABLE$org$bukkit$block$BlockFace()[I class org/bukkit/craftbukkit/v1_20_R1/block/impl/CraftRedstoneWire
[07Dec2025 22:28:52.225] [Server thread/DEBUG] [Implementer/SWITCH_TABLE]: Candidate switch enum method $SWITCH_TABLE$org$bukkit$block$BlockFace()[I class org/bukkit/craftbukkit/v1_20_R1/block/impl/CraftSkull
[07Dec2025 22:28:52.226] [Server thread/DEBUG] [Implementer/SWITCH_TABLE]: Candidate switch enum method $SWITCH_TABLE$org$bukkit$block$BlockFace()[I class org/bukkit/craftbukkit/v1_20_R1/block/impl/CraftSkullPlayer
[07Dec2025 22:28:52.238] [Server thread/DEBUG] [Implementer/SWITCH_TABLE]: Candidate switch enum method $SWITCH_TABLE$org$bukkit$block$BlockFace()[I class org/bukkit/craftbukkit/v1_20_R1/block/impl/CraftWitherSkull
[07Dec2025 22:28:52.241] [Server thread/DEBUG] [Implementer/SWITCH_TABLE]: Candidate switch enum method $SWITCH_TABLE$org$bukkit$block$BlockFace()[I class org/bukkit/craftbukkit/v1_20_R1/block/impl/CraftCeilingHangingSign
[07Dec2025 22:28:52.943] [Server thread/INFO] [WorldEdit/]: ====================================================
[07Dec2025 22:28:52.944] [Server thread/INFO] [WorldEdit/]:  WorldEdit works better if you use Paper 
[07Dec2025 22:28:52.944] [Server thread/INFO] [WorldEdit/]:  as your server software. 
[07Dec2025 22:28:52.944] [Server thread/INFO] [WorldEdit/]:   
[07Dec2025 22:28:52.944] [Server thread/INFO] [WorldEdit/]:  Paper offers significant performance improvements,
[07Dec2025 22:28:52.944] [Server thread/INFO] [WorldEdit/]:  bug fixes, security enhancements and optional
[07Dec2025 22:28:52.944] [Server thread/INFO] [WorldEdit/]:  features for server owners to enhance their server.
[07Dec2025 22:28:52.944] [Server thread/INFO] [WorldEdit/]:   
[07Dec2025 22:28:52.944] [Server thread/INFO] [WorldEdit/]:  Paper includes Timings v2, which is significantly
[07Dec2025 22:28:52.944] [Server thread/INFO] [WorldEdit/]:  better at diagnosing lag problems over v1.
[07Dec2025 22:28:52.944] [Server thread/INFO] [WorldEdit/]:   
[07Dec2025 22:28:52.944] [Server thread/INFO] [WorldEdit/]:  All of your plugins should still work, and the
[07Dec2025 22:28:52.944] [Server thread/INFO] [WorldEdit/]:  Paper community will gladly help you fix any issues.
[07Dec2025 22:28:52.944] [Server thread/INFO] [WorldEdit/]:   
[07Dec2025 22:28:52.945] [Server thread/INFO] [WorldEdit/]:  Join the Paper Community @ https://papermc.io
[07Dec2025 22:28:52.945] [Server thread/INFO] [WorldEdit/]: ====================================================
[07Dec2025 22:28:52.945] [Server thread/DEBUG] [net.minecraftforge.fml.config.ConfigTracker/CONFIG]: Loading configs type SERVER
[07Dec2025 22:28:52.945] [Server thread/DEBUG] [net.minecraftforge.fml.config.ConfigFileTypeHandler/CONFIG]: Built TOML config for ./world/serverconfig/forge-server.toml
[07Dec2025 22:28:52.986] [Server thread/DEBUG] [net.minecraftforge.fml.config.ConfigFileTypeHandler/CONFIG]: Loaded TOML config file ./world/serverconfig/forge-server.toml
[07Dec2025 22:28:52.987] [Server thread/DEBUG] [net.minecraftforge.fml.config.ConfigFileTypeHandler/CONFIG]: Watching TOML config file ./world/serverconfig/forge-server.toml for changes
[07Dec2025 22:28:52.987] [Server thread/DEBUG] [net.minecraftforge.common.ForgeConfig/FORGEMOD]: Loaded forge config file forge-server.toml
[07Dec2025 22:28:52.992] [Thread-1/DEBUG] [net.minecraftforge.fml.config.ConfigFileTypeHandler/CONFIG]: Config file forge-server.toml changed, sending notifies
[07Dec2025 22:28:52.993] [Thread-1/DEBUG] [net.minecraftforge.common.ForgeConfig/FORGEMOD]: Forge config just got changed on the file system!
[07Dec2025 22:28:52.993] [Thread-1/DEBUG] [net.minecraftforge.fml.config.ConfigFileTypeHandler/CONFIG]: Config file forge-server.toml changed, sending notifies
[07Dec2025 22:28:52.993] [Thread-1/DEBUG] [net.minecraftforge.common.ForgeConfig/FORGEMOD]: Forge config just got changed on the file system!
[07Dec2025 22:28:53.095] [Server thread/INFO] [net.minecraft.server.dedicated.DedicatedServer/]: Preparing level "world"
[07Dec2025 22:28:53.099] [Server thread/DEBUG] [net.minecraftforge.coremod.transformer.CoreModBaseTransformer/COREMOD]: Transforming net/minecraft/world/level/levelgen/PhantomSpawner
[07Dec2025 22:28:53.103] [Server thread/DEBUG] [mixin/]: Mixing world.spawner.PhantomSpawnerMixin from mixins.arclight.core.json into net.minecraft.world.level.levelgen.PhantomSpawner
[07Dec2025 22:28:53.105] [Server thread/DEBUG] [net.minecraftforge.coremod.transformer.CoreModBaseTransformer/COREMOD]: Transforming net/minecraft/world/level/levelgen/PatrolSpawner
[07Dec2025 22:28:53.109] [Server thread/DEBUG] [mixin/]: Mixing world.spawner.PatrolSpawnerMixin from mixins.arclight.core.json into net.minecraft.world.level.levelgen.PatrolSpawner
[07Dec2025 22:28:53.110] [Server thread/DEBUG] [net.minecraftforge.coremod.transformer.CoreModBaseTransformer/COREMOD]: Transforming net/minecraft/world/entity/npc/CatSpawner
[07Dec2025 22:28:53.114] [Server thread/DEBUG] [net.minecraftforge.coremod.transformer.CoreModBaseTransformer/COREMOD]: Transforming net/minecraft/world/entity/ai/village/VillageSiege
[07Dec2025 22:28:53.118] [Server thread/DEBUG] [mixin/]: Mixing world.entity.ai.village.VillageSiegeMixin from mixins.arclight.core.json into net.minecraft.world.entity.ai.village.VillageSiege
[07Dec2025 22:28:53.121] [Server thread/DEBUG] [mixin/]: Mixing world.spawner.WanderingTraderSpawnerMixin from mixins.arclight.core.json into net.minecraft.world.entity.npc.WanderingTraderSpawner
[07Dec2025 22:28:53.122] [Server thread/INFO] [Arclight/]: 注册了 0 个新的世界类型
[07Dec2025 22:28:53.127] [Server thread/DEBUG] [mixin/]: Mixing world.level.saveddata.maps.MapDataMixin from mixins.arclight.core.json into net.minecraft.world.level.saveddata.maps.MapItemSavedData
[07Dec2025 22:28:53.127] [Server thread/DEBUG] [mixin/]: Renaming synthetic method lambda$arclight$customDimension$0(Lnet/minecraft/nbt/CompoundTag;)Lnet/minecraft/resources/ResourceKey; to md2792bd$lambda$arclight$customDimension$0$0 in mixins.arclight.core.json:world.level.saveddata.maps.MapDataMixin
[07Dec2025 22:28:53.141] [Server thread/DEBUG] [mixin/]: Mixing world.damagesource.DamageSourcesMixin from mixins.arclight.core.json into net.minecraft.world.damagesource.DamageSources
[07Dec2025 22:28:53.164] [Server thread/DEBUG] [mixin/]: Mixing world.level.chunk.storage.RegionFileCacheMixin from mixins.arclight.core.json into net.minecraft.world.level.chunk.storage.RegionFileStorage
[07Dec2025 22:28:53.171] [Server thread/DEBUG] [mixin/]: Mixing world.level.entity.PersistentEntitySectionManagerMixin from mixins.arclight.core.json into net.minecraft.world.level.entity.PersistentEntitySectionManager
[07Dec2025 22:28:53.171] [Server thread/DEBUG] [mixin/]: Renaming synthetic method lambda$arclight$fireUnload$1(Lnet/minecraft/world/level/entity/EntityAccess;)Lnet/minecraft/world/entity/Entity; to md2792bd$lambda$arclight$fireUnload$1$0 in mixins.arclight.core.json:world.level.entity.PersistentEntitySectionManagerMixin
[07Dec2025 22:28:53.171] [Server thread/DEBUG] [mixin/]: Renaming synthetic method lambda$getEntities$0(Lnet/minecraft/world/level/entity/EntityAccess;)Lnet/minecraft/world/entity/Entity; to md2792bd$lambda$getEntities$0$1 in mixins.arclight.core.json:world.level.entity.PersistentEntitySectionManagerMixin
[07Dec2025 22:28:53.178] [Server thread/DEBUG] [mixin/]: Mixing server.level.ServerLevel_EntityCallbacksMixin from mixins.arclight.core.json into net.minecraft.server.level.ServerLevel$EntityCallbacks
[07Dec2025 22:28:53.178] [Server thread/DEBUG] [mixin/]: Renaming synthetic method lambda$arclight$entityCleanup$0(Lnet/minecraft/world/entity/Entity;Lnet/minecraft/world/level/saveddata/maps/MapItemSavedData$HoldingPlayer;)Z to md2792bd$lambda$arclight$entityCleanup$0$0 in mixins.arclight.core.json:server.level.ServerLevel_EntityCallbacksMixin
[07Dec2025 22:28:53.180] [Server thread/DEBUG] [Implementer/ASYNC_CATCHER]: Injecting net/minecraft/server/level/ServerLevel$EntityCallbacks/m_141985_(Lnet/minecraft/world/entity/Entity;)V for reason entity register
[07Dec2025 22:28:53.180] [Server thread/DEBUG] [Implementer/ASYNC_CATCHER]: Defined impl callback class net/minecraft/server/level/ServerLevel$EntityCallbacks$AsyncCatcher$9
[07Dec2025 22:28:53.180] [Server thread/DEBUG] [Implementer/ASYNC_CATCHER]: Injecting net/minecraft/server/level/ServerLevel$EntityCallbacks/m_141981_(Lnet/minecraft/world/entity/Entity;)V for reason entity unregister
[07Dec2025 22:28:53.180] [Server thread/DEBUG] [Implementer/ASYNC_CATCHER]: Defined impl callback class net/minecraft/server/level/ServerLevel$EntityCallbacks$AsyncCatcher$10
[07Dec2025 22:28:53.192] [Server thread/DEBUG] [Implementer/SWITCH_TABLE]: Candidate switch enum method <clinit>()V class net/minecraft/server/level/ChunkLevel$1
[07Dec2025 22:28:53.292] [Server thread/DEBUG] [mixin/]: Mixing world.level.portal.PortalForcerMixin from mixins.arclight.core.json into net.minecraft.world.level.portal.PortalForcer
[07Dec2025 22:28:53.298] [Server thread/DEBUG] [mixin/]: Mixing world.entity.raid.RaidManagerMixin from mixins.arclight.core.json into net.minecraft.world.entity.raid.Raids
[07Dec2025 22:28:53.305] [Server thread/DEBUG] [mixin/]: Mixing world.level.gameevent.GameEventDispatcherMixin from mixins.arclight.core.json into net.minecraft.world.level.gameevent.GameEventDispatcher
[07Dec2025 22:28:53.329] [Server thread/DEBUG] [mixin/]: Mixing CraftWorldMixin from mixins.arclight.bukkit.json into org.bukkit.craftbukkit.v1_20_R1.CraftWorld
[07Dec2025 22:28:53.331] [Server thread/DEBUG] [net.minecraftforge.coremod.transformer.CoreModBaseTransformer/COREMOD]: Transforming net/minecraft/world/level/biome/Biome
[07Dec2025 22:28:53.334] [Server thread/DEBUG] [mixin/]: Mixing CraftRegionAccessorMixin from mixins.arclight.bukkit.json into org.bukkit.craftbukkit.v1_20_R1.CraftRegionAccessor
[07Dec2025 22:28:53.335] [Server thread/DEBUG] [Implementer/SWITCH_TABLE]: Candidate switch enum method $SWITCH_TABLE$org$bukkit$TreeType()[I class org/bukkit/craftbukkit/v1_20_R1/CraftRegionAccessor
[07Dec2025 22:28:53.662] [Server thread/DEBUG] [mixin/]: Mixing world.storage.DerivedWorldInfoMixin from mixins.arclight.core.json into net.minecraft.world.level.storage.DerivedLevelData
[07Dec2025 22:28:53.699] [Server thread/DEBUG] [mixin/]: Mixing network.protocol.game.SWorldBorderPacketMixin from mixins.arclight.core.json into net.minecraft.network.protocol.game.ClientboundSetBorderCenterPacket
[07Dec2025 22:28:53.702] [Server thread/INFO] [KeyRemover-Plugin/]: Enabling KeyRemover-Plugin v1.0.1
[07Dec2025 22:28:53.706] [Server thread/INFO] [KeyRemover-Plugin/]: KeysRemover-Plugin Activado.
[07Dec2025 22:28:53.706] [Server thread/INFO] [SimpleTimer/]: Enabling SimpleTimer v1.5.2
[07Dec2025 22:28:53.715] [Server thread/INFO] [Console/]: [SimpleTimer] Successfully Enabled (v1.5.2)
[07Dec2025 22:28:53.715] [Server thread/INFO] [Console/]: [SimpleTimer] Xhasi » Thanks for using my plugin
[07Dec2025 22:28:53.897] [Server thread/INFO] [Console/]: [SimpleTimer] There is a new version available. (v1.6.0)
[07Dec2025 22:28:53.897] [Server thread/INFO] [Console/]: [SimpleTimer] You can download it at: https://www.spigotmc.org/resources/109565/
[07Dec2025 22:28:53.909] [Server thread/INFO] [Minecraft/]: Server permissions file permissions.yml is empty, ignoring it
[07Dec2025 22:28:53.985] [Server thread/INFO] [net.minecraft.server.MinecraftServer/]: Preparing start region for dimension minecraft:overworld
[07Dec2025 22:28:54.611] [Server thread/DEBUG] [mixin/]: Mixing world.level.chunk.storage.ChunkSerializerMixin from mixins.arclight.core.json into net.minecraft.world.level.chunk.storage.ChunkSerializer
[07Dec2025 22:28:54.634] [Server thread/DEBUG] [mixin/]: Mixing world.level.chunk.LevelChunkSectionMixin from mixins.arclight.core.json into net.minecraft.world.level.chunk.LevelChunkSection
[07Dec2025 22:28:55.398] [Worker-Main-2/INFO] [net.minecraft.server.level.progress.LoggerChunkProgressListener/]: Preparing spawn area: 0%
[07Dec2025 22:28:55.416] [Worker-Main-2/INFO] [net.minecraft.server.level.progress.LoggerChunkProgressListener/]: Preparing spawn area: 0%
[07Dec2025 22:28:55.423] [Worker-Main-1/INFO] [net.minecraft.server.level.progress.LoggerChunkProgressListener/]: Preparing spawn area: 0%
[07Dec2025 22:28:55.487] [Worker-Main-3/INFO] [net.minecraft.server.level.progress.LoggerChunkProgressListener/]: Preparing spawn area: 0%
[07Dec2025 22:28:56.221] [Worker-Main-2/INFO] [net.minecraft.server.level.progress.LoggerChunkProgressListener/]: Preparing spawn area: 0%
[07Dec2025 22:28:56.486] [Worker-Main-2/INFO] [net.minecraft.server.level.progress.LoggerChunkProgressListener/]: Preparing spawn area: 0%
[07Dec2025 22:28:56.985] [Worker-Main-3/INFO] [net.minecraft.server.level.progress.LoggerChunkProgressListener/]: Preparing spawn area: 0%
[07Dec2025 22:28:57.208] [Server thread/DEBUG] [mixin/]: Mixing activationrange.ActivationRangeMixin from mixins.arclight.impl.forge.optimization.json into org.spigotmc.ActivationRange
[07Dec2025 22:28:57.273] [Server thread/DEBUG] [Implementer/SWITCH_TABLE]: Candidate switch enum method $SWITCH_TABLE$org$bukkit$entity$Sniffer$State()[I class org/bukkit/craftbukkit/v1_20_R1/entity/CraftSniffer
[07Dec2025 22:28:57.274] [Server thread/DEBUG] [Implementer/SWITCH_TABLE]: Candidate switch enum method $SWITCH_TABLE$net$minecraft$world$entity$animal$sniffer$Sniffer$State()[I class org/bukkit/craftbukkit/v1_20_R1/entity/CraftSniffer
[07Dec2025 22:28:57.291] [Server thread/DEBUG] [mixin/]: Mixing CraftSpellcasterMixin from mixins.arclight.bukkit.json into org.bukkit.craftbukkit.v1_20_R1.entity.CraftSpellcaster
[07Dec2025 22:28:57.364] [Server thread/DEBUG] [Implementer/SWITCH_TABLE]: Candidate switch enum method $SWITCH_TABLE$net$minecraft$world$entity$monster$warden$AngerLevel()[I class org/bukkit/craftbukkit/v1_20_R1/entity/CraftWarden
[07Dec2025 22:28:57.370] [Server thread/DEBUG] [mixin/]: Mixing CraftVillagerMixin from mixins.arclight.bukkit.json into org.bukkit.craftbukkit.v1_20_R1.entity.CraftVillager
[07Dec2025 22:28:57.374] [Server thread/DEBUG] [mixin/]: Mixing CraftAbstractVillagerMixin from mixins.arclight.bukkit.json into org.bukkit.craftbukkit.v1_20_R1.entity.CraftAbstractVillager
[07Dec2025 22:28:57.382] [Server thread/DEBUG] [mixin/]: Mixing CraftEnderDragonMixin from mixins.arclight.bukkit.json into org.bukkit.craftbukkit.v1_20_R1.entity.CraftEnderDragon
[07Dec2025 22:28:57.398] [Server thread/DEBUG] [Implementer/SWITCH_TABLE]: Candidate switch enum method $SWITCH_TABLE$net$minecraft$world$entity$vehicle$EntityBoat$EnumBoatType()[I class org/bukkit/craftbukkit/v1_20_R1/entity/CraftBoat
[07Dec2025 22:28:57.398] [Server thread/DEBUG] [Implementer/SWITCH_TABLE]: Candidate switch enum method $SWITCH_TABLE$org$bukkit$entity$Boat$Type()[I class org/bukkit/craftbukkit/v1_20_R1/entity/CraftBoat
[07Dec2025 22:28:57.398] [Server thread/DEBUG] [Implementer/SWITCH_TABLE]: Candidate switch enum method $SWITCH_TABLE$net$minecraft$world$entity$vehicle$EntityBoat$EnumStatus()[I class org/bukkit/craftbukkit/v1_20_R1/entity/CraftBoat
[07Dec2025 22:28:57.398] [Server thread/DEBUG] [Implementer/SWITCH_TABLE]: Candidate switch enum method $SWITCH_TABLE$org$bukkit$TreeSpecies()[I class org/bukkit/craftbukkit/v1_20_R1/entity/CraftBoat
[07Dec2025 22:28:57.413] [Server thread/DEBUG] [Implementer/SWITCH_TABLE]: Candidate switch enum method $SWITCH_TABLE$org$bukkit$block$BlockFace()[I class org/bukkit/craftbukkit/v1_20_R1/entity/CraftHanging
[07Dec2025 22:28:57.414] [Server thread/DEBUG] [Implementer/SWITCH_TABLE]: Candidate switch enum method $SWITCH_TABLE$org$bukkit$Rotation()[I class org/bukkit/craftbukkit/v1_20_R1/entity/CraftItemFrame
[07Dec2025 22:28:57.423] [Server thread/DEBUG] [Implementer/SWITCH_TABLE]: Candidate switch enum method $SWITCH_TABLE$org$bukkit$entity$TextDisplay$TextAlignment()[I class org/bukkit/craftbukkit/v1_20_R1/entity/CraftTextDisplay
[07Dec2025 22:28:57.485] [Worker-Main-1/INFO] [net.minecraft.server.level.progress.LoggerChunkProgressListener/]: Preparing spawn area: 9%
[07Dec2025 22:28:57.808] [Server thread/INFO] [net.minecraft.server.level.progress.LoggerChunkProgressListener/]: Time elapsed: 3824 ms
[07Dec2025 22:28:57.809] [Server thread/INFO] [net.minecraft.server.dedicated.DedicatedServer/]: Done (4.864s)! For help, type "help"
[07Dec2025 22:28:57.822] [Server thread/DEBUG] [net.minecraftforge.network.DualStackUtils/]: Detected IPv6 address: "0:0:0:0:0:0:0:0"
[07Dec2025 22:28:57.833] [Server thread/DEBUG] [net.minecraftforge.common.ForgeI18n/CORE]: Loading I18N data entries: 347
[07Dec2025 22:28:57.834] [Server thread/DEBUG] [mixin/]: Mixing PermissionAPIMixin from mixins.arclight.forge.json into net.minecraftforge.server.permission.PermissionAPI
[07Dec2025 22:28:57.842] [Server thread/INFO] [net.minecraftforge.server.permission.PermissionAPI/]: Successfully initialized permission handler forge:default_handler
[07Dec2025 22:28:57.843] [Server thread/INFO] [Arclight/]: Forwarding forge permission[forge:default_handler] to bukkit
[07Dec2025 22:28:57.843] [Server thread/INFO] [HealtEM.healtem.Healtem/]: HELLO from server starting
[07Dec2025 22:28:57.884] [Server thread/DEBUG] [Implementer/SWITCH_TABLE]: Candidate switch enum method <clinit>()V class su/plo/voice/libs/kotlinx/coroutines/CoroutineStart$WhenMappings
[07Dec2025 22:28:58.038] [Server thread/DEBUG] [io.netty.channel.nio.NioEventLoop/]: -Dio.netty.noKeySetOptimization: false
[07Dec2025 22:28:58.039] [Server thread/DEBUG] [io.netty.channel.nio.NioEventLoop/]: -Dio.netty.selectorAutoRebuildThreshold: 512
[07Dec2025 22:28:58.059] [Server thread/INFO] [PlasmoVoice/]: UDP server is started on /[0:0:0:0:0:0:0:0]:25565
[07Dec2025 22:28:58.197] [Server thread/DEBUG] [net.minecraftforge.coremod.transformer.CoreModBaseTransformer/COREMOD]: Transforming net/minecraft/world/level/NaturalSpawner
[07Dec2025 22:28:58.207] [Server thread/DEBUG] [mixin/]: Mixing world.spawner.NaturalSpawnerMixin from mixins.arclight.core.json into net.minecraft.world.level.NaturalSpawner
[07Dec2025 22:28:58.219] [pool-10-thread-1/WARN] [PlasmoVoice/]: New version available 2.1.6: https://cdn.modrinth.com/data/1bZhdhsH/versions/jUfq4vP0/plasmovoice-forge-1.20.1-2.1.6.jar
[07Dec2025 22:28:58.226] [Server thread/DEBUG] [mixin/]: Mixing CraftEventFactoryMixin from mixins.arclight.bukkit.json into org.bukkit.craftbukkit.v1_20_R1.event.CraftEventFactory
[07Dec2025 22:28:58.235] [Server thread/DEBUG] [Implementer/SWITCH_TABLE]: Candidate switch enum method $SWITCH_TABLE$org$bukkit$event$block$Action()[I class org/bukkit/craftbukkit/v1_20_R1/event/CraftEventFactory
[07Dec2025 22:28:58.235] [Server thread/DEBUG] [Implementer/SWITCH_TABLE]: Candidate switch enum method $SWITCH_TABLE$org$bukkit$event$entity$CreatureSpawnEvent$SpawnReason()[I class org/bukkit/craftbukkit/v1_20_R1/event/CraftEventFactory
[07Dec2025 22:28:58.235] [Server thread/DEBUG] [Implementer/SWITCH_TABLE]: Candidate switch enum method $SWITCH_TABLE$org$bukkit$Material()[I class org/bukkit/craftbukkit/v1_20_R1/event/CraftEventFactory
[07Dec2025 22:28:58.235] [Server thread/DEBUG] [Implementer/SWITCH_TABLE]: Find switch(enum org/bukkit/Material) table method $SWITCH_TABLE$org$bukkit$Material()[I in class org/bukkit/craftbukkit/v1_20_R1/event/CraftEventFactory
[07Dec2025 22:28:58.235] [Server thread/DEBUG] [Implementer/SWITCH_TABLE]: Inject method in method org/bukkit/craftbukkit/v1_20_R1/event/CraftEventFactory:$SWITCH_TABLE$org$bukkit$Material()[I, switch table field is $SWITCH_TABLE$org$bukkit$Material[I
[07Dec2025 22:28:58.235] [Server thread/DEBUG] [Implementer/SWITCH_TABLE]: Candidate switch enum method $SWITCH_TABLE$org$bukkit$entity$EntityType()[I class org/bukkit/craftbukkit/v1_20_R1/event/CraftEventFactory
[07Dec2025 22:28:58.235] [Server thread/DEBUG] [Implementer/SWITCH_TABLE]: Find switch(enum org/bukkit/entity/EntityType) table method $SWITCH_TABLE$org$bukkit$entity$EntityType()[I in class org/bukkit/craftbukkit/v1_20_R1/event/CraftEventFactory
[07Dec2025 22:28:58.235] [Server thread/DEBUG] [Implementer/SWITCH_TABLE]: Inject method in method org/bukkit/craftbukkit/v1_20_R1/event/CraftEventFactory:$SWITCH_TABLE$org$bukkit$entity$EntityType()[I, switch table field is $SWITCH_TABLE$org$bukkit$entity$EntityType[I
[07Dec2025 22:28:58.235] [Server thread/DEBUG] [Implementer/SWITCH_TABLE]: Candidate switch enum method $SWITCH_TABLE$org$bukkit$Statistic()[I class org/bukkit/craftbukkit/v1_20_R1/event/CraftEventFactory
[07Dec2025 22:28:58.235] [Server thread/DEBUG] [Implementer/SWITCH_TABLE]: Find switch(enum org/bukkit/Statistic) table method $SWITCH_TABLE$org$bukkit$Statistic()[I in class org/bukkit/craftbukkit/v1_20_R1/event/CraftEventFactory
[07Dec2025 22:28:58.235] [Server thread/DEBUG] [Implementer/SWITCH_TABLE]: Inject method in method org/bukkit/craftbukkit/v1_20_R1/event/CraftEventFactory:$SWITCH_TABLE$org$bukkit$Statistic()[I, switch table field is $SWITCH_TABLE$org$bukkit$Statistic[I
[07Dec2025 22:28:58.305] [Server thread/DEBUG] [mixin/]: Mixing ClassInheritanceMultiMapMixin from mixins.arclight.impl.forge.optimization.json into net.minecraft.util.ClassInstanceMultiMap
[07Dec2025 22:28:58.311] [Server thread/DEBUG] [mixin/]: Mixing server.level.ChunkMap_TrackedEntityMixin from mixins.arclight.core.json into net.minecraft.server.level.ChunkMap$TrackedEntity
[07Dec2025 22:28:58.312] [Server thread/DEBUG] [mixin/]: Mixing network.ChunkMapMixin_Optimize$TrackedEntityMixin from mixins.arclight.impl.forge.optimization.json into net.minecraft.server.level.ChunkMap$TrackedEntity
[07Dec2025 22:28:58.315] [Server thread/DEBUG] [Implementer/ASYNC_CATCHER]: Injecting net/minecraft/server/level/ChunkMap$TrackedEntity/m_140485_(Lnet/minecraft/server/level/ServerPlayer;)V for reason player tracker clear
[07Dec2025 22:28:58.315] [Server thread/DEBUG] [Implementer/ASYNC_CATCHER]: Defined impl callback class net/minecraft/server/level/ChunkMap$TrackedEntity$AsyncCatcher$11
[07Dec2025 22:28:58.315] [Server thread/DEBUG] [Implementer/ASYNC_CATCHER]: Injecting net/minecraft/server/level/ChunkMap$TrackedEntity/m_140497_(Lnet/minecraft/server/level/ServerPlayer;)V for reason player tracker update
[07Dec2025 22:28:58.315] [Server thread/DEBUG] [Implementer/ASYNC_CATCHER]: Defined impl callback class net/minecraft/server/level/ChunkMap$TrackedEntity$AsyncCatcher$12
[07Dec2025 22:28:58.319] [Server thread/DEBUG] [mixin/]: Mixing server.level.ServerEntityMixin from mixins.arclight.core.json into net.minecraft.server.level.ServerEntity
[07Dec2025 22:28:58.319] [Server thread/DEBUG] [mixin/]: Renaming synthetic method lambda$sendChanges$0(Lnet/minecraft/world/entity/Entity;)V to md2792bd$lambda$sendChanges$0$0 in mixins.arclight.core.json:server.level.ServerEntityMixin
[07Dec2025 22:28:58.355] [Server thread/DEBUG] [io.netty.buffer.AbstractByteBuf/]: -Dio.netty.buffer.checkAccessible: true
[07Dec2025 22:28:58.355] [Server thread/DEBUG] [io.netty.buffer.AbstractByteBuf/]: -Dio.netty.buffer.checkBounds: true
[07Dec2025 22:28:58.356] [Server thread/DEBUG] [io.netty.util.ResourceLeakDetectorFactory/]: Loaded default ResourceLeakDetector: io.netty.util.ResourceLeakDetector@607b306e
[07Dec2025 22:28:59.099] [Server thread/DEBUG] [Implementer/SWITCH_TABLE]: Candidate switch enum method <clinit>()V class net/minecraft/world/entity/Mob$1
[07Dec2025 22:28:59.100] [Server thread/DEBUG] [Implementer/SWITCH_TABLE]: Candidate switch enum method <clinit>()V class net/minecraft/world/entity/LivingEntity$1
[07Dec2025 22:28:59.106] [Server thread/DEBUG] [mixin/]: Mixing world.effect.MobEffectUtilMixin from mixins.arclight.core.json into net.minecraft.world.effect.MobEffectUtil
[07Dec2025 22:28:59.114] [Server thread/DEBUG] [mixin/]: Mixing world.entity.ai.brain.BrainUtilMixin from mixins.arclight.core.json into net.minecraft.world.entity.ai.behavior.BehaviorUtils
[07Dec2025 22:29:14.582] [Netty Epoll Server IO #1/DEBUG] [mixin/]: Mixing network.ServerHandshakeNetHandlerMixin from mixins.arclight.core.json into net.minecraft.server.network.ServerHandshakePacketListenerImpl
[07Dec2025 22:29:14.582] [Netty Epoll Server IO #1/DEBUG] [mixin/]: Renaming synthetic method lambda$handleIntention$0(JLjava/util/Map$Entry;)Z to md2792bd$lambda$handleIntention$0$0 in mixins.arclight.core.json:network.ServerHandshakeNetHandlerMixin
[07Dec2025 22:29:14.597] [Netty Epoll Server IO #1/DEBUG] [mixin/]: Mixing network.protocol.handshake.CHandshakePacketMixin from mixins.arclight.core.json into net.minecraft.network.protocol.handshake.ClientIntentionPacket
[07Dec2025 22:29:14.634] [Netty Epoll Server IO #1/DEBUG] [mixin/]: Mixing network.protocol.game.ClientboundSectionBlocksUpdatePacketMixin from mixins.arclight.core.json into net.minecraft.network.protocol.game.ClientboundSectionBlocksUpdatePacket
[07Dec2025 22:29:14.649] [Netty Epoll Server IO #1/DEBUG] [mixin/]: Mixing network.protocol.game.ClientboundSystemChatPacketMixin from mixins.arclight.core.json into net.minecraft.network.protocol.game.ClientboundSystemChatPacket
[07Dec2025 22:29:14.664] [Netty Epoll Server IO #1/DEBUG] [mixin/]: Mixing network.protocol.game.CCloseWindowPacketMixin from mixins.arclight.core.json into net.minecraft.network.protocol.game.ServerboundContainerClosePacket
[07Dec2025 22:29:14.683] [Netty Epoll Server IO #1/DEBUG] [mixin/]: Mixing network.protocol.game.CPlayerTryUseItemOnBlockPacketMixin from mixins.arclight.core.json into net.minecraft.network.protocol.game.ServerboundUseItemOnPacket
[07Dec2025 22:29:14.685] [Netty Epoll Server IO #1/DEBUG] [mixin/]: Mixing network.protocol.game.CPlayerTryUseItemPacketMixin from mixins.arclight.core.json into net.minecraft.network.protocol.game.ServerboundUseItemPacket
[07Dec2025 22:29:14.694] [Netty Epoll Server IO #1/DEBUG] [io.netty.util.Recycler/]: -Dio.netty.recycler.maxCapacityPerThread: 4096
[07Dec2025 22:29:14.694] [Netty Epoll Server IO #1/DEBUG] [io.netty.util.Recycler/]: -Dio.netty.recycler.ratio: 8
[07Dec2025 22:29:14.694] [Netty Epoll Server IO #1/DEBUG] [io.netty.util.Recycler/]: -Dio.netty.recycler.chunkSize: 32
[07Dec2025 22:29:14.694] [Netty Epoll Server IO #1/DEBUG] [io.netty.util.Recycler/]: -Dio.netty.recycler.blocking: false
[07Dec2025 22:29:14.702] [Netty Epoll Server IO #1/DEBUG] [mixin/]: Mixing NetworkHooksMixin from mixins.arclight.forge.json into net.minecraftforge.network.NetworkHooks
[07Dec2025 22:29:14.706] [Netty Epoll Server IO #1/DEBUG] [Implementer/SWITCH_TABLE]: Candidate switch enum method <clinit>()V class io/izzel/arclight/common/mixin/core/network/ServerHandshakeNetHandlerMixin$1
[07Dec2025 22:29:14.707] [Netty Epoll Server IO #1/DEBUG] [mixin/]: Mixing network.ServerStatusNetHandlerMixin from mixins.arclight.core.json into net.minecraft.server.network.ServerStatusPacketListenerImpl
[07Dec2025 22:29:14.715] [Netty Epoll Server IO #1/DEBUG] [Implementer/SWITCH_TABLE]: Candidate switch enum method $SWITCH_TABLE$net$minecraft$EnumChatFormat()[I class org/bukkit/craftbukkit/v1_20_R1/util/CraftChatMessage$StringMessage
[07Dec2025 22:29:18.700] [Netty Epoll Server IO #3/DEBUG] [net.minecraftforge.network.HandshakeHandler/FMLHANDSHAKE]: Starting new modded impl connection. Found 22 messages to dispatch.
[07Dec2025 22:29:18.700] [Netty Epoll Server IO #3/DEBUG] [mixin/]: Mixing network.ServerLoginNetHandlerMixin from mixins.arclight.core.json into net.minecraft.server.network.ServerLoginPacketListenerImpl
[07Dec2025 22:29:18.701] [Netty Epoll Server IO #3/DEBUG] [mixin/]: Renaming synthetic method lambda$handleAcceptedLogin$0()V to md2792bd$lambda$handleAcceptedLogin$0$0 in mixins.arclight.core.json:network.ServerLoginNetHandlerMixin
[07Dec2025 22:29:18.717] [Netty Epoll Server IO #3/DEBUG] [mixin/]: Generating mapped inner class net/minecraft/server/network/ServerLoginPacketListenerImpl$2Handler$e9a78480b6f5451795bf813666ce0e60 (originally io/izzel/arclight/common/mixin/core/network/ServerLoginNetHandlerMixin$2Handler)
[07Dec2025 22:29:18.719] [Netty Epoll Server IO #3/DEBUG] [mixin/]: Generating mapped inner class net/minecraft/server/network/ServerLoginPacketListenerImpl$1SyncPreLogin$823d671ab02f44d89b62d5b2dff3f124 (originally io/izzel/arclight/common/mixin/core/network/ServerLoginNetHandlerMixin$1SyncPreLogin)
[07Dec2025 22:29:18.813] [Netty Epoll Server IO #3/DEBUG] [mixin/]: Generating mapped inner class net/minecraft/server/network/ServerLoginPacketListenerImpl$1Handler$d5f2b6cb96a84d35b788e96c50f951e9 (originally io/izzel/arclight/common/mixin/core/network/ServerLoginNetHandlerMixin$1Handler)
[07Dec2025 22:29:18.816] [User Authenticator #1/INFO] [net.minecraft.server.network.ServerLoginPacketListenerImpl/]: UUID of player Xplix is 5219f159-e9ab-3b3e-8c78-072aa75742ca
[07Dec2025 22:29:18.861] [Server thread/DEBUG] [net.minecraftforge.network.HandshakeHandler/FMLHANDSHAKE]: Sending ticking packet info 'net.minecraftforge.network.HandshakeMessages$S2CModData' to 'fml:handshake' sequence 0
[07Dec2025 22:29:18.911] [Server thread/DEBUG] [net.minecraftforge.network.HandshakeHandler/FMLHANDSHAKE]: Sending ticking packet info 'net.minecraftforge.network.HandshakeMessages$S2CModList' to 'fml:handshake' sequence 1
[07Dec2025 22:29:18.961] [Server thread/DEBUG] [net.minecraftforge.network.HandshakeHandler/FMLHANDSHAKE]: Sending ticking packet info 'Registry minecraft:command_argument_type' to 'fml:handshake' sequence 2
[07Dec2025 22:29:19.011] [Server thread/DEBUG] [net.minecraftforge.network.HandshakeHandler/FMLHANDSHAKE]: Sending ticking packet info 'Registry minecraft:recipe_serializer' to 'fml:handshake' sequence 3
[07Dec2025 22:29:19.061] [Server thread/DEBUG] [net.minecraftforge.network.HandshakeHandler/FMLHANDSHAKE]: Sending ticking packet info 'Registry minecraft:sound_event' to 'fml:handshake' sequence 4
[07Dec2025 22:29:19.072] [Netty Epoll Server IO #3/DEBUG] [net.minecraftforge.network.LoginWrapper/FMLHANDSHAKE]: Recieved login wrapper packet event for channel fml:handshake with index 1
[07Dec2025 22:29:19.074] [Netty Epoll Server IO #3/DEBUG] [net.minecraftforge.network.HandshakeHandler/FMLHANDSHAKE]: Received client indexed reply 1 of type net.minecraftforge.network.HandshakeMessages$C2SModListReply
[07Dec2025 22:29:19.074] [Netty Epoll Server IO #3/DEBUG] [net.minecraftforge.network.HandshakeHandler/FMLHANDSHAKE]: Received client connection with modlist [minecraft, plasmovoice, keys_remover, forge, thundernight, owleafutils, healtem]
[07Dec2025 22:29:19.075] [Netty Epoll Server IO #3/DEBUG] [net.minecraftforge.network.NetworkRegistry/NETREGISTRY]: Channel 'fml:loginwrapper' : Version test of 'FML3' from client : ACCEPTED
[07Dec2025 22:29:19.075] [Netty Epoll Server IO #3/DEBUG] [net.minecraftforge.network.NetworkRegistry/NETREGISTRY]: Channel 'owleafutils:main' : Version test of '1' from client : ACCEPTED
[07Dec2025 22:29:19.075] [Netty Epoll Server IO #3/DEBUG] [net.minecraftforge.network.NetworkRegistry/NETREGISTRY]: Channel 'forge:tier_sorting' : Version test of '1.0' from client : ACCEPTED
[07Dec2025 22:29:19.075] [Netty Epoll Server IO #3/DEBUG] [net.minecraftforge.network.NetworkRegistry/NETREGISTRY]: Channel 'fml:handshake' : Version test of 'FML3' from client : ACCEPTED
[07Dec2025 22:29:19.075] [Netty Epoll Server IO #3/DEBUG] [net.minecraftforge.network.NetworkRegistry/NETREGISTRY]: Channel 'plasmo:voice/v2/service' : Version test of 'ALLOWVANILLA 💓💓💓' from client : ACCEPTED
[07Dec2025 22:29:19.075] [Netty Epoll Server IO #3/DEBUG] [net.minecraftforge.network.NetworkRegistry/NETREGISTRY]: Channel 'plasmo:voice/v2' : Version test of 'ALLOWVANILLA 💓💓💓' from client : ACCEPTED
[07Dec2025 22:29:19.075] [Netty Epoll Server IO #3/DEBUG] [net.minecraftforge.network.NetworkRegistry/NETREGISTRY]: Channel 'minecraft:unregister' : Version test of 'FML3' from client : ACCEPTED
[07Dec2025 22:29:19.075] [Netty Epoll Server IO #3/DEBUG] [net.minecraftforge.network.NetworkRegistry/NETREGISTRY]: Channel 'fml:play' : Version test of 'FML3' from client : ACCEPTED
[07Dec2025 22:29:19.075] [Netty Epoll Server IO #3/DEBUG] [net.minecraftforge.network.NetworkRegistry/NETREGISTRY]: Channel 'minecraft:register' : Version test of 'FML3' from client : ACCEPTED
[07Dec2025 22:29:19.075] [Netty Epoll Server IO #3/DEBUG] [net.minecraftforge.network.NetworkRegistry/NETREGISTRY]: Channel 'forge:split' : Version test of '1.1' from client : ACCEPTED
[07Dec2025 22:29:19.075] [Netty Epoll Server IO #3/DEBUG] [net.minecraftforge.network.NetworkRegistry/NETREGISTRY]: Channel 'plasmo:voice/v2/installed' : Version test of 'ALLOWVANILLA 💓💓💓' from client : ACCEPTED
[07Dec2025 22:29:19.075] [Netty Epoll Server IO #3/DEBUG] [net.minecraftforge.network.NetworkRegistry/NETREGISTRY]: Accepting channel list from client
[07Dec2025 22:29:19.076] [Netty Epoll Server IO #3/DEBUG] [net.minecraftforge.network.HandshakeHandler/FMLHANDSHAKE]: Accepted client connection mod list
[07Dec2025 22:29:19.111] [Server thread/DEBUG] [net.minecraftforge.network.HandshakeHandler/FMLHANDSHAKE]: Sending ticking packet info 'Registry minecraft:particle_type' to 'fml:handshake' sequence 5
[07Dec2025 22:29:19.129] [Netty Epoll Server IO #3/DEBUG] [net.minecraftforge.network.LoginWrapper/FMLHANDSHAKE]: Recieved login wrapper packet event for channel fml:handshake with index 2
[07Dec2025 22:29:19.129] [Netty Epoll Server IO #3/DEBUG] [net.minecraftforge.network.HandshakeHandler/FMLHANDSHAKE]: Received client indexed reply 2 of type net.minecraftforge.network.HandshakeMessages$C2SAcknowledge
[07Dec2025 22:29:19.129] [Netty Epoll Server IO #3/DEBUG] [net.minecraftforge.network.HandshakeHandler/FMLHANDSHAKE]: Received acknowledgement from client
[07Dec2025 22:29:19.157] [Netty Epoll Server IO #3/DEBUG] [net.minecraftforge.network.LoginWrapper/FMLHANDSHAKE]: Recieved login wrapper packet event for channel fml:handshake with index 3
[07Dec2025 22:29:19.157] [Netty Epoll Server IO #3/DEBUG] [net.minecraftforge.network.HandshakeHandler/FMLHANDSHAKE]: Received client indexed reply 3 of type net.minecraftforge.network.HandshakeMessages$C2SAcknowledge
[07Dec2025 22:29:19.157] [Netty Epoll Server IO #3/DEBUG] [net.minecraftforge.network.HandshakeHandler/FMLHANDSHAKE]: Received acknowledgement from client
[07Dec2025 22:29:19.161] [Server thread/DEBUG] [net.minecraftforge.network.HandshakeHandler/FMLHANDSHAKE]: Sending ticking packet info 'Registry minecraft:villager_profession' to 'fml:handshake' sequence 6
[07Dec2025 22:29:19.211] [Server thread/DEBUG] [net.minecraftforge.network.HandshakeHandler/FMLHANDSHAKE]: Sending ticking packet info 'Registry minecraft:item' to 'fml:handshake' sequence 7
[07Dec2025 22:29:19.261] [Server thread/DEBUG] [net.minecraftforge.network.HandshakeHandler/FMLHANDSHAKE]: Sending ticking packet info 'Registry minecraft:potion' to 'fml:handshake' sequence 8
[07Dec2025 22:29:19.311] [Server thread/DEBUG] [net.minecraftforge.network.HandshakeHandler/FMLHANDSHAKE]: Sending ticking packet info 'Registry minecraft:painting_variant' to 'fml:handshake' sequence 9
[07Dec2025 22:29:19.361] [Server thread/DEBUG] [net.minecraftforge.network.HandshakeHandler/FMLHANDSHAKE]: Sending ticking packet info 'Registry forge:fluid_type' to 'fml:handshake' sequence 10
[07Dec2025 22:29:19.411] [Server thread/DEBUG] [net.minecraftforge.network.HandshakeHandler/FMLHANDSHAKE]: Sending ticking packet info 'Registry minecraft:block_entity_type' to 'fml:handshake' sequence 11
[07Dec2025 22:29:19.461] [Server thread/DEBUG] [net.minecraftforge.network.HandshakeHandler/FMLHANDSHAKE]: Sending ticking packet info 'Registry forge:display_contexts' to 'fml:handshake' sequence 12
[07Dec2025 22:29:19.508] [Netty Epoll Server IO #3/DEBUG] [net.minecraftforge.network.LoginWrapper/FMLHANDSHAKE]: Recieved login wrapper packet event for channel fml:handshake with index 4
[07Dec2025 22:29:19.508] [Netty Epoll Server IO #3/DEBUG] [net.minecraftforge.network.HandshakeHandler/FMLHANDSHAKE]: Received client indexed reply 4 of type net.minecraftforge.network.HandshakeMessages$C2SAcknowledge
[07Dec2025 22:29:19.508] [Netty Epoll Server IO #3/DEBUG] [net.minecraftforge.network.HandshakeHandler/FMLHANDSHAKE]: Received acknowledgement from client
[07Dec2025 22:29:19.510] [Netty Epoll Server IO #3/DEBUG] [net.minecraftforge.network.LoginWrapper/FMLHANDSHAKE]: Recieved login wrapper packet event for channel fml:handshake with index 5
[07Dec2025 22:29:19.510] [Netty Epoll Server IO #3/DEBUG] [net.minecraftforge.network.HandshakeHandler/FMLHANDSHAKE]: Received client indexed reply 5 of type net.minecraftforge.network.HandshakeMessages$C2SAcknowledge
[07Dec2025 22:29:19.510] [Netty Epoll Server IO #3/DEBUG] [net.minecraftforge.network.HandshakeHandler/FMLHANDSHAKE]: Received acknowledgement from client
[07Dec2025 22:29:19.511] [Server thread/DEBUG] [net.minecraftforge.network.HandshakeHandler/FMLHANDSHAKE]: Sending ticking packet info 'Registry minecraft:block' to 'fml:handshake' sequence 13
[07Dec2025 22:29:19.512] [Netty Epoll Server IO #3/DEBUG] [net.minecraftforge.network.LoginWrapper/FMLHANDSHAKE]: Recieved login wrapper packet event for channel fml:handshake with index 6
[07Dec2025 22:29:19.512] [Netty Epoll Server IO #3/DEBUG] [net.minecraftforge.network.HandshakeHandler/FMLHANDSHAKE]: Received client indexed reply 6 of type net.minecraftforge.network.HandshakeMessages$C2SAcknowledge
[07Dec2025 22:29:19.512] [Netty Epoll Server IO #3/DEBUG] [net.minecraftforge.network.HandshakeHandler/FMLHANDSHAKE]: Received acknowledgement from client
[07Dec2025 22:29:19.520] [Netty Epoll Server IO #3/DEBUG] [net.minecraftforge.network.LoginWrapper/FMLHANDSHAKE]: Recieved login wrapper packet event for channel fml:handshake with index 7
[07Dec2025 22:29:19.520] [Netty Epoll Server IO #3/DEBUG] [net.minecraftforge.network.HandshakeHandler/FMLHANDSHAKE]: Received client indexed reply 7 of type net.minecraftforge.network.HandshakeMessages$C2SAcknowledge
[07Dec2025 22:29:19.520] [Netty Epoll Server IO #3/DEBUG] [net.minecraftforge.network.HandshakeHandler/FMLHANDSHAKE]: Received acknowledgement from client
[07Dec2025 22:29:19.523] [Netty Epoll Server IO #3/DEBUG] [net.minecraftforge.network.LoginWrapper/FMLHANDSHAKE]: Recieved login wrapper packet event for channel fml:handshake with index 8
[07Dec2025 22:29:19.523] [Netty Epoll Server IO #3/DEBUG] [net.minecraftforge.network.HandshakeHandler/FMLHANDSHAKE]: Received client indexed reply 8 of type net.minecraftforge.network.HandshakeMessages$C2SAcknowledge
[07Dec2025 22:29:19.524] [Netty Epoll Server IO #3/DEBUG] [net.minecraftforge.network.HandshakeHandler/FMLHANDSHAKE]: Received acknowledgement from client
[07Dec2025 22:29:19.524] [Netty Epoll Server IO #3/DEBUG] [net.minecraftforge.network.LoginWrapper/FMLHANDSHAKE]: Recieved login wrapper packet event for channel fml:handshake with index 9
[07Dec2025 22:29:19.524] [Netty Epoll Server IO #3/DEBUG] [net.minecraftforge.network.HandshakeHandler/FMLHANDSHAKE]: Received client indexed reply 9 of type net.minecraftforge.network.HandshakeMessages$C2SAcknowledge
[07Dec2025 22:29:19.524] [Netty Epoll Server IO #3/DEBUG] [net.minecraftforge.network.HandshakeHandler/FMLHANDSHAKE]: Received acknowledgement from client
[07Dec2025 22:29:19.528] [Netty Epoll Server IO #3/DEBUG] [net.minecraftforge.network.LoginWrapper/FMLHANDSHAKE]: Recieved login wrapper packet event for channel fml:handshake with index 10
[07Dec2025 22:29:19.528] [Netty Epoll Server IO #3/DEBUG] [net.minecraftforge.network.HandshakeHandler/FMLHANDSHAKE]: Received client indexed reply 10 of type net.minecraftforge.network.HandshakeMessages$C2SAcknowledge
[07Dec2025 22:29:19.528] [Netty Epoll Server IO #3/DEBUG] [net.minecraftforge.network.HandshakeHandler/FMLHANDSHAKE]: Received acknowledgement from client
[07Dec2025 22:29:19.557] [Netty Epoll Server IO #3/DEBUG] [net.minecraftforge.network.LoginWrapper/FMLHANDSHAKE]: Recieved login wrapper packet event for channel fml:handshake with index 11
[07Dec2025 22:29:19.557] [Netty Epoll Server IO #3/DEBUG] [net.minecraftforge.network.HandshakeHandler/FMLHANDSHAKE]: Received client indexed reply 11 of type net.minecraftforge.network.HandshakeMessages$C2SAcknowledge
[07Dec2025 22:29:19.557] [Netty Epoll Server IO #3/DEBUG] [net.minecraftforge.network.HandshakeHandler/FMLHANDSHAKE]: Received acknowledgement from client
[07Dec2025 22:29:19.561] [Server thread/DEBUG] [net.minecraftforge.network.HandshakeHandler/FMLHANDSHAKE]: Sending ticking packet info 'Registry forge:entity_data_serializers' to 'fml:handshake' sequence 14
[07Dec2025 22:29:19.609] [Netty Epoll Server IO #3/DEBUG] [net.minecraftforge.network.LoginWrapper/FMLHANDSHAKE]: Recieved login wrapper packet event for channel fml:handshake with index 12
[07Dec2025 22:29:19.609] [Netty Epoll Server IO #3/DEBUG] [net.minecraftforge.network.HandshakeHandler/FMLHANDSHAKE]: Received client indexed reply 12 of type net.minecraftforge.network.HandshakeMessages$C2SAcknowledge
[07Dec2025 22:29:19.609] [Netty Epoll Server IO #3/DEBUG] [net.minecraftforge.network.HandshakeHandler/FMLHANDSHAKE]: Received acknowledgement from client
[07Dec2025 22:29:19.611] [Server thread/DEBUG] [net.minecraftforge.network.HandshakeHandler/FMLHANDSHAKE]: Sending ticking packet info 'Registry minecraft:mob_effect' to 'fml:handshake' sequence 15
[07Dec2025 22:29:19.661] [Server thread/DEBUG] [net.minecraftforge.network.HandshakeHandler/FMLHANDSHAKE]: Sending ticking packet info 'Registry minecraft:stat_type' to 'fml:handshake' sequence 16
[07Dec2025 22:29:19.665] [Netty Epoll Server IO #3/DEBUG] [net.minecraftforge.network.LoginWrapper/FMLHANDSHAKE]: Recieved login wrapper packet event for channel fml:handshake with index 13
[07Dec2025 22:29:19.665] [Netty Epoll Server IO #3/DEBUG] [net.minecraftforge.network.HandshakeHandler/FMLHANDSHAKE]: Received client indexed reply 13 of type net.minecraftforge.network.HandshakeMessages$C2SAcknowledge
[07Dec2025 22:29:19.665] [Netty Epoll Server IO #3/DEBUG] [net.minecraftforge.network.HandshakeHandler/FMLHANDSHAKE]: Received acknowledgement from client
[07Dec2025 22:29:19.711] [Server thread/DEBUG] [net.minecraftforge.network.HandshakeHandler/FMLHANDSHAKE]: Sending ticking packet info 'Registry minecraft:menu' to 'fml:handshake' sequence 17
[07Dec2025 22:29:19.711] [Netty Epoll Server IO #3/DEBUG] [net.minecraftforge.network.LoginWrapper/FMLHANDSHAKE]: Recieved login wrapper packet event for channel fml:handshake with index 14
[07Dec2025 22:29:19.711] [Netty Epoll Server IO #3/DEBUG] [net.minecraftforge.network.HandshakeHandler/FMLHANDSHAKE]: Received client indexed reply 14 of type net.minecraftforge.network.HandshakeMessages$C2SAcknowledge
[07Dec2025 22:29:19.711] [Netty Epoll Server IO #3/DEBUG] [net.minecraftforge.network.HandshakeHandler/FMLHANDSHAKE]: Received acknowledgement from client
[07Dec2025 22:29:19.761] [Server thread/DEBUG] [net.minecraftforge.network.HandshakeHandler/FMLHANDSHAKE]: Sending ticking packet info 'Registry minecraft:enchantment' to 'fml:handshake' sequence 18
[07Dec2025 22:29:19.766] [Netty Epoll Server IO #3/DEBUG] [net.minecraftforge.network.LoginWrapper/FMLHANDSHAKE]: Recieved login wrapper packet event for channel fml:handshake with index 15
[07Dec2025 22:29:19.766] [Netty Epoll Server IO #3/DEBUG] [net.minecraftforge.network.HandshakeHandler/FMLHANDSHAKE]: Received client indexed reply 15 of type net.minecraftforge.network.HandshakeMessages$C2SAcknowledge
[07Dec2025 22:29:19.766] [Netty Epoll Server IO #3/DEBUG] [net.minecraftforge.network.HandshakeHandler/FMLHANDSHAKE]: Received acknowledgement from client
[07Dec2025 22:29:19.811] [Server thread/DEBUG] [net.minecraftforge.network.HandshakeHandler/FMLHANDSHAKE]: Sending ticking packet info 'Registry minecraft:fluid' to 'fml:handshake' sequence 19
[07Dec2025 22:29:19.818] [Netty Epoll Server IO #3/DEBUG] [net.minecraftforge.network.LoginWrapper/FMLHANDSHAKE]: Recieved login wrapper packet event for channel fml:handshake with index 16
[07Dec2025 22:29:19.818] [Netty Epoll Server IO #3/DEBUG] [net.minecraftforge.network.HandshakeHandler/FMLHANDSHAKE]: Received client indexed reply 16 of type net.minecraftforge.network.HandshakeMessages$C2SAcknowledge
[07Dec2025 22:29:19.818] [Netty Epoll Server IO #3/DEBUG] [net.minecraftforge.network.HandshakeHandler/FMLHANDSHAKE]: Received acknowledgement from client
[07Dec2025 22:29:19.860] [Netty Epoll Server IO #3/DEBUG] [net.minecraftforge.network.LoginWrapper/FMLHANDSHAKE]: Recieved login wrapper packet event for channel fml:handshake with index 17
[07Dec2025 22:29:19.860] [Netty Epoll Server IO #3/DEBUG] [net.minecraftforge.network.HandshakeHandler/FMLHANDSHAKE]: Received client indexed reply 17 of type net.minecraftforge.network.HandshakeMessages$C2SAcknowledge
[07Dec2025 22:29:19.860] [Netty Epoll Server IO #3/DEBUG] [net.minecraftforge.network.HandshakeHandler/FMLHANDSHAKE]: Received acknowledgement from client
[07Dec2025 22:29:19.861] [Server thread/DEBUG] [net.minecraftforge.network.HandshakeHandler/FMLHANDSHAKE]: Sending ticking packet info 'Registry minecraft:entity_type' to 'fml:handshake' sequence 20
[07Dec2025 22:29:19.909] [Netty Epoll Server IO #3/DEBUG] [net.minecraftforge.network.LoginWrapper/FMLHANDSHAKE]: Recieved login wrapper packet event for channel fml:handshake with index 18
[07Dec2025 22:29:19.909] [Netty Epoll Server IO #3/DEBUG] [net.minecraftforge.network.HandshakeHandler/FMLHANDSHAKE]: Received client indexed reply 18 of type net.minecraftforge.network.HandshakeMessages$C2SAcknowledge
[07Dec2025 22:29:19.909] [Netty Epoll Server IO #3/DEBUG] [net.minecraftforge.network.HandshakeHandler/FMLHANDSHAKE]: Received acknowledgement from client
[07Dec2025 22:29:19.911] [Server thread/DEBUG] [net.minecraftforge.network.HandshakeHandler/FMLHANDSHAKE]: Sending ticking packet info 'Config forge-server.toml' to 'fml:handshake' sequence 21
[07Dec2025 22:29:19.958] [Netty Epoll Server IO #3/DEBUG] [net.minecraftforge.network.LoginWrapper/FMLHANDSHAKE]: Recieved login wrapper packet event for channel fml:handshake with index 19
[07Dec2025 22:29:19.958] [Netty Epoll Server IO #3/DEBUG] [net.minecraftforge.network.HandshakeHandler/FMLHANDSHAKE]: Received client indexed reply 19 of type net.minecraftforge.network.HandshakeMessages$C2SAcknowledge
[07Dec2025 22:29:19.958] [Netty Epoll Server IO #3/DEBUG] [net.minecraftforge.network.HandshakeHandler/FMLHANDSHAKE]: Received acknowledgement from client
[07Dec2025 22:29:20.652] [Netty Epoll Server IO #3/DEBUG] [net.minecraftforge.network.LoginWrapper/FMLHANDSHAKE]: Recieved login wrapper packet event for channel fml:handshake with index 20
[07Dec2025 22:29:20.652] [Netty Epoll Server IO #3/DEBUG] [net.minecraftforge.network.HandshakeHandler/FMLHANDSHAKE]: Received client indexed reply 20 of type net.minecraftforge.network.HandshakeMessages$C2SAcknowledge
[07Dec2025 22:29:20.653] [Netty Epoll Server IO #3/DEBUG] [net.minecraftforge.network.HandshakeHandler/FMLHANDSHAKE]: Received acknowledgement from client
[07Dec2025 22:29:20.669] [Netty Epoll Server IO #3/DEBUG] [net.minecraftforge.network.LoginWrapper/FMLHANDSHAKE]: Recieved login wrapper packet event for channel fml:handshake with index 21
[07Dec2025 22:29:20.670] [Netty Epoll Server IO #3/DEBUG] [net.minecraftforge.network.HandshakeHandler/FMLHANDSHAKE]: Received client indexed reply 21 of type net.minecraftforge.network.HandshakeMessages$C2SAcknowledge
[07Dec2025 22:29:20.670] [Netty Epoll Server IO #3/DEBUG] [net.minecraftforge.network.HandshakeHandler/FMLHANDSHAKE]: Received acknowledgement from client
[07Dec2025 22:29:20.711] [Server thread/DEBUG] [net.minecraftforge.network.HandshakeHandler/FMLHANDSHAKE]: Handshake complete!
[07Dec2025 22:29:20.761] [Server thread/DEBUG] [Implementer/SWITCH_TABLE]: Candidate switch enum method <clinit>()V class net/minecraft/world/entity/player/Player$1
[07Dec2025 22:29:20.763] [Server thread/DEBUG] [mixin/]: Mixing world.inventory.EnderChestInventoryMixin from mixins.arclight.core.json into net.minecraft.world.inventory.PlayerEnderChestContainer
[07Dec2025 22:29:20.766] [Server thread/DEBUG] [mixin/]: Mixing world.food.FoodDataMixin from mixins.arclight.core.json into net.minecraft.world.food.FoodData
[07Dec2025 22:29:20.775] [Server thread/DEBUG] [mixin/]: Mixing world.inventory.CraftingInventoryMixin from mixins.arclight.core.json into net.minecraft.world.inventory.TransientCraftingContainer
[07Dec2025 22:29:20.778] [Server thread/DEBUG] [Implementer/INVENTORY]: Found implemented class net/minecraft/world/inventory/TransientCraftingContainer
[07Dec2025 22:29:20.780] [Server thread/DEBUG] [Implementer/SWITCH_TABLE]: Candidate switch enum method $SWITCH_TABLE$org$bukkit$event$inventory$InventoryType()[I class org/bukkit/craftbukkit/v1_20_R1/inventory/CraftContainer
[07Dec2025 22:29:20.804] [Server thread/DEBUG] [mixin/]: Mixing server.PlayerAdvancementsMixin from mixins.arclight.core.json into net.minecraft.server.PlayerAdvancements
[07Dec2025 22:29:20.846] [Server thread/INFO] [net.minecraft.server.players.PlayerList/]: Xplix[/127.17.250.72:51151] logged in with entity id 40 at (39.70933082262413, 107.0, 73.65006134306813)
[07Dec2025 22:29:20.855] [Server thread/DEBUG] [net.minecraftforge.network.filters.NetworkFilters/]: Injected net.minecraftforge.network.filters.ForgeConnectionNetworkFilter@4866e7d9 into net.minecraft.network.Connection@7122bd78
[07Dec2025 22:29:20.876] [Server thread/DEBUG] [Implementer/SWITCH_TABLE]: Candidate switch enum method <clinit>()V class su/plo/slib/api/permission/PermissionDefault$WhenMappings
[07Dec2025 22:29:20.907] [Server thread/DEBUG] [mixin/]: Mixing network.protocol.game.ClientboundCommandsPacket_ArgumentNodeStubMixin from mixins.arclight.core.json into net.minecraft.network.protocol.game.ClientboundCommandsPacket$ArgumentNodeStub
[07Dec2025 22:29:20.927] [Server thread/DEBUG] [mixin/]: Generating mapped inner class net/minecraft/network/chat/Component$1Func$ebf308976aac4c3d8acaaf7ac9520d77 (originally io/izzel/arclight/common/mixin/core/network/chat/ComponentMixin$1Func)
[07Dec2025 22:29:20.930] [Server thread/INFO] [net.minecraft.server.MinecraftServer/]: Xplix joined the game
[07Dec2025 22:29:21.018] [Server thread/DEBUG] [mixin/]: Mixing PacketDistributorMixin from mixins.arclight.forge.json into net.minecraftforge.network.PacketDistributor
[07Dec2025 22:29:21.018] [Server thread/DEBUG] [mixin/]: Renaming synthetic method lambda$playerConsumer$0(Ljava/util/function/Supplier;Lnet/minecraft/network/protocol/Packet;)V to md2792bd$lambda$playerConsumer$0$0 in mixins.arclight.forge.json:PacketDistributorMixin
[07Dec2025 22:29:21.067] [Server thread/DEBUG] [Implementer/SWITCH_TABLE]: Candidate switch enum method <clinit>()V class net/minecraft/world/level/NaturalSpawner$1
[07Dec2025 22:29:21.128] [Server thread/DEBUG] [Implementer/SWITCH_TABLE]: Filling switch table for class org.bukkit.Statistic
[07Dec2025 22:29:21.141] [Server thread/DEBUG] [io.netty.util.internal.ThreadLocalRandom/]: -Dio.netty.initialSeedUniquifier: 0xbb9ed2eea9d69439
[07Dec2025 22:29:21.832] [Netty Epoll Server IO #3/DEBUG] [mixin/]: Mixing network.protocol.PacketThreadUtilMixin from mixins.arclight.core.json into net.minecraft.network.protocol.PacketUtils
[07Dec2025 22:29:21.832] [Netty Epoll Server IO #3/DEBUG] [mixin/]: Renaming synthetic method lambda$ensureRunningOnSameThread$0(Lnet/minecraft/network/PacketListener;Lnet/minecraft/network/protocol/Packet;)V to md2792bd$lambda$ensureRunningOnSameThread$0$0 in mixins.arclight.core.json:network.protocol.PacketThreadUtilMixin
[07Dec2025 22:29:29.217] [Server thread/DEBUG] [Implementer/SWITCH_TABLE]: Candidate switch enum method <clinit>()V class net/minecraft/server/network/ServerGamePacketListenerImpl$2
[07Dec2025 22:29:29.273] [Server thread/DEBUG] [Implementer/SWITCH_TABLE]: Candidate switch enum method $SWITCH_TABLE$org$bukkit$FluidCollisionMode()[I class org/bukkit/craftbukkit/v1_20_R1/CraftFluidCollisionMode
[07Dec2025 22:29:29.319] [Server thread/DEBUG] [Implementer/SWITCH_TABLE]: Candidate switch enum method $SWITCH_TABLE$org$bukkit$World$Environment()[I class org/bukkit/generator/ChunkGenerator
[07Dec2025 22:29:49.194] [Server thread/DEBUG] [Implementer/SWITCH_TABLE]: Candidate switch enum method <clinit>()V class io/izzel/arclight/common/mixin/core/network/ServerPlayNetHandlerMixin$2
[07Dec2025 22:29:50.495] [Server thread/DEBUG] [mixin/]: Mixing CraftBlockStateMixin from mixins.arclight.bukkit.json into org.bukkit.craftbukkit.v1_20_R1.block.CraftBlockState
[07Dec2025 22:29:50.498] [Server thread/DEBUG] [Implementer/SWITCH_TABLE]: Candidate switch enum method $SWITCH_TABLE$org$bukkit$block$sign$Side()[I class org/bukkit/craftbukkit/v1_20_R1/block/CraftSign
[07Dec2025 22:29:50.502] [Server thread/DEBUG] [Implementer/SWITCH_TABLE]: Candidate switch enum method $SWITCH_TABLE$org$bukkit$SkullType()[I class org/bukkit/craftbukkit/v1_20_R1/block/CraftSkull
[07Dec2025 22:29:50.502] [Server thread/DEBUG] [Implementer/SWITCH_TABLE]: Candidate switch enum method $SWITCH_TABLE$org$bukkit$Material()[I class org/bukkit/craftbukkit/v1_20_R1/block/CraftSkull
[07Dec2025 22:29:50.502] [Server thread/DEBUG] [Implementer/SWITCH_TABLE]: Find switch(enum org/bukkit/Material) table method $SWITCH_TABLE$org$bukkit$Material()[I in class org/bukkit/craftbukkit/v1_20_R1/block/CraftSkull
[07Dec2025 22:29:50.502] [Server thread/DEBUG] [Implementer/SWITCH_TABLE]: Inject method in method org/bukkit/craftbukkit/v1_20_R1/block/CraftSkull:$SWITCH_TABLE$org$bukkit$Material()[I, switch table field is $SWITCH_TABLE$org$bukkit$Material[I
[07Dec2025 22:29:50.553] [Server thread/DEBUG] [Implementer/SWITCH_TABLE]: Candidate switch enum method $SWITCH_TABLE$org$bukkit$Material()[I class org/bukkit/craftbukkit/v1_20_R1/block/CraftBed
[07Dec2025 22:29:50.553] [Server thread/DEBUG] [Implementer/SWITCH_TABLE]: Find switch(enum org/bukkit/Material) table method $SWITCH_TABLE$org$bukkit$Material()[I in class org/bukkit/craftbukkit/v1_20_R1/block/CraftBed
[07Dec2025 22:29:50.553] [Server thread/DEBUG] [Implementer/SWITCH_TABLE]: Inject method in method org/bukkit/craftbukkit/v1_20_R1/block/CraftBed:$SWITCH_TABLE$org$bukkit$Material()[I, switch table field is $SWITCH_TABLE$org$bukkit$Material[I
[07Dec2025 22:29:50.610] [Server thread/DEBUG] [Implementer/SWITCH_TABLE]: Candidate switch enum method $SWITCH_TABLE$org$bukkit$block$BlockFace()[I class org/bukkit/craftbukkit/v1_20_R1/block/CraftChiseledBookshelf
[07Dec2025 22:29:50.613] [Server thread/DEBUG] [Implementer/SWITCH_TABLE]: Candidate switch enum method $SWITCH_TABLE$org$bukkit$block$DecoratedPot$Side()[I class org/bukkit/craftbukkit/v1_20_R1/block/CraftDecoratedPot
[07Dec2025 22:29:54.932] [Server thread/DEBUG] [Implementer/SWITCH_TABLE]: Candidate switch enum method <clinit>()V class net/minecraftforge/event/entity/player/PlayerInteractEvent$1
[07Dec2025 22:29:56.865] [Server thread/DEBUG] [mixin/]: Generating mapped inner class net/minecraft/server/network/ServerGamePacketListenerImpl$1Handler$e34b1d519d4a4e02a029119b9682b32f (originally io/izzel/arclight/common/mixin/core/network/ServerPlayNetHandlerMixin$1Handler)
[07Dec2025 22:29:58.416] [Server thread/DEBUG] [Implementer/]: Definalize enum class org/bukkit/entity/Pose values field ENUM$VALUES
[07Dec2025 22:30:07.016] [Netty Epoll Server IO #3/DEBUG] [Implementer/SWITCH_TABLE]: Candidate switch enum method <clinit>()V class net/minecraft/network/FriendlyByteBuf$1
[07Dec2025 22:31:08.280] [Server thread/INFO] [net.minecraft.server.network.ServerGamePacketListenerImpl/]: Xplix issued server command: /iniciarpingui
[07Dec2025 22:31:08.284] [Server thread/INFO] [net.minecraft.server.MinecraftServer/]:  Juego Iniciado
[07Dec2025 22:31:08.284] [Server thread/INFO] [net.minecraft.server.MinecraftServer/]: Acumula 3 minutos con el pingüino
[07Dec2025 22:31:08.284] [Server thread/INFO] [net.minecraft.server.MinecraftServer/]: 
[07Dec2025 22:31:08.285] [Server thread/INFO] [net.minecraft.server.MinecraftServer/]: [Xplix: [PinguiGame] Juego iniciado correctamente.]
[07Dec2025 22:32:23.707] [Server thread/INFO] [net.minecraft.server.network.ServerGamePacketListenerImpl/]: Xplix issued server command: /effect give @a minecraft:glowing 5
[07Dec2025 22:32:23.717] [Server thread/INFO] [net.minecraft.server.MinecraftServer/]: [Xplix: Applied effect Glowing to Xplix]
[07Dec2025 22:33:00.070] [Server thread/DEBUG] [Implementer/SWITCH_TABLE]: Filling switch table for class org.bukkit.Material
[07Dec2025 22:33:49.288] [Netty Epoll Server IO #5/DEBUG] [net.minecraftforge.network.HandshakeHandler/FMLHANDSHAKE]: Starting new modded impl connection. Found 22 messages to dispatch.
[07Dec2025 22:33:49.372] [User Authenticator #2/INFO] [net.minecraft.server.network.ServerLoginPacketListenerImpl/]: UUID of player BasseeMC is f7e392e8-b731-391d-993d-0843e9463f01
[07Dec2025 22:33:49.414] [Server thread/DEBUG] [net.minecraftforge.network.HandshakeHandler/FMLHANDSHAKE]: Sending ticking packet info 'net.minecraftforge.network.HandshakeMessages$S2CModData' to 'fml:handshake' sequence 0
[07Dec2025 22:33:49.465] [Server thread/DEBUG] [net.minecraftforge.network.HandshakeHandler/FMLHANDSHAKE]: Sending ticking packet info 'net.minecraftforge.network.HandshakeMessages$S2CModList' to 'fml:handshake' sequence 1
[07Dec2025 22:33:49.514] [Server thread/DEBUG] [net.minecraftforge.network.HandshakeHandler/FMLHANDSHAKE]: Sending ticking packet info 'Registry minecraft:command_argument_type' to 'fml:handshake' sequence 2
[07Dec2025 22:33:49.566] [Server thread/DEBUG] [net.minecraftforge.network.HandshakeHandler/FMLHANDSHAKE]: Sending ticking packet info 'Registry minecraft:recipe_serializer' to 'fml:handshake' sequence 3
[07Dec2025 22:33:49.601] [Netty Epoll Server IO #5/DEBUG] [net.minecraftforge.network.LoginWrapper/FMLHANDSHAKE]: Recieved login wrapper packet event for channel fml:handshake with index 1
[07Dec2025 22:33:49.601] [Netty Epoll Server IO #5/DEBUG] [net.minecraftforge.network.HandshakeHandler/FMLHANDSHAKE]: Received client indexed reply 1 of type net.minecraftforge.network.HandshakeMessages$C2SModListReply
[07Dec2025 22:33:49.602] [Netty Epoll Server IO #5/DEBUG] [net.minecraftforge.network.HandshakeHandler/FMLHANDSHAKE]: Received client connection with modlist [minecraft, plasmovoice, keys_remover, forge, thundernight, owleafutils, healtem]
[07Dec2025 22:33:49.602] [Netty Epoll Server IO #5/DEBUG] [net.minecraftforge.network.NetworkRegistry/NETREGISTRY]: Channel 'fml:loginwrapper' : Version test of 'FML3' from client : ACCEPTED
[07Dec2025 22:33:49.602] [Netty Epoll Server IO #5/DEBUG] [net.minecraftforge.network.NetworkRegistry/NETREGISTRY]: Channel 'owleafutils:main' : Version test of '1' from client : ACCEPTED
[07Dec2025 22:33:49.602] [Netty Epoll Server IO #5/DEBUG] [net.minecraftforge.network.NetworkRegistry/NETREGISTRY]: Channel 'forge:tier_sorting' : Version test of '1.0' from client : ACCEPTED
[07Dec2025 22:33:49.602] [Netty Epoll Server IO #5/DEBUG] [net.minecraftforge.network.NetworkRegistry/NETREGISTRY]: Channel 'fml:handshake' : Version test of 'FML3' from client : ACCEPTED
[07Dec2025 22:33:49.602] [Netty Epoll Server IO #5/DEBUG] [net.minecraftforge.network.NetworkRegistry/NETREGISTRY]: Channel 'plasmo:voice/v2/service' : Version test of 'ALLOWVANILLA 💓💓💓' from client : ACCEPTED
[07Dec2025 22:33:49.602] [Netty Epoll Server IO #5/DEBUG] [net.minecraftforge.network.NetworkRegistry/NETREGISTRY]: Channel 'plasmo:voice/v2' : Version test of 'ALLOWVANILLA 💓💓💓' from client : ACCEPTED
[07Dec2025 22:33:49.602] [Netty Epoll Server IO #5/DEBUG] [net.minecraftforge.network.NetworkRegistry/NETREGISTRY]: Channel 'minecraft:unregister' : Version test of 'FML3' from client : ACCEPTED
[07Dec2025 22:33:49.602] [Netty Epoll Server IO #5/DEBUG] [net.minecraftforge.network.NetworkRegistry/NETREGISTRY]: Channel 'fml:play' : Version test of 'FML3' from client : ACCEPTED
[07Dec2025 22:33:49.602] [Netty Epoll Server IO #5/DEBUG] [net.minecraftforge.network.NetworkRegistry/NETREGISTRY]: Channel 'minecraft:register' : Version test of 'FML3' from client : ACCEPTED
[07Dec2025 22:33:49.602] [Netty Epoll Server IO #5/DEBUG] [net.minecraftforge.network.NetworkRegistry/NETREGISTRY]: Channel 'forge:split' : Version test of '1.1' from client : ACCEPTED
[07Dec2025 22:33:49.602] [Netty Epoll Server IO #5/DEBUG] [net.minecraftforge.network.NetworkRegistry/NETREGISTRY]: Channel 'plasmo:voice/v2/installed' : Version test of 'ALLOWVANILLA 💓💓💓' from client : ACCEPTED
[07Dec2025 22:33:49.602] [Netty Epoll Server IO #5/DEBUG] [net.minecraftforge.network.NetworkRegistry/NETREGISTRY]: Accepting channel list from client
[07Dec2025 22:33:49.602] [Netty Epoll Server IO #5/DEBUG] [net.minecraftforge.network.HandshakeHandler/FMLHANDSHAKE]: Accepted client connection mod list
[07Dec2025 22:33:49.613] [Netty Epoll Server IO #5/DEBUG] [net.minecraftforge.network.LoginWrapper/FMLHANDSHAKE]: Recieved login wrapper packet event for channel fml:handshake with index 2
[07Dec2025 22:33:49.613] [Netty Epoll Server IO #5/DEBUG] [net.minecraftforge.network.HandshakeHandler/FMLHANDSHAKE]: Received client indexed reply 2 of type net.minecraftforge.network.HandshakeMessages$C2SAcknowledge
[07Dec2025 22:33:49.613] [Netty Epoll Server IO #5/DEBUG] [net.minecraftforge.network.HandshakeHandler/FMLHANDSHAKE]: Received acknowledgement from client
[07Dec2025 22:33:49.615] [Server thread/DEBUG] [net.minecraftforge.network.HandshakeHandler/FMLHANDSHAKE]: Sending ticking packet info 'Registry minecraft:sound_event' to 'fml:handshake' sequence 4
[07Dec2025 22:33:49.656] [Netty Epoll Server IO #5/DEBUG] [net.minecraftforge.network.LoginWrapper/FMLHANDSHAKE]: Recieved login wrapper packet event for channel fml:handshake with index 3
[07Dec2025 22:33:49.656] [Netty Epoll Server IO #5/DEBUG] [net.minecraftforge.network.HandshakeHandler/FMLHANDSHAKE]: Received client indexed reply 3 of type net.minecraftforge.network.HandshakeMessages$C2SAcknowledge
[07Dec2025 22:33:49.656] [Netty Epoll Server IO #5/DEBUG] [net.minecraftforge.network.HandshakeHandler/FMLHANDSHAKE]: Received acknowledgement from client
[07Dec2025 22:33:49.665] [Server thread/DEBUG] [net.minecraftforge.network.HandshakeHandler/FMLHANDSHAKE]: Sending ticking packet info 'Registry minecraft:particle_type' to 'fml:handshake' sequence 5
[07Dec2025 22:33:49.715] [Server thread/DEBUG] [net.minecraftforge.network.HandshakeHandler/FMLHANDSHAKE]: Sending ticking packet info 'Registry minecraft:villager_profession' to 'fml:handshake' sequence 6
[07Dec2025 22:33:49.765] [Server thread/DEBUG] [net.minecraftforge.network.HandshakeHandler/FMLHANDSHAKE]: Sending ticking packet info 'Registry minecraft:item' to 'fml:handshake' sequence 7
[07Dec2025 22:33:49.815] [Server thread/DEBUG] [net.minecraftforge.network.HandshakeHandler/FMLHANDSHAKE]: Sending ticking packet info 'Registry minecraft:potion' to 'fml:handshake' sequence 8
[07Dec2025 22:33:49.865] [Server thread/DEBUG] [net.minecraftforge.network.HandshakeHandler/FMLHANDSHAKE]: Sending ticking packet info 'Registry minecraft:painting_variant' to 'fml:handshake' sequence 9
[07Dec2025 22:33:49.915] [Server thread/DEBUG] [net.minecraftforge.network.HandshakeHandler/FMLHANDSHAKE]: Sending ticking packet info 'Registry forge:fluid_type' to 'fml:handshake' sequence 10
[07Dec2025 22:33:49.964] [Server thread/DEBUG] [net.minecraftforge.network.HandshakeHandler/FMLHANDSHAKE]: Sending ticking packet info 'Registry minecraft:block_entity_type' to 'fml:handshake' sequence 11
[07Dec2025 22:33:50.015] [Server thread/DEBUG] [net.minecraftforge.network.HandshakeHandler/FMLHANDSHAKE]: Sending ticking packet info 'Registry forge:display_contexts' to 'fml:handshake' sequence 12
[07Dec2025 22:33:50.065] [Server thread/DEBUG] [net.minecraftforge.network.HandshakeHandler/FMLHANDSHAKE]: Sending ticking packet info 'Registry minecraft:block' to 'fml:handshake' sequence 13
[07Dec2025 22:33:50.093] [Netty Epoll Server IO #5/DEBUG] [net.minecraftforge.network.LoginWrapper/FMLHANDSHAKE]: Recieved login wrapper packet event for channel fml:handshake with index 4
[07Dec2025 22:33:50.093] [Netty Epoll Server IO #5/DEBUG] [net.minecraftforge.network.HandshakeHandler/FMLHANDSHAKE]: Received client indexed reply 4 of type net.minecraftforge.network.HandshakeMessages$C2SAcknowledge
[07Dec2025 22:33:50.093] [Netty Epoll Server IO #5/DEBUG] [net.minecraftforge.network.HandshakeHandler/FMLHANDSHAKE]: Received acknowledgement from client
[07Dec2025 22:33:50.101] [Netty Epoll Server IO #5/DEBUG] [net.minecraftforge.network.LoginWrapper/FMLHANDSHAKE]: Recieved login wrapper packet event for channel fml:handshake with index 5
[07Dec2025 22:33:50.101] [Netty Epoll Server IO #5/DEBUG] [net.minecraftforge.network.HandshakeHandler/FMLHANDSHAKE]: Received client indexed reply 5 of type net.minecraftforge.network.HandshakeMessages$C2SAcknowledge
[07Dec2025 22:33:50.101] [Netty Epoll Server IO #5/DEBUG] [net.minecraftforge.network.HandshakeHandler/FMLHANDSHAKE]: Received acknowledgement from client
[07Dec2025 22:33:50.102] [Netty Epoll Server IO #5/DEBUG] [net.minecraftforge.network.LoginWrapper/FMLHANDSHAKE]: Recieved login wrapper packet event for channel fml:handshake with index 6
[07Dec2025 22:33:50.102] [Netty Epoll Server IO #5/DEBUG] [net.minecraftforge.network.HandshakeHandler/FMLHANDSHAKE]: Received client indexed reply 6 of type net.minecraftforge.network.HandshakeMessages$C2SAcknowledge
[07Dec2025 22:33:50.102] [Netty Epoll Server IO #5/DEBUG] [net.minecraftforge.network.HandshakeHandler/FMLHANDSHAKE]: Received acknowledgement from client
[07Dec2025 22:33:50.105] [Netty Epoll Server IO #5/DEBUG] [net.minecraftforge.network.LoginWrapper/FMLHANDSHAKE]: Recieved login wrapper packet event for channel fml:handshake with index 7
[07Dec2025 22:33:50.105] [Netty Epoll Server IO #5/DEBUG] [net.minecraftforge.network.HandshakeHandler/FMLHANDSHAKE]: Received client indexed reply 7 of type net.minecraftforge.network.HandshakeMessages$C2SAcknowledge
[07Dec2025 22:33:50.105] [Netty Epoll Server IO #5/DEBUG] [net.minecraftforge.network.HandshakeHandler/FMLHANDSHAKE]: Received acknowledgement from client
[07Dec2025 22:33:50.106] [Netty Epoll Server IO #5/DEBUG] [net.minecraftforge.network.LoginWrapper/FMLHANDSHAKE]: Recieved login wrapper packet event for channel fml:handshake with index 8
[07Dec2025 22:33:50.106] [Netty Epoll Server IO #5/DEBUG] [net.minecraftforge.network.HandshakeHandler/FMLHANDSHAKE]: Received client indexed reply 8 of type net.minecraftforge.network.HandshakeMessages$C2SAcknowledge
[07Dec2025 22:33:50.106] [Netty Epoll Server IO #5/DEBUG] [net.minecraftforge.network.HandshakeHandler/FMLHANDSHAKE]: Received acknowledgement from client
[07Dec2025 22:33:50.106] [Netty Epoll Server IO #5/DEBUG] [net.minecraftforge.network.LoginWrapper/FMLHANDSHAKE]: Recieved login wrapper packet event for channel fml:handshake with index 9
[07Dec2025 22:33:50.106] [Netty Epoll Server IO #5/DEBUG] [net.minecraftforge.network.HandshakeHandler/FMLHANDSHAKE]: Received client indexed reply 9 of type net.minecraftforge.network.HandshakeMessages$C2SAcknowledge
[07Dec2025 22:33:50.106] [Netty Epoll Server IO #5/DEBUG] [net.minecraftforge.network.HandshakeHandler/FMLHANDSHAKE]: Received acknowledgement from client
[07Dec2025 22:33:50.107] [Netty Epoll Server IO #5/DEBUG] [net.minecraftforge.network.LoginWrapper/FMLHANDSHAKE]: Recieved login wrapper packet event for channel fml:handshake with index 10
[07Dec2025 22:33:50.107] [Netty Epoll Server IO #5/DEBUG] [net.minecraftforge.network.HandshakeHandler/FMLHANDSHAKE]: Received client indexed reply 10 of type net.minecraftforge.network.HandshakeMessages$C2SAcknowledge
[07Dec2025 22:33:50.107] [Netty Epoll Server IO #5/DEBUG] [net.minecraftforge.network.HandshakeHandler/FMLHANDSHAKE]: Received acknowledgement from client
[07Dec2025 22:33:50.107] [Netty Epoll Server IO #5/DEBUG] [net.minecraftforge.network.LoginWrapper/FMLHANDSHAKE]: Recieved login wrapper packet event for channel fml:handshake with index 11
[07Dec2025 22:33:50.108] [Netty Epoll Server IO #5/DEBUG] [net.minecraftforge.network.HandshakeHandler/FMLHANDSHAKE]: Received client indexed reply 11 of type net.minecraftforge.network.HandshakeMessages$C2SAcknowledge
[07Dec2025 22:33:50.108] [Netty Epoll Server IO #5/DEBUG] [net.minecraftforge.network.HandshakeHandler/FMLHANDSHAKE]: Received acknowledgement from client
[07Dec2025 22:33:50.108] [Netty Epoll Server IO #5/DEBUG] [net.minecraftforge.network.LoginWrapper/FMLHANDSHAKE]: Recieved login wrapper packet event for channel fml:handshake with index 12
[07Dec2025 22:33:50.108] [Netty Epoll Server IO #5/DEBUG] [net.minecraftforge.network.HandshakeHandler/FMLHANDSHAKE]: Received client indexed reply 12 of type net.minecraftforge.network.HandshakeMessages$C2SAcknowledge
[07Dec2025 22:33:50.108] [Netty Epoll Server IO #5/DEBUG] [net.minecraftforge.network.HandshakeHandler/FMLHANDSHAKE]: Received acknowledgement from client
[07Dec2025 22:33:50.115] [Server thread/DEBUG] [net.minecraftforge.network.HandshakeHandler/FMLHANDSHAKE]: Sending ticking packet info 'Registry forge:entity_data_serializers' to 'fml:handshake' sequence 14
[07Dec2025 22:33:50.173] [Server thread/DEBUG] [net.minecraftforge.network.HandshakeHandler/FMLHANDSHAKE]: Sending ticking packet info 'Registry minecraft:mob_effect' to 'fml:handshake' sequence 15
[07Dec2025 22:33:50.203] [Netty Epoll Server IO #5/DEBUG] [net.minecraftforge.network.LoginWrapper/FMLHANDSHAKE]: Recieved login wrapper packet event for channel fml:handshake with index 13
[07Dec2025 22:33:50.203] [Netty Epoll Server IO #5/DEBUG] [net.minecraftforge.network.HandshakeHandler/FMLHANDSHAKE]: Received client indexed reply 13 of type net.minecraftforge.network.HandshakeMessages$C2SAcknowledge
[07Dec2025 22:33:50.203] [Netty Epoll Server IO #5/DEBUG] [net.minecraftforge.network.HandshakeHandler/FMLHANDSHAKE]: Received acknowledgement from client
[07Dec2025 22:33:50.218] [Server thread/DEBUG] [net.minecraftforge.network.HandshakeHandler/FMLHANDSHAKE]: Sending ticking packet info 'Registry minecraft:stat_type' to 'fml:handshake' sequence 16
[07Dec2025 22:33:50.236] [Netty Epoll Server IO #5/DEBUG] [net.minecraftforge.network.LoginWrapper/FMLHANDSHAKE]: Recieved login wrapper packet event for channel fml:handshake with index 14
[07Dec2025 22:33:50.237] [Netty Epoll Server IO #5/DEBUG] [net.minecraftforge.network.HandshakeHandler/FMLHANDSHAKE]: Received client indexed reply 14 of type net.minecraftforge.network.HandshakeMessages$C2SAcknowledge
[07Dec2025 22:33:50.237] [Netty Epoll Server IO #5/DEBUG] [net.minecraftforge.network.HandshakeHandler/FMLHANDSHAKE]: Received acknowledgement from client
[07Dec2025 22:33:50.265] [Server thread/DEBUG] [net.minecraftforge.network.HandshakeHandler/FMLHANDSHAKE]: Sending ticking packet info 'Registry minecraft:menu' to 'fml:handshake' sequence 17
[07Dec2025 22:33:50.275] [Netty Epoll Server IO #5/DEBUG] [net.minecraftforge.network.LoginWrapper/FMLHANDSHAKE]: Recieved login wrapper packet event for channel fml:handshake with index 15
[07Dec2025 22:33:50.275] [Netty Epoll Server IO #5/DEBUG] [net.minecraftforge.network.HandshakeHandler/FMLHANDSHAKE]: Received client indexed reply 15 of type net.minecraftforge.network.HandshakeMessages$C2SAcknowledge
[07Dec2025 22:33:50.275] [Netty Epoll Server IO #5/DEBUG] [net.minecraftforge.network.HandshakeHandler/FMLHANDSHAKE]: Received acknowledgement from client
[07Dec2025 22:33:50.314] [Netty Epoll Server IO #5/DEBUG] [net.minecraftforge.network.LoginWrapper/FMLHANDSHAKE]: Recieved login wrapper packet event for channel fml:handshake with index 16
[07Dec2025 22:33:50.314] [Netty Epoll Server IO #5/DEBUG] [net.minecraftforge.network.HandshakeHandler/FMLHANDSHAKE]: Received client indexed reply 16 of type net.minecraftforge.network.HandshakeMessages$C2SAcknowledge
[07Dec2025 22:33:50.314] [Netty Epoll Server IO #5/DEBUG] [net.minecraftforge.network.HandshakeHandler/FMLHANDSHAKE]: Received acknowledgement from client
[07Dec2025 22:33:50.315] [Server thread/DEBUG] [net.minecraftforge.network.HandshakeHandler/FMLHANDSHAKE]: Sending ticking packet info 'Registry minecraft:enchantment' to 'fml:handshake' sequence 18
[07Dec2025 22:33:50.365] [Server thread/DEBUG] [net.minecraftforge.network.HandshakeHandler/FMLHANDSHAKE]: Sending ticking packet info 'Registry minecraft:fluid' to 'fml:handshake' sequence 19
[07Dec2025 22:33:50.377] [Netty Epoll Server IO #5/DEBUG] [net.minecraftforge.network.LoginWrapper/FMLHANDSHAKE]: Recieved login wrapper packet event for channel fml:handshake with index 17
[07Dec2025 22:33:50.377] [Netty Epoll Server IO #5/DEBUG] [net.minecraftforge.network.HandshakeHandler/FMLHANDSHAKE]: Received client indexed reply 17 of type net.minecraftforge.network.HandshakeMessages$C2SAcknowledge
[07Dec2025 22:33:50.377] [Netty Epoll Server IO #5/DEBUG] [net.minecraftforge.network.HandshakeHandler/FMLHANDSHAKE]: Received acknowledgement from client
[07Dec2025 22:33:50.415] [Server thread/DEBUG] [net.minecraftforge.network.HandshakeHandler/FMLHANDSHAKE]: Sending ticking packet info 'Registry minecraft:entity_type' to 'fml:handshake' sequence 20
[07Dec2025 22:33:50.439] [Netty Epoll Server IO #5/DEBUG] [net.minecraftforge.network.LoginWrapper/FMLHANDSHAKE]: Recieved login wrapper packet event for channel fml:handshake with index 18
[07Dec2025 22:33:50.439] [Netty Epoll Server IO #5/DEBUG] [net.minecraftforge.network.HandshakeHandler/FMLHANDSHAKE]: Received client indexed reply 18 of type net.minecraftforge.network.HandshakeMessages$C2SAcknowledge
[07Dec2025 22:33:50.439] [Netty Epoll Server IO #5/DEBUG] [net.minecraftforge.network.HandshakeHandler/FMLHANDSHAKE]: Received acknowledgement from client
[07Dec2025 22:33:50.467] [Server thread/DEBUG] [net.minecraftforge.network.HandshakeHandler/FMLHANDSHAKE]: Sending ticking packet info 'Config forge-server.toml' to 'fml:handshake' sequence 21
[07Dec2025 22:33:50.490] [Netty Epoll Server IO #5/DEBUG] [net.minecraftforge.network.LoginWrapper/FMLHANDSHAKE]: Recieved login wrapper packet event for channel fml:handshake with index 19
[07Dec2025 22:33:50.490] [Netty Epoll Server IO #5/DEBUG] [net.minecraftforge.network.HandshakeHandler/FMLHANDSHAKE]: Received client indexed reply 19 of type net.minecraftforge.network.HandshakeMessages$C2SAcknowledge
[07Dec2025 22:33:50.491] [Netty Epoll Server IO #5/DEBUG] [net.minecraftforge.network.HandshakeHandler/FMLHANDSHAKE]: Received acknowledgement from client
[07Dec2025 22:33:51.088] [Netty Epoll Server IO #5/DEBUG] [net.minecraftforge.network.LoginWrapper/FMLHANDSHAKE]: Recieved login wrapper packet event for channel fml:handshake with index 20
[07Dec2025 22:33:51.088] [Netty Epoll Server IO #5/DEBUG] [net.minecraftforge.network.HandshakeHandler/FMLHANDSHAKE]: Received client indexed reply 20 of type net.minecraftforge.network.HandshakeMessages$C2SAcknowledge
[07Dec2025 22:33:51.088] [Netty Epoll Server IO #5/DEBUG] [net.minecraftforge.network.HandshakeHandler/FMLHANDSHAKE]: Received acknowledgement from client
[07Dec2025 22:33:51.091] [Netty Epoll Server IO #5/DEBUG] [net.minecraftforge.network.LoginWrapper/FMLHANDSHAKE]: Recieved login wrapper packet event for channel fml:handshake with index 21
[07Dec2025 22:33:51.091] [Netty Epoll Server IO #5/DEBUG] [net.minecraftforge.network.HandshakeHandler/FMLHANDSHAKE]: Received client indexed reply 21 of type net.minecraftforge.network.HandshakeMessages$C2SAcknowledge
[07Dec2025 22:33:51.091] [Netty Epoll Server IO #5/DEBUG] [net.minecraftforge.network.HandshakeHandler/FMLHANDSHAKE]: Received acknowledgement from client
[07Dec2025 22:33:51.115] [Server thread/DEBUG] [net.minecraftforge.network.HandshakeHandler/FMLHANDSHAKE]: Handshake complete!
[07Dec2025 22:33:51.243] [Server thread/INFO] [net.minecraft.server.players.PlayerList/]: BasseeMC[/127.62.3.16:50767] logged in with entity id 415 at (55.92002322044489, 107.0, 10.34399798660657)
[07Dec2025 22:33:51.243] [Server thread/DEBUG] [net.minecraftforge.network.filters.NetworkFilters/]: Injected net.minecraftforge.network.filters.ForgeConnectionNetworkFilter@5ef347bf into net.minecraft.network.Connection@6f62d8bf
[07Dec2025 22:33:51.273] [Server thread/INFO] [net.minecraft.server.MinecraftServer/]: BasseeMC joined the game
[07Dec2025 22:33:55.784] [Server thread/DEBUG] [Implementer/SWITCH_TABLE]: Candidate switch enum method <clinit>()V class net/minecraft/world/damagesource/DamageSource$1
[07Dec2025 22:33:58.037] [Server thread/DEBUG] [net.minecraftforge.common.ForgeHooks/WP]: Gathering id map for writing to world save Squid Alpaca Games
[07Dec2025 22:33:58.046] [Server thread/DEBUG] [net.minecraftforge.common.ForgeHooks/WP]: ID Map collection complete Squid Alpaca Games
[07Dec2025 22:33:59.072] [Server thread/INFO] [net.minecraft.server.network.ServerGamePacketListenerImpl/]: Xplix issued server command: /resetpinguiblock
[07Dec2025 22:33:59.089] [Server thread/INFO] [net.minecraft.server.MinecraftServer/]: [Xplix: [PinguiBlock] Estado reseteado correctamente.
• 1 jugador(es) pueden volver a interactuar.
• 1 pingüino(s) removido(s) de las cabezas.
• JUEGO RESETEADO - Usa /iniciarpingui para comenzar]
[07Dec2025 22:33:59.089] [Server thread/INFO] [net.minecraft.server.MinecraftServer/]: Esperen...
[07Dec2025 22:34:15.566] [Server thread/INFO] [net.minecraft.server.network.ServerGamePacketListenerImpl/]: BasseeMC issued server command: /gamemode creative
[07Dec2025 22:34:15.568] [Server thread/INFO] [net.minecraft.server.MinecraftServer/]: [BasseeMC: Set own game mode to Creative Mode]
[07Dec2025 22:34:15.670] [Server thread/INFO] [net.minecraft.server.network.ServerGamePacketListenerImpl/]: Xplix issued server command: /resetpinguiblock
[07Dec2025 22:34:15.671] [Server thread/INFO] [net.minecraft.server.MinecraftServer/]: [Xplix: [PinguiBlock] Estado reseteado correctamente.
• 0 jugador(es) pueden volver a interactuar.
• 0 pingüino(s) removido(s) de las cabezas.
• JUEGO RESETEADO - Usa /iniciarpingui para comenzar]
[07Dec2025 22:34:15.671] [Server thread/INFO] [net.minecraft.server.MinecraftServer/]: Esperen...
[07Dec2025 22:34:18.121] [Server thread/INFO] [net.minecraft.server.network.ServerGamePacketListenerImpl/]: Xplix issued server command: /gamemode adventure
[07Dec2025 22:34:18.122] [Server thread/INFO] [net.minecraft.server.MinecraftServer/]: [Xplix: Set own game mode to Adventure Mode]
[07Dec2025 22:34:27.823] [Server thread/INFO] [net.minecraft.server.network.ServerGamePacketListenerImpl/]: Xplix issued server command: /gamemode adventure @a
[07Dec2025 22:34:27.825] [Server thread/INFO] [net.minecraft.server.MinecraftServer/]: [Xplix: Set BasseeMC's game mode to Adventure Mode]
[07Dec2025 22:34:37.544] [Server thread/INFO] [net.minecraft.server.network.ServerGamePacketListenerImpl/]: Xplix issued server command: /gamemode creative
[07Dec2025 22:34:37.545] [Server thread/INFO] [net.minecraft.server.MinecraftServer/]: [Xplix: Set own game mode to Creative Mode]
[07Dec2025 22:34:39.437] [Server thread/INFO] [net.minecraft.server.network.ServerGamePacketListenerImpl/]: BasseeMC issued server command: /gamemode creative
[07Dec2025 22:34:39.438] [Server thread/INFO] [net.minecraft.server.MinecraftServer/]: [BasseeMC: Set own game mode to Creative Mode]
[07Dec2025 22:34:42.114] [Server thread/INFO] [net.minecraft.server.network.ServerGamePacketListenerImpl/]: BasseeMC issued server command: /gamemode adventure
[07Dec2025 22:34:42.115] [Server thread/INFO] [net.minecraft.server.MinecraftServer/]: [BasseeMC: Set own game mode to Adventure Mode]
[07Dec2025 22:34:44.532] [Server thread/INFO] [net.minecraft.server.network.ServerGamePacketListenerImpl/]: Xplix issued server command: /tp @a Xplix
[07Dec2025 22:34:44.538] [Server thread/INFO] [net.minecraft.server.MinecraftServer/]: [Xplix: Teleported 2 entities to Xplix]
[07Dec2025 22:34:46.395] [Server thread/INFO] [net.minecraft.server.network.ServerGamePacketListenerImpl/]: BasseeMC issued server command: /time set day
[07Dec2025 22:34:46.396] [Server thread/INFO] [net.minecraft.server.MinecraftServer/]: [BasseeMC: Set the time to 1000]
[07Dec2025 22:34:56.945] [Async Chat Thread - #1/INFO] [net.minecraft.server.MinecraftServer/]: [Not Secure] <Xplix> intenta interactuar
[07Dec2025 22:34:58.706] [Server thread/INFO] [net.minecraft.server.network.ServerGamePacketListenerImpl/]: BasseeMC issued server command: /effect give @a minecraft:regeneration infinite 100 true
[07Dec2025 22:34:58.707] [Server thread/INFO] [net.minecraft.server.MinecraftServer/]: [BasseeMC: Applied effect Regeneration to 2 targets]
[07Dec2025 22:35:11.216] [Server thread/INFO] [net.minecraft.server.network.ServerGamePacketListenerImpl/]: BasseeMC issued server command: /effect give @a minecraft:saturation infinite 100 true
[07Dec2025 22:35:11.217] [Server thread/INFO] [net.minecraft.server.MinecraftServer/]: [BasseeMC: Applied effect Saturation to 2 targets]
[07Dec2025 22:35:16.183] [Server thread/INFO] [net.minecraft.server.network.ServerGamePacketListenerImpl/]: Xplix issued server command: /gamemode adventure
[07Dec2025 22:35:16.184] [Server thread/INFO] [net.minecraft.server.MinecraftServer/]: [Xplix: Set own game mode to Adventure Mode]
[07Dec2025 22:35:20.281] [Server thread/INFO] [net.minecraft.server.network.ServerGamePacketListenerImpl/]: BasseeMC issued server command: /iniciarpingui
[07Dec2025 22:35:20.282] [Server thread/INFO] [net.minecraft.server.MinecraftServer/]:  Juego Iniciado
[07Dec2025 22:35:20.282] [Server thread/INFO] [net.minecraft.server.MinecraftServer/]: Acumula 3 minutos con el pingüino
[07Dec2025 22:35:20.282] [Server thread/INFO] [net.minecraft.server.MinecraftServer/]: 
[07Dec2025 22:35:20.282] [Server thread/INFO] [net.minecraft.server.MinecraftServer/]: [BasseeMC: [PinguiGame] Juego iniciado correctamente.]
[07Dec2025 22:38:04.930] [Server thread/INFO] [net.minecraft.server.network.ServerGamePacketListenerImpl/]: BasseeMC issued server command: /gamemode creative
[07Dec2025 22:38:04.931] [Server thread/INFO] [net.minecraft.server.MinecraftServer/]: [BasseeMC: Set own game mode to Creative Mode]
[07Dec2025 22:38:06.794] [Server thread/INFO] [net.minecraft.server.network.ServerGamePacketListenerImpl/]: BasseeMC issued server command: /gamemode adventure
[07Dec2025 22:38:06.795] [Server thread/INFO] [net.minecraft.server.MinecraftServer/]: [BasseeMC: Set own game mode to Adventure Mode]
[07Dec2025 22:38:07.304] [Server thread/INFO] [net.minecraft.server.network.ServerGamePacketListenerImpl/]: Xplix issued server command: /gamemode creative
[07Dec2025 22:38:07.305] [Server thread/INFO] [net.minecraft.server.MinecraftServer/]: [Xplix: Set own game mode to Creative Mode]
[07Dec2025 22:38:09.871] [Server thread/INFO] [net.minecraft.server.network.ServerGamePacketListenerImpl/]: Xplix issued server command: /gamemode adventure
[07Dec2025 22:38:09.872] [Server thread/INFO] [net.minecraft.server.MinecraftServer/]: [Xplix: Set own game mode to Adventure Mode]
[07Dec2025 22:38:58.027] [Server thread/DEBUG] [net.minecraftforge.common.ForgeHooks/WP]: Gathering id map for writing to world save Squid Alpaca Games
[07Dec2025 22:38:58.032] [Server thread/DEBUG] [net.minecraftforge.common.ForgeHooks/WP]: ID Map collection complete Squid Alpaca Games
[07Dec2025 22:41:25.315] [Server thread/INFO] [net.minecraft.server.MinecraftServer/]: Jugador BasseeMC Pasa
[07Dec2025 22:41:30.902] [Async Chat Thread - #3/INFO] [net.minecraft.server.MinecraftServer/]: [Not Secure] <BasseeMC> ?
[07Dec2025 22:41:41.596] [Async Chat Thread - #2/INFO] [net.minecraft.server.MinecraftServer/]: [Not Secure] <Xplix> cuando pasas te pones en espectador
[07Dec2025 22:41:46.606] [Async Chat Thread - #3/INFO] [net.minecraft.server.MinecraftServer/]: [Not Secure] <Xplix> para que no interrumpas
[07Dec2025 22:41:47.077] [Async Chat Thread - #2/INFO] [net.minecraft.server.MinecraftServer/]: [Not Secure] <BasseeMC> no deberia
[07Dec2025 22:41:50.484] [Async Chat Thread - #3/INFO] [net.minecraft.server.MinecraftServer/]: [Not Secure] <Xplix> a los demas jugadores
[07Dec2025 22:41:57.250] [Server thread/INFO] [net.minecraft.server.network.ServerGamePacketListenerImpl/]: Xplix issued server command: /finpingui
[07Dec2025 22:41:57.250] [Server thread/INFO] [net.minecraft.server.MinecraftServer/]: 
[07Dec2025 22:41:57.250] [Server thread/INFO] [net.minecraft.server.MinecraftServer/]: Juego Terminado
[07Dec2025 22:41:57.251] [Server thread/INFO] [net.minecraft.server.MinecraftServer/]: Jugador BasseeMC Pasa
[07Dec2025 22:41:57.251] [Server thread/INFO] [net.minecraft.server.MinecraftServer/]: ⏱ Tiempo alcanzado: 180s / 180s
[07Dec2025 22:41:57.251] [Server thread/INFO] [net.minecraft.server.MinecraftServer/]: En espera...
[07Dec2025 22:41:57.251] [Server thread/INFO] [net.minecraft.server.MinecraftServer/]: 
[07Dec2025 22:41:57.252] [Server thread/INFO] [net.minecraft.server.MinecraftServer/]: [Xplix: Juego terminado]
[07Dec2025 22:42:13.009] [Async Chat Thread - #2/INFO] [net.minecraft.server.MinecraftServer/]: [Not Secure] <BasseeMC> deberia mejor tpearte a otro lado pero ponerte en espect no
[07Dec2025 22:42:21.298] [Async Chat Thread - #3/INFO] [net.minecraft.server.MinecraftServer/]: [Not Secure] <BasseeMC> pq pueden ver lo demas del mapa
[07Dec2025 22:42:30.908] [Async Chat Thread - #2/INFO] [net.minecraft.server.MinecraftServer/]: [Not Secure] <Xplix> mmm ok
[07Dec2025 22:42:33.198] [Server thread/INFO] [net.minecraft.server.network.ServerGamePacketListenerImpl/]: Xplix issued server command: /gamemode creative
[07Dec2025 22:42:33.199] [Server thread/INFO] [net.minecraft.server.MinecraftServer/]: [Xplix: Set own game mode to Creative Mode]
[07Dec2025 22:42:51.438] [Async Chat Thread - #3/INFO] [net.minecraft.server.MinecraftServer/]: [Not Secure] <BasseeMC> mejor arregla ahi que cuando alguien muera si o si se ponga en espectador}
[07Dec2025 22:43:09.634] [Server thread/INFO] [net.minecraft.server.network.ServerGamePacketListenerImpl/]: BasseeMC issued server command: /gamemode adventure
[07Dec2025 22:43:09.634] [Server thread/INFO] [net.minecraft.server.MinecraftServer/]: [BasseeMC: Set own game mode to Adventure Mode]
[07Dec2025 22:43:11.090] [Server thread/INFO] [net.minecraft.server.network.ServerGamePacketListenerImpl/]: BasseeMC issued server command: /gamemode creative
[07Dec2025 22:43:11.090] [Server thread/INFO] [net.minecraft.server.MinecraftServer/]: [BasseeMC: Set own game mode to Creative Mode]
[07Dec2025 22:43:11.622] [Async Chat Thread - #3/INFO] [net.minecraft.server.MinecraftServer/]: [Not Secure] <Xplix> sisi entonces mejor tp
[07Dec2025 22:43:15.618] [Async Chat Thread - #2/INFO] [net.minecraft.server.MinecraftServer/]: [Not Secure] <BasseeMC> sisis
[07Dec2025 22:43:21.594] [Async Chat Thread - #3/INFO] [net.minecraft.server.MinecraftServer/]: [Not Secure] <BasseeMC> pero eso lo hacemos manual
[07Dec2025 22:43:38.880] [Async Chat Thread - #2/INFO] [net.minecraft.server.MinecraftServer/]: [Not Secure] <Xplix> yo lo hago en el mod
[07Dec2025 22:43:45.826] [Async Chat Thread - #3/INFO] [net.minecraft.server.MinecraftServer/]: [Not Secure] <BasseeMC> va
[07Dec2025 22:43:51.504] [Server thread/INFO] [net.minecraft.server.network.ServerGamePacketListenerImpl/]: Xplix issued server command: /resetpinguiblock
[07Dec2025 22:43:51.505] [Server thread/INFO] [net.minecraft.server.MinecraftServer/]: [Xplix: [PinguiBlock] Estado reseteado correctamente.
• 1 jugador(es) pueden volver a interactuar.
• 0 pingüino(s) removido(s) de las cabezas.
• JUEGO RESETEADO - Usa /iniciarpingui para comenzar]
[07Dec2025 22:43:51.505] [Server thread/INFO] [net.minecraft.server.MinecraftServer/]: Esperen...
[07Dec2025 22:43:58.025] [Server thread/DEBUG] [net.minecraftforge.common.ForgeHooks/WP]: Gathering id map for writing to world save Squid Alpaca Games
[07Dec2025 22:43:58.029] [Server thread/DEBUG] [net.minecraftforge.common.ForgeHooks/WP]: ID Map collection complete Squid Alpaca Games
[07Dec2025 22:44:01.980] [Server thread/DEBUG] [Implementer/SWITCH_TABLE]: Filling switch table for class org.bukkit.Material
[07Dec2025 22:44:14.675] [Server thread/DEBUG] [org.enginehub.piston.impl.CommandParser/]: [0quwfyr0u4t0z]: started parsing
[07Dec2025 22:44:14.675] [Server thread/DEBUG] [org.enginehub.piston.impl.CommandParser/]: [0quwfyr0u4t0z]: Consuming argument ``
[07Dec2025 22:44:15.355] [Server thread/DEBUG] [org.enginehub.piston.impl.CommandParser/]: [03raxpzv9d3x7]: started parsing
[07Dec2025 22:44:15.355] [Server thread/DEBUG] [org.enginehub.piston.impl.CommandParser/]: [03raxpzv9d3x7]: Consuming argument `g`
[07Dec2025 22:44:15.525] [Server thread/DEBUG] [org.enginehub.piston.impl.CommandParser/]: [1vir4wkd0cv0m]: started parsing
[07Dec2025 22:44:15.525] [Server thread/DEBUG] [org.enginehub.piston.impl.CommandParser/]: [1vir4wkd0cv0m]: Consuming argument `ga`
[07Dec2025 22:44:15.699] [Server thread/DEBUG] [org.enginehub.piston.impl.CommandParser/]: [1bwrlmxjx084u]: started parsing
[07Dec2025 22:44:15.699] [Server thread/DEBUG] [org.enginehub.piston.impl.CommandParser/]: [1bwrlmxjx084u]: Consuming argument `gal`
[07Dec2025 22:44:16.323] [Server thread/DEBUG] [org.enginehub.piston.impl.CommandParser/]: [032mdhopr0h2z]: started parsing
[07Dec2025 22:44:16.323] [Server thread/DEBUG] [org.enginehub.piston.impl.CommandParser/]: [032mdhopr0h2z]: Consuming argument `ga`
[07Dec2025 22:44:16.491] [Server thread/DEBUG] [org.enginehub.piston.impl.CommandParser/]: [0w8c86ygw8c9y]: started parsing
[07Dec2025 22:44:16.491] [Server thread/DEBUG] [org.enginehub.piston.impl.CommandParser/]: [0w8c86ygw8c9y]: Consuming argument `g`
[07Dec2025 22:44:16.943] [Server thread/DEBUG] [org.enginehub.piston.impl.CommandParser/]: [06pf6m2dcq1wr]: started parsing
[07Dec2025 22:44:16.943] [Server thread/DEBUG] [org.enginehub.piston.impl.CommandParser/]: [06pf6m2dcq1wr]: Consuming argument `gl`
[07Dec2025 22:44:16.972] [Server thread/DEBUG] [org.enginehub.piston.impl.CommandParser/]: [0s6tluejrpsag]: started parsing
[07Dec2025 22:44:16.972] [Server thread/DEBUG] [org.enginehub.piston.impl.CommandParser/]: [0s6tluejrpsag]: Consuming argument `glñ`
[07Dec2025 22:44:17.002] [Server thread/DEBUG] [org.enginehub.piston.impl.CommandParser/]: [1ikj7xm9nhffc]: started parsing
[07Dec2025 22:44:17.002] [Server thread/DEBUG] [org.enginehub.piston.impl.CommandParser/]: [1ikj7xm9nhffc]: Consuming argument `glña`
[07Dec2025 22:44:17.459] [Server thread/DEBUG] [org.enginehub.piston.impl.CommandParser/]: [1pn9s2kf6wyfb]: started parsing
[07Dec2025 22:44:17.459] [Server thread/DEBUG] [org.enginehub.piston.impl.CommandParser/]: [1pn9s2kf6wyfb]: Consuming argument `glñ`
[07Dec2025 22:44:17.650] [Server thread/DEBUG] [org.enginehub.piston.impl.CommandParser/]: [0jnowcna13h1w]: started parsing
[07Dec2025 22:44:17.650] [Server thread/DEBUG] [org.enginehub.piston.impl.CommandParser/]: [0jnowcna13h1w]: Consuming argument `gl`
[07Dec2025 22:44:17.916] [Server thread/DEBUG] [org.enginehub.piston.impl.CommandParser/]: [0yq4u6m1cxcnv]: started parsing
[07Dec2025 22:44:17.916] [Server thread/DEBUG] [org.enginehub.piston.impl.CommandParser/]: [0yq4u6m1cxcnv]: Consuming argument `gla`
[07Dec2025 22:44:18.044] [Server thread/DEBUG] [org.enginehub.piston.impl.CommandParser/]: [0vyt16esfkzpu]: started parsing
[07Dec2025 22:44:18.044] [Server thread/DEBUG] [org.enginehub.piston.impl.CommandParser/]: [0vyt16esfkzpu]: Consuming argument `glas`
[07Dec2025 22:44:18.257] [Server thread/DEBUG] [org.enginehub.piston.impl.CommandParser/]: [07gbkp5fonw8h]: started parsing
[07Dec2025 22:44:18.257] [Server thread/DEBUG] [org.enginehub.piston.impl.CommandParser/]: [07gbkp5fonw8h]: Consuming argument `glass`
[07Dec2025 22:44:18.266] [Server thread/DEBUG] [org.enginehub.piston.impl.CommandParser/]: [07gbkp5fonw8h]: Finished looking at arguments. Finalizing command.
[07Dec2025 22:44:18.480] [Server thread/INFO] [net.minecraft.server.network.ServerGamePacketListenerImpl/]: Xplix issued server command: //set glass
[07Dec2025 22:44:18.482] [Server thread/DEBUG] [org.enginehub.piston.impl.CommandParser/]: [020fxupgbd6gn]: started parsing
[07Dec2025 22:44:18.482] [Server thread/DEBUG] [org.enginehub.piston.impl.CommandParser/]: [020fxupgbd6gn]: Consuming argument `glass`
[07Dec2025 22:44:18.482] [Server thread/DEBUG] [org.enginehub.piston.impl.CommandParser/]: [020fxupgbd6gn]: Finished looking at arguments. Finalizing command.
[07Dec2025 22:45:00.319] [Server thread/DEBUG] [org.enginehub.piston.impl.CommandParser/]: [0l0yh4ij5u3tv]: started parsing
[07Dec2025 22:45:00.319] [Server thread/DEBUG] [org.enginehub.piston.impl.CommandParser/]: [0l0yh4ij5u3tv]: Consuming argument `glass`
[07Dec2025 22:45:00.320] [Server thread/DEBUG] [org.enginehub.piston.impl.CommandParser/]: [0l0yh4ij5u3tv]: Finished looking at arguments. Finalizing command.
[07Dec2025 22:45:00.320] [Server thread/DEBUG] [org.enginehub.piston.impl.CommandParser/]: [03tf7s6u6jpjj]: started parsing
[07Dec2025 22:45:00.320] [Server thread/DEBUG] [org.enginehub.piston.impl.CommandParser/]: [03tf7s6u6jpjj]: Consuming argument `glass`
[07Dec2025 22:45:00.321] [Server thread/DEBUG] [org.enginehub.piston.impl.CommandParser/]: [03tf7s6u6jpjj]: Finished looking at arguments. Finalizing command.
[07Dec2025 22:45:01.043] [Server thread/DEBUG] [org.enginehub.piston.impl.CommandParser/]: [09majr7ewxdpm]: started parsing
[07Dec2025 22:45:01.043] [Server thread/DEBUG] [org.enginehub.piston.impl.CommandParser/]: [09majr7ewxdpm]: Consuming argument `glas`
[07Dec2025 22:45:01.291] [Server thread/DEBUG] [org.enginehub.piston.impl.CommandParser/]: [1ckbz6an44sac]: started parsing
[07Dec2025 22:45:01.291] [Server thread/DEBUG] [org.enginehub.piston.impl.CommandParser/]: [1ckbz6an44sac]: Consuming argument `gla`
[07Dec2025 22:45:01.531] [Server thread/DEBUG] [org.enginehub.piston.impl.CommandParser/]: [1ne36c6w4xpth]: started parsing
[07Dec2025 22:45:01.531] [Server thread/DEBUG] [org.enginehub.piston.impl.CommandParser/]: [1ne36c6w4xpth]: Consuming argument `gl`
[07Dec2025 22:45:01.766] [Server thread/DEBUG] [org.enginehub.piston.impl.CommandParser/]: [1pvd2zz2nwldn]: started parsing
[07Dec2025 22:45:01.766] [Server thread/DEBUG] [org.enginehub.piston.impl.CommandParser/]: [1pvd2zz2nwldn]: Consuming argument `g`
[07Dec2025 22:45:02.372] [Server thread/DEBUG] [org.enginehub.piston.impl.CommandParser/]: [1kd5gq8t29vqx]: started parsing
[07Dec2025 22:45:02.372] [Server thread/DEBUG] [org.enginehub.piston.impl.CommandParser/]: [1kd5gq8t29vqx]: Consuming argument ``
[07Dec2025 22:45:05.295] [Server thread/DEBUG] [org.enginehub.piston.impl.CommandParser/]: [0ce3kqq6ovsgc]: started parsing
[07Dec2025 22:45:05.295] [Server thread/DEBUG] [org.enginehub.piston.impl.CommandParser/]: [0ce3kqq6ovsgc]: Consuming argument `glass`
[07Dec2025 22:45:05.295] [Server thread/DEBUG] [org.enginehub.piston.impl.CommandParser/]: [0ce3kqq6ovsgc]: Finished looking at arguments. Finalizing command.
[07Dec2025 22:45:05.296] [Server thread/DEBUG] [org.enginehub.piston.impl.CommandParser/]: [1l1aeilc1l9el]: started parsing
[07Dec2025 22:45:05.296] [Server thread/DEBUG] [org.enginehub.piston.impl.CommandParser/]: [1l1aeilc1l9el]: Consuming argument `glass`
[07Dec2025 22:45:05.296] [Server thread/DEBUG] [org.enginehub.piston.impl.CommandParser/]: [1l1aeilc1l9el]: Finished looking at arguments. Finalizing command.
[07Dec2025 22:45:05.656] [Server thread/DEBUG] [org.enginehub.piston.impl.CommandParser/]: [1jbxgl7w6wbnl]: started parsing
[07Dec2025 22:45:05.656] [Server thread/DEBUG] [org.enginehub.piston.impl.CommandParser/]: [1jbxgl7w6wbnl]: Consuming argument `glas`
[07Dec2025 22:45:06.171] [Server thread/DEBUG] [org.enginehub.piston.impl.CommandParser/]: [13gbngjn7yo90]: started parsing
[07Dec2025 22:45:06.171] [Server thread/DEBUG] [org.enginehub.piston.impl.CommandParser/]: [13gbngjn7yo90]: Consuming argument `gla`
[07Dec2025 22:45:06.200] [Server thread/DEBUG] [org.enginehub.piston.impl.CommandParser/]: [1t4zo823ml0u5]: started parsing
[07Dec2025 22:45:06.200] [Server thread/DEBUG] [org.enginehub.piston.impl.CommandParser/]: [1t4zo823ml0u5]: Consuming argument `gl`
[07Dec2025 22:45:06.287] [Server thread/DEBUG] [org.enginehub.piston.impl.CommandParser/]: [09cj6ukrh39n2]: started parsing
[07Dec2025 22:45:06.287] [Server thread/DEBUG] [org.enginehub.piston.impl.CommandParser/]: [09cj6ukrh39n2]: Consuming argument `g`
[07Dec2025 22:45:06.442] [Server thread/DEBUG] [org.enginehub.piston.impl.CommandParser/]: [0seiiiieqkjt0]: started parsing
[07Dec2025 22:45:06.442] [Server thread/DEBUG] [org.enginehub.piston.impl.CommandParser/]: [0seiiiieqkjt0]: Consuming argument ``
[07Dec2025 22:45:06.798] [Server thread/DEBUG] [org.enginehub.piston.impl.CommandParser/]: [07g99myofy2bf]: started parsing
[07Dec2025 22:45:06.798] [Server thread/DEBUG] [org.enginehub.piston.impl.CommandParser/]: [07g99myofy2bf]: Consuming argument `w`
[07Dec2025 22:45:07.043] [Server thread/DEBUG] [org.enginehub.piston.impl.CommandParser/]: [0cte8gbbjca0d]: started parsing
[07Dec2025 22:45:07.043] [Server thread/DEBUG] [org.enginehub.piston.impl.CommandParser/]: [0cte8gbbjca0d]: Consuming argument `wh`
[07Dec2025 22:45:07.253] [Server thread/DEBUG] [org.enginehub.piston.impl.CommandParser/]: [14b7g740ep9kv]: started parsing
[07Dec2025 22:45:07.253] [Server thread/DEBUG] [org.enginehub.piston.impl.CommandParser/]: [14b7g740ep9kv]: Consuming argument `whi`
[07Dec2025 22:45:07.497] [Server thread/DEBUG] [org.enginehub.piston.impl.CommandParser/]: [1tf90jh79ijkl]: started parsing
[07Dec2025 22:45:07.497] [Server thread/DEBUG] [org.enginehub.piston.impl.CommandParser/]: [1tf90jh79ijkl]: Consuming argument `whit`
[07Dec2025 22:45:07.635] [Server thread/DEBUG] [org.enginehub.piston.impl.CommandParser/]: [14tomr9gc7ffu]: started parsing
[07Dec2025 22:45:07.635] [Server thread/DEBUG] [org.enginehub.piston.impl.CommandParser/]: [14tomr9gc7ffu]: Consuming argument `white`
[07Dec2025 22:45:07.635] [Server thread/DEBUG] [org.enginehub.piston.impl.CommandParser/]: [14tomr9gc7ffu]: Finished looking at arguments. Finalizing command.
[07Dec2025 22:45:08.558] [Server thread/DEBUG] [org.enginehub.piston.impl.CommandParser/]: [07p8p8ur9xvai]: started parsing
[07Dec2025 22:45:08.558] [Server thread/DEBUG] [org.enginehub.piston.impl.CommandParser/]: [07p8p8ur9xvai]: Consuming argument `white_`
[07Dec2025 22:45:08.807] [Server thread/DEBUG] [org.enginehub.piston.impl.CommandParser/]: [13fjgglzh3b1h]: started parsing
[07Dec2025 22:45:08.807] [Server thread/DEBUG] [org.enginehub.piston.impl.CommandParser/]: [13fjgglzh3b1h]: Consuming argument `white_c`
[07Dec2025 22:45:09.056] [Server thread/DEBUG] [org.enginehub.piston.impl.CommandParser/]: [0lkc6f7jqegok]: started parsing
[07Dec2025 22:45:09.056] [Server thread/DEBUG] [org.enginehub.piston.impl.CommandParser/]: [0lkc6f7jqegok]: Consuming argument `white_co`
[07Dec2025 22:45:09.814] [Server thread/INFO] [net.minecraft.server.network.ServerGamePacketListenerImpl/]: Xplix issued server command: //set white_concrete
[07Dec2025 22:45:09.814] [Server thread/DEBUG] [org.enginehub.piston.impl.CommandParser/]: [0sqtm1u3tsyx5]: started parsing
[07Dec2025 22:45:09.814] [Server thread/DEBUG] [org.enginehub.piston.impl.CommandParser/]: [0sqtm1u3tsyx5]: Consuming argument `white_concrete`
[07Dec2025 22:45:09.815] [Server thread/DEBUG] [org.enginehub.piston.impl.CommandParser/]: [0sqtm1u3tsyx5]: Finished looking at arguments. Finalizing command.
[07Dec2025 22:45:14.801] [Server thread/DEBUG] [org.enginehub.piston.impl.CommandParser/]: [1ct4qwpjxmxko]: started parsing
[07Dec2025 22:45:14.801] [Server thread/DEBUG] [org.enginehub.piston.impl.CommandParser/]: [1ct4qwpjxmxko]: Consuming argument `white_concrete`
[07Dec2025 22:45:14.801] [Server thread/DEBUG] [org.enginehub.piston.impl.CommandParser/]: [1ct4qwpjxmxko]: Finished looking at arguments. Finalizing command.
[07Dec2025 22:45:14.802] [Server thread/DEBUG] [org.enginehub.piston.impl.CommandParser/]: [0mxb1tmkeimw1]: started parsing
[07Dec2025 22:45:14.802] [Server thread/DEBUG] [org.enginehub.piston.impl.CommandParser/]: [0mxb1tmkeimw1]: Consuming argument `white_concrete`
[07Dec2025 22:45:14.802] [Server thread/DEBUG] [org.enginehub.piston.impl.CommandParser/]: [0mxb1tmkeimw1]: Finished looking at arguments. Finalizing command.
[07Dec2025 22:45:15.037] [Server thread/DEBUG] [org.enginehub.piston.impl.CommandParser/]: [0ic8um2yesx3r]: started parsing
[07Dec2025 22:45:15.037] [Server thread/DEBUG] [org.enginehub.piston.impl.CommandParser/]: [0ic8um2yesx3r]: Consuming argument `glass`
[07Dec2025 22:45:15.037] [Server thread/DEBUG] [org.enginehub.piston.impl.CommandParser/]: [0ic8um2yesx3r]: Finished looking at arguments. Finalizing command.
[07Dec2025 22:45:15.038] [Server thread/DEBUG] [org.enginehub.piston.impl.CommandParser/]: [0lrpq6pxp157q]: started parsing
[07Dec2025 22:45:15.038] [Server thread/DEBUG] [org.enginehub.piston.impl.CommandParser/]: [0lrpq6pxp157q]: Consuming argument `glass`
[07Dec2025 22:45:15.038] [Server thread/DEBUG] [org.enginehub.piston.impl.CommandParser/]: [0lrpq6pxp157q]: Finished looking at arguments. Finalizing command.
[07Dec2025 22:45:15.393] [Server thread/INFO] [net.minecraft.server.network.ServerGamePacketListenerImpl/]: Xplix issued server command: //set glass
[07Dec2025 22:45:15.394] [Server thread/DEBUG] [org.enginehub.piston.impl.CommandParser/]: [1gvz686yc7iql]: started parsing
[07Dec2025 22:45:15.394] [Server thread/DEBUG] [org.enginehub.piston.impl.CommandParser/]: [1gvz686yc7iql]: Consuming argument `glass`
[07Dec2025 22:45:15.394] [Server thread/DEBUG] [org.enginehub.piston.impl.CommandParser/]: [1gvz686yc7iql]: Finished looking at arguments. Finalizing command.
[07Dec2025 22:46:00.863] [Server thread/DEBUG] [org.enginehub.piston.impl.CommandParser/]: [11og3us6wmli7]: started parsing
[07Dec2025 22:46:00.863] [Server thread/DEBUG] [org.enginehub.piston.impl.CommandParser/]: [11og3us6wmli7]: Consuming argument `glass`
[07Dec2025 22:46:00.863] [Server thread/DEBUG] [org.enginehub.piston.impl.CommandParser/]: [11og3us6wmli7]: Finished looking at arguments. Finalizing command.
[07Dec2025 22:46:00.864] [Server thread/DEBUG] [org.enginehub.piston.impl.CommandParser/]: [0plm1xql8cay8]: started parsing
[07Dec2025 22:46:00.864] [Server thread/DEBUG] [org.enginehub.piston.impl.CommandParser/]: [0plm1xql8cay8]: Consuming argument `glass`
[07Dec2025 22:46:00.864] [Server thread/DEBUG] [org.enginehub.piston.impl.CommandParser/]: [0plm1xql8cay8]: Finished looking at arguments. Finalizing command.
[07Dec2025 22:46:01.862] [Server thread/DEBUG] [org.enginehub.piston.impl.CommandParser/]: [0z5x25jeduluu]: started parsing
[07Dec2025 22:46:01.862] [Server thread/DEBUG] [org.enginehub.piston.impl.CommandParser/]: [0z5x25jeduluu]: Consuming argument `white_concrete`
[07Dec2025 22:46:01.862] [Server thread/DEBUG] [org.enginehub.piston.impl.CommandParser/]: [0z5x25jeduluu]: Finished looking at arguments. Finalizing command.
[07Dec2025 22:46:01.863] [Server thread/DEBUG] [org.enginehub.piston.impl.CommandParser/]: [1ehqcqgm7d9n1]: started parsing
[07Dec2025 22:46:01.863] [Server thread/DEBUG] [org.enginehub.piston.impl.CommandParser/]: [1ehqcqgm7d9n1]: Consuming argument `white_concrete`
[07Dec2025 22:46:01.863] [Server thread/DEBUG] [org.enginehub.piston.impl.CommandParser/]: [1ehqcqgm7d9n1]: Finished looking at arguments. Finalizing command.
[07Dec2025 22:46:02.118] [Server thread/INFO] [net.minecraft.server.network.ServerGamePacketListenerImpl/]: Xplix issued server command: //set white_concrete
[07Dec2025 22:46:02.119] [Server thread/DEBUG] [org.enginehub.piston.impl.CommandParser/]: [0svt9cizpbzbq]: started parsing
[07Dec2025 22:46:02.119] [Server thread/DEBUG] [org.enginehub.piston.impl.CommandParser/]: [0svt9cizpbzbq]: Consuming argument `white_concrete`
[07Dec2025 22:46:02.119] [Server thread/DEBUG] [org.enginehub.piston.impl.CommandParser/]: [0svt9cizpbzbq]: Finished looking at arguments. Finalizing command.
[07Dec2025 22:46:02.171] [Server thread/DEBUG] [Implementer/SWITCH_TABLE]: Candidate switch enum method <clinit>()V class com/sk89q/worldedit/bukkit/BukkitBlockRegistry$1
[07Dec2025 22:46:02.171] [Server thread/DEBUG] [Implementer/SWITCH_TABLE]: Find switch(enum org/bukkit/Material) table method <clinit>()V in class com/sk89q/worldedit/bukkit/BukkitBlockRegistry$1
[07Dec2025 22:46:02.171] [Server thread/DEBUG] [Implementer/SWITCH_TABLE]: Inject method in method com/sk89q/worldedit/bukkit/BukkitBlockRegistry$1:<clinit>()V, switch table field is $SwitchMap$org$bukkit$Material[I
[07Dec2025 22:46:02.173] [Server thread/DEBUG] [Implementer/SWITCH_TABLE]: Filling switch table for class org.bukkit.Material
[07Dec2025 22:46:02.173] [Server thread/DEBUG] [Implementer/SWITCH_TABLE]: Candidate switch enum method <clinit>()V class com/sk89q/worldedit/extent/reorder/MultiStageReorder$2
[07Dec2025 22:46:06.538] [Async Chat Thread - #5/INFO] [net.minecraft.server.MinecraftServer/]: [Not Secure] <BasseeMC> hagamos otra
[07Dec2025 22:46:10.403] [Async Chat Thread - #4/INFO] [net.minecraft.server.MinecraftServer/]: [Not Secure] <Xplix> espera
[07Dec2025 22:46:11.974] [Server thread/INFO] [net.minecraft.server.network.ServerGamePacketListenerImpl/]: BasseeMC issued server command: /time set day
[07Dec2025 22:46:11.975] [Server thread/INFO] [net.minecraft.server.MinecraftServer/]: [BasseeMC: Set the time to 1000]
[07Dec2025 22:46:12.892] [Server thread/DEBUG] [org.enginehub.piston.impl.CommandParser/]: [1u8tobgufniec]: started parsing
[07Dec2025 22:46:12.892] [Server thread/DEBUG] [org.enginehub.piston.impl.CommandParser/]: [1u8tobgufniec]: Consuming argument `white_concrete`
[07Dec2025 22:46:12.892] [Server thread/DEBUG] [org.enginehub.piston.impl.CommandParser/]: [1u8tobgufniec]: Finished looking at arguments. Finalizing command.
[07Dec2025 22:46:12.892] [Server thread/DEBUG] [org.enginehub.piston.impl.CommandParser/]: [0guri6c3phki1]: started parsing
[07Dec2025 22:46:12.892] [Server thread/DEBUG] [org.enginehub.piston.impl.CommandParser/]: [0guri6c3phki1]: Consuming argument `white_concrete`
[07Dec2025 22:46:12.893] [Server thread/DEBUG] [org.enginehub.piston.impl.CommandParser/]: [0guri6c3phki1]: Finished looking at arguments. Finalizing command.
[07Dec2025 22:46:13.640] [Server thread/DEBUG] [org.enginehub.piston.impl.CommandParser/]: [134tiibxr9zo0]: started parsing
[07Dec2025 22:46:13.640] [Server thread/DEBUG] [org.enginehub.piston.impl.CommandParser/]: [134tiibxr9zo0]: Consuming argument `glass`
[07Dec2025 22:46:13.640] [Server thread/DEBUG] [org.enginehub.piston.impl.CommandParser/]: [134tiibxr9zo0]: Finished looking at arguments. Finalizing command.
[07Dec2025 22:46:13.641] [Server thread/DEBUG] [org.enginehub.piston.impl.CommandParser/]: [1a5dnhro9ztpy]: started parsing
[07Dec2025 22:46:13.641] [Server thread/DEBUG] [org.enginehub.piston.impl.CommandParser/]: [1a5dnhro9ztpy]: Consuming argument `glass`
[07Dec2025 22:46:13.641] [Server thread/DEBUG] [org.enginehub.piston.impl.CommandParser/]: [1a5dnhro9ztpy]: Finished looking at arguments. Finalizing command.
[07Dec2025 22:46:13.898] [Server thread/INFO] [net.minecraft.server.network.ServerGamePacketListenerImpl/]: Xplix issued server command: //set glass
[07Dec2025 22:46:13.899] [Server thread/DEBUG] [org.enginehub.piston.impl.CommandParser/]: [1fblitls49m1m]: started parsing
[07Dec2025 22:46:13.899] [Server thread/DEBUG] [org.enginehub.piston.impl.CommandParser/]: [1fblitls49m1m]: Consuming argument `glass`
[07Dec2025 22:46:13.899] [Server thread/DEBUG] [org.enginehub.piston.impl.CommandParser/]: [1fblitls49m1m]: Finished looking at arguments. Finalizing command.
[07Dec2025 22:46:24.880] [Worker-Main-1/DEBUG] [mixin/]: Mixing world.gen.WorldGenRegionMixin from mixins.arclight.core.json into net.minecraft.server.level.WorldGenRegion
[07Dec2025 22:46:24.926] [Server thread/DEBUG] [org.enginehub.piston.impl.CommandParser/]: [0gukbwkg8py99]: started parsing
[07Dec2025 22:46:24.926] [Server thread/DEBUG] [org.enginehub.piston.impl.CommandParser/]: [0gukbwkg8py99]: Consuming argument `glass`
[07Dec2025 22:46:24.926] [Server thread/DEBUG] [org.enginehub.piston.impl.CommandParser/]: [0gukbwkg8py99]: Finished looking at arguments. Finalizing command.
[07Dec2025 22:46:24.926] [Server thread/DEBUG] [org.enginehub.piston.impl.CommandParser/]: [185mzeu6nm9aw]: started parsing
[07Dec2025 22:46:24.926] [Server thread/DEBUG] [org.enginehub.piston.impl.CommandParser/]: [185mzeu6nm9aw]: Consuming argument `glass`
[07Dec2025 22:46:24.926] [Server thread/DEBUG] [org.enginehub.piston.impl.CommandParser/]: [185mzeu6nm9aw]: Finished looking at arguments. Finalizing command.
[07Dec2025 22:46:25.978] [Async Chat Thread - #5/INFO] [net.minecraft.server.MinecraftServer/]: [Not Secure] <Xplix> espera
[07Dec2025 22:46:27.186] [Server thread/DEBUG] [org.enginehub.piston.impl.CommandParser/]: [0zc6lv6yi6wka]: started parsing
[07Dec2025 22:46:27.186] [Server thread/DEBUG] [org.enginehub.piston.impl.CommandParser/]: [0zc6lv6yi6wka]: Consuming argument `glass`
[07Dec2025 22:46:27.186] [Server thread/DEBUG] [org.enginehub.piston.impl.CommandParser/]: [0zc6lv6yi6wka]: Finished looking at arguments. Finalizing command.
[07Dec2025 22:46:27.187] [Server thread/DEBUG] [org.enginehub.piston.impl.CommandParser/]: [0w5lgmdp9kg8l]: started parsing
[07Dec2025 22:46:27.187] [Server thread/DEBUG] [org.enginehub.piston.impl.CommandParser/]: [0w5lgmdp9kg8l]: Consuming argument `glass`
[07Dec2025 22:46:27.187] [Server thread/DEBUG] [org.enginehub.piston.impl.CommandParser/]: [0w5lgmdp9kg8l]: Finished looking at arguments. Finalizing command.
[07Dec2025 22:46:28.776] [Server thread/DEBUG] [org.enginehub.piston.impl.CommandParser/]: [1dvnyxue1dcy0]: started parsing
[07Dec2025 22:46:28.776] [Server thread/DEBUG] [org.enginehub.piston.impl.CommandParser/]: [1dvnyxue1dcy0]: Consuming argument `white_concrete`
[07Dec2025 22:46:28.776] [Server thread/DEBUG] [org.enginehub.piston.impl.CommandParser/]: [1dvnyxue1dcy0]: Finished looking at arguments. Finalizing command.
[07Dec2025 22:46:28.776] [Server thread/DEBUG] [org.enginehub.piston.impl.CommandParser/]: [0u3elv4eq5qet]: started parsing
[07Dec2025 22:46:28.776] [Server thread/DEBUG] [org.enginehub.piston.impl.CommandParser/]: [0u3elv4eq5qet]: Consuming argument `white_concrete`
[07Dec2025 22:46:28.777] [Server thread/DEBUG] [org.enginehub.piston.impl.CommandParser/]: [0u3elv4eq5qet]: Finished looking at arguments. Finalizing command.
[07Dec2025 22:46:29.201] [Server thread/INFO] [net.minecraft.server.network.ServerGamePacketListenerImpl/]: Xplix issued server command: //set white_concrete
[07Dec2025 22:46:29.202] [Server thread/DEBUG] [org.enginehub.piston.impl.CommandParser/]: [0d0fwzw2caq7v]: started parsing
[07Dec2025 22:46:29.202] [Server thread/DEBUG] [org.enginehub.piston.impl.CommandParser/]: [0d0fwzw2caq7v]: Consuming argument `white_concrete`
[07Dec2025 22:46:29.202] [Server thread/DEBUG] [org.enginehub.piston.impl.CommandParser/]: [0d0fwzw2caq7v]: Finished looking at arguments. Finalizing command.
[07Dec2025 22:46:37.173] [Server thread/DEBUG] [org.enginehub.piston.impl.CommandParser/]: [1u82783q7o2me]: started parsing
[07Dec2025 22:46:37.173] [Server thread/DEBUG] [org.enginehub.piston.impl.CommandParser/]: [1u82783q7o2me]: Consuming argument `white_concrete`
[07Dec2025 22:46:37.173] [Server thread/DEBUG] [org.enginehub.piston.impl.CommandParser/]: [1u82783q7o2me]: Finished looking at arguments. Finalizing command.
[07Dec2025 22:46:37.174] [Server thread/DEBUG] [org.enginehub.piston.impl.CommandParser/]: [1v7uk9gx6nedf]: started parsing
[07Dec2025 22:46:37.174] [Server thread/DEBUG] [org.enginehub.piston.impl.CommandParser/]: [1v7uk9gx6nedf]: Consuming argument `white_concrete`
[07Dec2025 22:46:37.174] [Server thread/DEBUG] [org.enginehub.piston.impl.CommandParser/]: [1v7uk9gx6nedf]: Finished looking at arguments. Finalizing command.
[07Dec2025 22:46:37.577] [Server thread/INFO] [net.minecraft.server.network.ServerGamePacketListenerImpl/]: Xplix issued server command: //set white_concrete
[07Dec2025 22:46:37.577] [Server thread/DEBUG] [org.enginehub.piston.impl.CommandParser/]: [1tir8irjszpkn]: started parsing
[07Dec2025 22:46:37.577] [Server thread/DEBUG] [org.enginehub.piston.impl.CommandParser/]: [1tir8irjszpkn]: Consuming argument `white_concrete`
[07Dec2025 22:46:37.578] [Server thread/DEBUG] [org.enginehub.piston.impl.CommandParser/]: [1tir8irjszpkn]: Finished looking at arguments. Finalizing command.
[07Dec2025 22:46:39.115] [Server thread/DEBUG] [org.enginehub.piston.impl.CommandParser/]: [0nx4e350arnyo]: started parsing
[07Dec2025 22:46:39.115] [Server thread/DEBUG] [org.enginehub.piston.impl.CommandParser/]: [0nx4e350arnyo]: Consuming argument `white_concrete`
[07Dec2025 22:46:39.115] [Server thread/DEBUG] [org.enginehub.piston.impl.CommandParser/]: [0nx4e350arnyo]: Finished looking at arguments. Finalizing command.
[07Dec2025 22:46:39.116] [Server thread/DEBUG] [org.enginehub.piston.impl.CommandParser/]: [1fcozesrxtlx1]: started parsing
[07Dec2025 22:46:39.116] [Server thread/DEBUG] [org.enginehub.piston.impl.CommandParser/]: [1fcozesrxtlx1]: Consuming argument `white_concrete`
[07Dec2025 22:46:39.116] [Server thread/DEBUG] [org.enginehub.piston.impl.CommandParser/]: [1fcozesrxtlx1]: Finished looking at arguments. Finalizing command.
[07Dec2025 22:46:39.822] [Server thread/DEBUG] [org.enginehub.piston.impl.CommandParser/]: [01ozei5z4eojl]: started parsing
[07Dec2025 22:46:39.822] [Server thread/DEBUG] [org.enginehub.piston.impl.CommandParser/]: [01ozei5z4eojl]: Consuming argument `glass`
[07Dec2025 22:46:39.823] [Server thread/DEBUG] [org.enginehub.piston.impl.CommandParser/]: [01ozei5z4eojl]: Finished looking at arguments. Finalizing command.
[07Dec2025 22:46:39.823] [Server thread/DEBUG] [org.enginehub.piston.impl.CommandParser/]: [0jd0vjaebkyhs]: started parsing
[07Dec2025 22:46:39.823] [Server thread/DEBUG] [org.enginehub.piston.impl.CommandParser/]: [0jd0vjaebkyhs]: Consuming argument `glass`
[07Dec2025 22:46:39.823] [Server thread/DEBUG] [org.enginehub.piston.impl.CommandParser/]: [0jd0vjaebkyhs]: Finished looking at arguments. Finalizing command.
[07Dec2025 22:46:40.455] [Server thread/DEBUG] [org.enginehub.piston.impl.CommandParser/]: [1j0vdu2gadawv]: started parsing
[07Dec2025 22:46:40.455] [Server thread/DEBUG] [org.enginehub.piston.impl.CommandParser/]: [1j0vdu2gadawv]: Consuming argument `glass`
[07Dec2025 22:46:40.455] [Server thread/DEBUG] [org.enginehub.piston.impl.CommandParser/]: [1j0vdu2gadawv]: Finished looking at arguments. Finalizing command.
[07Dec2025 22:46:40.455] [Server thread/DEBUG] [org.enginehub.piston.impl.CommandParser/]: [1us3081jm5vrn]: started parsing
[07Dec2025 22:46:40.456] [Server thread/DEBUG] [org.enginehub.piston.impl.CommandParser/]: [1us3081jm5vrn]: Consuming argument `glass`
[07Dec2025 22:46:40.456] [Server thread/DEBUG] [org.enginehub.piston.impl.CommandParser/]: [1us3081jm5vrn]: Finished looking at arguments. Finalizing command.
[07Dec2025 22:46:40.779] [Server thread/INFO] [net.minecraft.server.network.ServerGamePacketListenerImpl/]: Xplix issued server command: //set glass
[07Dec2025 22:46:40.780] [Server thread/DEBUG] [org.enginehub.piston.impl.CommandParser/]: [0y94w0gnc6lbx]: started parsing
[07Dec2025 22:46:40.780] [Server thread/DEBUG] [org.enginehub.piston.impl.CommandParser/]: [0y94w0gnc6lbx]: Consuming argument `glass`
[07Dec2025 22:46:40.780] [Server thread/DEBUG] [org.enginehub.piston.impl.CommandParser/]: [0y94w0gnc6lbx]: Finished looking at arguments. Finalizing command.
[07Dec2025 22:46:44.890] [Server thread/INFO] [net.minecraft.server.network.ServerGamePacketListenerImpl/]: BasseeMC issued server command: /give BasseeMC minecraft:light
[07Dec2025 22:46:44.896] [Server thread/INFO] [net.minecraft.server.MinecraftServer/]: [BasseeMC: Gave 1 [Light] to BasseeMC]
[07Dec2025 22:46:49.933] [Server thread/DEBUG] [org.enginehub.piston.impl.CommandParser/]: [1gjqpiw9n16e6]: started parsing
[07Dec2025 22:46:49.933] [Server thread/DEBUG] [org.enginehub.piston.impl.CommandParser/]: [1gjqpiw9n16e6]: Consuming argument `glass`
[07Dec2025 22:46:49.933] [Server thread/DEBUG] [org.enginehub.piston.impl.CommandParser/]: [1gjqpiw9n16e6]: Finished looking at arguments. Finalizing command.
[07Dec2025 22:46:49.934] [Server thread/DEBUG] [org.enginehub.piston.impl.CommandParser/]: [15zi4qhynczyq]: started parsing
[07Dec2025 22:46:49.934] [Server thread/DEBUG] [org.enginehub.piston.impl.CommandParser/]: [15zi4qhynczyq]: Consuming argument `glass`
[07Dec2025 22:46:49.934] [Server thread/DEBUG] [org.enginehub.piston.impl.CommandParser/]: [15zi4qhynczyq]: Finished looking at arguments. Finalizing command.
[07Dec2025 22:46:50.287] [Server thread/INFO] [net.minecraft.server.network.ServerGamePacketListenerImpl/]: Xplix issued server command: //set glass
[07Dec2025 22:46:50.288] [Server thread/DEBUG] [org.enginehub.piston.impl.CommandParser/]: [1hp7kotn79s9d]: started parsing
[07Dec2025 22:46:50.288] [Server thread/DEBUG] [org.enginehub.piston.impl.CommandParser/]: [1hp7kotn79s9d]: Consuming argument `glass`
[07Dec2025 22:46:50.288] [Server thread/DEBUG] [org.enginehub.piston.impl.CommandParser/]: [1hp7kotn79s9d]: Finished looking at arguments. Finalizing command.
[07Dec2025 22:46:52.597] [Server thread/DEBUG] [org.enginehub.piston.impl.CommandParser/]: [1tben7vp3ujw4]: started parsing
[07Dec2025 22:46:52.598] [Server thread/DEBUG] [org.enginehub.piston.impl.CommandParser/]: [1tben7vp3ujw4]: Consuming argument `glass`
[07Dec2025 22:46:52.598] [Server thread/DEBUG] [org.enginehub.piston.impl.CommandParser/]: [1tben7vp3ujw4]: Finished looking at arguments. Finalizing command.
[07Dec2025 22:46:52.598] [Server thread/DEBUG] [org.enginehub.piston.impl.CommandParser/]: [1xdbwnejqhni8]: started parsing
[07Dec2025 22:46:52.598] [Server thread/DEBUG] [org.enginehub.piston.impl.CommandParser/]: [1xdbwnejqhni8]: Consuming argument `glass`
[07Dec2025 22:46:52.598] [Server thread/DEBUG] [org.enginehub.piston.impl.CommandParser/]: [1xdbwnejqhni8]: Finished looking at arguments. Finalizing command.
[07Dec2025 22:46:52.870] [Server thread/DEBUG] [org.enginehub.piston.impl.CommandParser/]: [1tdi7g6d11ipz]: started parsing
[07Dec2025 22:46:52.870] [Server thread/DEBUG] [org.enginehub.piston.impl.CommandParser/]: [1tdi7g6d11ipz]: Consuming argument `white_concrete`
[07Dec2025 22:46:52.870] [Server thread/DEBUG] [org.enginehub.piston.impl.CommandParser/]: [1tdi7g6d11ipz]: Finished looking at arguments. Finalizing command.
[07Dec2025 22:46:52.870] [Server thread/DEBUG] [org.enginehub.piston.impl.CommandParser/]: [1kplgjuvmvcrn]: started parsing
[07Dec2025 22:46:52.870] [Server thread/DEBUG] [org.enginehub.piston.impl.CommandParser/]: [1kplgjuvmvcrn]: Consuming argument `white_concrete`
[07Dec2025 22:46:52.871] [Server thread/DEBUG] [org.enginehub.piston.impl.CommandParser/]: [1kplgjuvmvcrn]: Finished looking at arguments. Finalizing command.
[07Dec2025 22:46:53.519] [Server thread/INFO] [net.minecraft.server.network.ServerGamePacketListenerImpl/]: Xplix issued server command: //set white_concrete
[07Dec2025 22:46:53.519] [Server thread/DEBUG] [org.enginehub.piston.impl.CommandParser/]: [0v12r548bk3zk]: started parsing
[07Dec2025 22:46:53.519] [Server thread/DEBUG] [org.enginehub.piston.impl.CommandParser/]: [0v12r548bk3zk]: Consuming argument `white_concrete`
[07Dec2025 22:46:53.519] [Server thread/DEBUG] [org.enginehub.piston.impl.CommandParser/]: [0v12r548bk3zk]: Finished looking at arguments. Finalizing command.
[07Dec2025 22:47:04.945] [Server thread/DEBUG] [org.enginehub.piston.impl.CommandParser/]: [0dsv8ho3zum4j]: started parsing
[07Dec2025 22:47:04.945] [Server thread/DEBUG] [org.enginehub.piston.impl.CommandParser/]: [0dsv8ho3zum4j]: Consuming argument `white_concrete`
[07Dec2025 22:47:04.945] [Server thread/DEBUG] [org.enginehub.piston.impl.CommandParser/]: [0dsv8ho3zum4j]: Finished looking at arguments. Finalizing command.
[07Dec2025 22:47:04.946] [Server thread/DEBUG] [org.enginehub.piston.impl.CommandParser/]: [0d7qmoevu2rxt]: started parsing
[07Dec2025 22:47:04.946] [Server thread/DEBUG] [org.enginehub.piston.impl.CommandParser/]: [0d7qmoevu2rxt]: Consuming argument `white_concrete`
[07Dec2025 22:47:04.946] [Server thread/DEBUG] [org.enginehub.piston.impl.CommandParser/]: [0d7qmoevu2rxt]: Finished looking at arguments. Finalizing command.
[07Dec2025 22:47:05.503] [Server thread/INFO] [net.minecraft.server.network.ServerGamePacketListenerImpl/]: Xplix issued server command: //set white_concrete
[07Dec2025 22:47:05.503] [Server thread/DEBUG] [org.enginehub.piston.impl.CommandParser/]: [07y9tjhk20lox]: started parsing
[07Dec2025 22:47:05.503] [Server thread/DEBUG] [org.enginehub.piston.impl.CommandParser/]: [07y9tjhk20lox]: Consuming argument `white_concrete`
[07Dec2025 22:47:05.504] [Server thread/DEBUG] [org.enginehub.piston.impl.CommandParser/]: [07y9tjhk20lox]: Finished looking at arguments. Finalizing command.
[07Dec2025 22:47:16.939] [Server thread/DEBUG] [org.enginehub.piston.impl.CommandParser/]: [0ovqs3jwhrfm4]: started parsing
[07Dec2025 22:47:16.939] [Server thread/DEBUG] [org.enginehub.piston.impl.CommandParser/]: [0ovqs3jwhrfm4]: Consuming argument `white_concrete`
[07Dec2025 22:47:16.939] [Server thread/DEBUG] [org.enginehub.piston.impl.CommandParser/]: [0ovqs3jwhrfm4]: Finished looking at arguments. Finalizing command.
[07Dec2025 22:47:16.943] [Server thread/DEBUG] [org.enginehub.piston.impl.CommandParser/]: [0jcnagrq6ajy3]: started parsing
[07Dec2025 22:47:16.943] [Server thread/DEBUG] [org.enginehub.piston.impl.CommandParser/]: [0jcnagrq6ajy3]: Consuming argument `white_concrete`
[07Dec2025 22:47:16.943] [Server thread/DEBUG] [org.enginehub.piston.impl.CommandParser/]: [0jcnagrq6ajy3]: Finished looking at arguments. Finalizing command.
[07Dec2025 22:47:17.231] [Server thread/INFO] [net.minecraft.server.network.ServerGamePacketListenerImpl/]: Xplix issued server command: //set white_concrete
[07Dec2025 22:47:17.232] [Server thread/DEBUG] [org.enginehub.piston.impl.CommandParser/]: [03pw33iwoxf4k]: started parsing
[07Dec2025 22:47:17.232] [Server thread/DEBUG] [org.enginehub.piston.impl.CommandParser/]: [03pw33iwoxf4k]: Consuming argument `white_concrete`
[07Dec2025 22:47:17.232] [Server thread/DEBUG] [org.enginehub.piston.impl.CommandParser/]: [03pw33iwoxf4k]: Finished looking at arguments. Finalizing command.
[07Dec2025 22:47:26.646] [Server thread/DEBUG] [org.enginehub.piston.impl.CommandParser/]: [1my0fd788oeo8]: started parsing
[07Dec2025 22:47:26.646] [Server thread/DEBUG] [org.enginehub.piston.impl.CommandParser/]: [1my0fd788oeo8]: Consuming argument `white_concrete`
[07Dec2025 22:47:26.646] [Server thread/DEBUG] [org.enginehub.piston.impl.CommandParser/]: [1my0fd788oeo8]: Finished looking at arguments. Finalizing command.
[07Dec2025 22:47:26.646] [Server thread/DEBUG] [org.enginehub.piston.impl.CommandParser/]: [0tqsr1mtra4dt]: started parsing
[07Dec2025 22:47:26.646] [Server thread/DEBUG] [org.enginehub.piston.impl.CommandParser/]: [0tqsr1mtra4dt]: Consuming argument `white_concrete`
[07Dec2025 22:47:26.647] [Server thread/DEBUG] [org.enginehub.piston.impl.CommandParser/]: [0tqsr1mtra4dt]: Finished looking at arguments. Finalizing command.
[07Dec2025 22:47:26.956] [Server thread/INFO] [net.minecraft.server.network.ServerGamePacketListenerImpl/]: Xplix issued server command: //set white_concrete
[07Dec2025 22:47:26.957] [Server thread/DEBUG] [org.enginehub.piston.impl.CommandParser/]: [073ukon8drnwt]: started parsing
[07Dec2025 22:47:26.957] [Server thread/DEBUG] [org.enginehub.piston.impl.CommandParser/]: [073ukon8drnwt]: Consuming argument `white_concrete`
[07Dec2025 22:47:26.957] [Server thread/DEBUG] [org.enginehub.piston.impl.CommandParser/]: [073ukon8drnwt]: Finished looking at arguments. Finalizing command.
[07Dec2025 22:47:47.403] [Server thread/INFO] [net.minecraft.server.network.ServerGamePacketListenerImpl/]: Xplix issued server command: /gamemode spectator
[07Dec2025 22:47:47.404] [Server thread/INFO] [net.minecraft.server.MinecraftServer/]: [Xplix: Set own game mode to Spectator Mode]
[07Dec2025 22:47:51.144] [Server thread/INFO] [net.minecraft.server.network.ServerGamePacketListenerImpl/]: Xplix issued server command: /gamemode adventure
[07Dec2025 22:47:51.144] [Server thread/INFO] [net.minecraft.server.MinecraftServer/]: [Xplix: Set own game mode to Adventure Mode]
[07Dec2025 22:48:04.316] [Async Chat Thread - #7/INFO] [net.minecraft.server.MinecraftServer/]: [Not Secure] <Xplix> los que completan tres minutos
[07Dec2025 22:48:09.357] [Async Chat Thread - #6/INFO] [net.minecraft.server.MinecraftServer/]: [Not Secure] <Xplix> van hacer tepeados aca
[07Dec2025 22:48:12.222] [Server thread/INFO] [net.minecraft.server.network.ServerGamePacketListenerImpl/]: Xplix issued server command: /gamemode spectator
[07Dec2025 22:48:12.223] [Server thread/INFO] [net.minecraft.server.MinecraftServer/]: [Xplix: Set own game mode to Spectator Mode]
[07Dec2025 22:48:13.212] [Async Chat Thread - #7/INFO] [net.minecraft.server.MinecraftServer/]: [Not Secure] <BasseeMC> va
[07Dec2025 22:48:14.911] [Server thread/INFO] [net.minecraft.server.network.ServerGamePacketListenerImpl/]: Xplix issued server command: /gamemode creative
[07Dec2025 22:48:14.912] [Server thread/INFO] [net.minecraft.server.MinecraftServer/]: [Xplix: Set own game mode to Creative Mode]
[07Dec2025 22:48:54.197] [Server thread/DEBUG] [org.enginehub.piston.impl.CommandParser/]: [1cgm8bq5z7l64]: started parsing
[07Dec2025 22:48:54.197] [Server thread/DEBUG] [org.enginehub.piston.impl.CommandParser/]: [1cgm8bq5z7l64]: Consuming argument `white_concrete`
[07Dec2025 22:48:54.198] [Server thread/DEBUG] [org.enginehub.piston.impl.CommandParser/]: [1cgm8bq5z7l64]: Finished looking at arguments. Finalizing command.
[07Dec2025 22:48:54.198] [Server thread/DEBUG] [org.enginehub.piston.impl.CommandParser/]: [06kl1yuiw7bh6]: started parsing
[07Dec2025 22:48:54.198] [Server thread/DEBUG] [org.enginehub.piston.impl.CommandParser/]: [06kl1yuiw7bh6]: Consuming argument `white_concrete`
[07Dec2025 22:48:54.198] [Server thread/DEBUG] [org.enginehub.piston.impl.CommandParser/]: [06kl1yuiw7bh6]: Finished looking at arguments. Finalizing command.
[07Dec2025 22:48:54.806] [Server thread/INFO] [net.minecraft.server.network.ServerGamePacketListenerImpl/]: Xplix issued server command: //set white_concrete
[07Dec2025 22:48:54.807] [Server thread/DEBUG] [org.enginehub.piston.impl.CommandParser/]: [0qz4e9o8rrlww]: started parsing
[07Dec2025 22:48:54.807] [Server thread/DEBUG] [org.enginehub.piston.impl.CommandParser/]: [0qz4e9o8rrlww]: Consuming argument `white_concrete`
[07Dec2025 22:48:54.807] [Server thread/DEBUG] [org.enginehub.piston.impl.CommandParser/]: [0qz4e9o8rrlww]: Finished looking at arguments. Finalizing command.
[07Dec2025 22:48:58.140] [Server thread/DEBUG] [net.minecraftforge.common.ForgeHooks/WP]: Gathering id map for writing to world save Squid Alpaca Games
[07Dec2025 22:48:58.144] [Server thread/DEBUG] [net.minecraftforge.common.ForgeHooks/WP]: ID Map collection complete Squid Alpaca Games
[07Dec2025 22:48:59.666] [Server thread/INFO] [net.minecraft.server.network.ServerGamePacketListenerImpl/]: BasseeMC issued server command: /gamemode survival
[07Dec2025 22:48:59.667] [Server thread/INFO] [net.minecraft.server.MinecraftServer/]: [BasseeMC: Set own game mode to Survival Mode]
[07Dec2025 22:49:00.837] [Server thread/INFO] [net.minecraft.server.network.ServerGamePacketListenerImpl/]: BasseeMC issued server command: /gamemode spectator
[07Dec2025 22:49:00.838] [Server thread/INFO] [net.minecraft.server.MinecraftServer/]: [BasseeMC: Set own game mode to Spectator Mode]
[07Dec2025 22:49:02.690] [Server thread/DEBUG] [org.enginehub.piston.impl.CommandParser/]: [076xeyua2t5r3]: started parsing
[07Dec2025 22:49:02.690] [Server thread/DEBUG] [org.enginehub.piston.impl.CommandParser/]: [076xeyua2t5r3]: Consuming argument `white_concrete`
[07Dec2025 22:49:02.690] [Server thread/DEBUG] [org.enginehub.piston.impl.CommandParser/]: [076xeyua2t5r3]: Finished looking at arguments. Finalizing command.
[07Dec2025 22:49:02.691] [Server thread/DEBUG] [org.enginehub.piston.impl.CommandParser/]: [0sdoz5bd870k2]: started parsing
[07Dec2025 22:49:02.691] [Server thread/DEBUG] [org.enginehub.piston.impl.CommandParser/]: [0sdoz5bd870k2]: Consuming argument `white_concrete`
[07Dec2025 22:49:02.691] [Server thread/DEBUG] [org.enginehub.piston.impl.CommandParser/]: [0sdoz5bd870k2]: Finished looking at arguments. Finalizing command.
[07Dec2025 22:49:02.799] [Server thread/INFO] [net.minecraft.server.network.ServerGamePacketListenerImpl/]: BasseeMC issued server command: /gamemode survival
[07Dec2025 22:49:02.799] [Server thread/INFO] [net.minecraft.server.MinecraftServer/]: [BasseeMC: Set own game mode to Survival Mode]
[07Dec2025 22:49:03.348] [Server thread/DEBUG] [org.enginehub.piston.impl.CommandParser/]: [197vv9fdaeec9]: started parsing
[07Dec2025 22:49:03.348] [Server thread/DEBUG] [org.enginehub.piston.impl.CommandParser/]: [197vv9fdaeec9]: Consuming argument `white_concrete`
[07Dec2025 22:49:03.348] [Server thread/DEBUG] [org.enginehub.piston.impl.CommandParser/]: [197vv9fdaeec9]: Finished looking at arguments. Finalizing command.
[07Dec2025 22:49:03.348] [Server thread/DEBUG] [org.enginehub.piston.impl.CommandParser/]: [1d7blss5mzbg0]: started parsing
[07Dec2025 22:49:03.348] [Server thread/DEBUG] [org.enginehub.piston.impl.CommandParser/]: [1d7blss5mzbg0]: Consuming argument `white_concrete`
[07Dec2025 22:49:03.348] [Server thread/DEBUG] [org.enginehub.piston.impl.CommandParser/]: [1d7blss5mzbg0]: Finished looking at arguments. Finalizing command.
[07Dec2025 22:49:03.550] [Server thread/DEBUG] [org.enginehub.piston.impl.CommandParser/]: [0cf0yo8aoo21k]: started parsing
[07Dec2025 22:49:03.550] [Server thread/DEBUG] [org.enginehub.piston.impl.CommandParser/]: [0cf0yo8aoo21k]: Consuming argument `glass`
[07Dec2025 22:49:03.550] [Server thread/DEBUG] [org.enginehub.piston.impl.CommandParser/]: [0cf0yo8aoo21k]: Finished looking at arguments. Finalizing command.
[07Dec2025 22:49:03.551] [Server thread/DEBUG] [org.enginehub.piston.impl.CommandParser/]: [11eza9563mgr0]: started parsing
[07Dec2025 22:49:03.551] [Server thread/DEBUG] [org.enginehub.piston.impl.CommandParser/]: [11eza9563mgr0]: Consuming argument `glass`
[07Dec2025 22:49:03.551] [Server thread/DEBUG] [org.enginehub.piston.impl.CommandParser/]: [11eza9563mgr0]: Finished looking at arguments. Finalizing command.
[07Dec2025 22:49:04.256] [Server thread/INFO] [net.minecraft.server.network.ServerGamePacketListenerImpl/]: Xplix issued server command: //set glass
[07Dec2025 22:49:04.257] [Server thread/DEBUG] [org.enginehub.piston.impl.CommandParser/]: [17kb8mp3gxi66]: started parsing
[07Dec2025 22:49:04.257] [Server thread/DEBUG] [org.enginehub.piston.impl.CommandParser/]: [17kb8mp3gxi66]: Consuming argument `glass`
[07Dec2025 22:49:04.257] [Server thread/DEBUG] [org.enginehub.piston.impl.CommandParser/]: [17kb8mp3gxi66]: Finished looking at arguments. Finalizing command.
[07Dec2025 22:49:05.507] [Server thread/INFO] [net.minecraft.server.network.ServerGamePacketListenerImpl/]: BasseeMC issued server command: /gamemode creative
[07Dec2025 22:49:05.508] [Server thread/INFO] [net.minecraft.server.MinecraftServer/]: [BasseeMC: Set own game mode to Creative Mode]
[07Dec2025 22:49:19.057] [Server thread/DEBUG] [org.enginehub.piston.impl.CommandParser/]: [1n1mpqijwxz88]: started parsing
[07Dec2025 22:49:19.057] [Server thread/DEBUG] [org.enginehub.piston.impl.CommandParser/]: [1n1mpqijwxz88]: Consuming argument `glass`
[07Dec2025 22:49:19.057] [Server thread/DEBUG] [org.enginehub.piston.impl.CommandParser/]: [1n1mpqijwxz88]: Finished looking at arguments. Finalizing command.
[07Dec2025 22:49:19.058] [Server thread/DEBUG] [org.enginehub.piston.impl.CommandParser/]: [1va42o1ze5ojb]: started parsing
[07Dec2025 22:49:19.058] [Server thread/DEBUG] [org.enginehub.piston.impl.CommandParser/]: [1va42o1ze5ojb]: Consuming argument `glass`
[07Dec2025 22:49:19.058] [Server thread/DEBUG] [org.enginehub.piston.impl.CommandParser/]: [1va42o1ze5ojb]: Finished looking at arguments. Finalizing command.
[07Dec2025 22:49:19.354] [Server thread/DEBUG] [org.enginehub.piston.impl.CommandParser/]: [05ed8e5wy7mmq]: started parsing
[07Dec2025 22:49:19.354] [Server thread/DEBUG] [org.enginehub.piston.impl.CommandParser/]: [05ed8e5wy7mmq]: Consuming argument `white_concrete`
[07Dec2025 22:49:19.355] [Server thread/DEBUG] [org.enginehub.piston.impl.CommandParser/]: [05ed8e5wy7mmq]: Finished looking at arguments. Finalizing command.
[07Dec2025 22:49:19.355] [Server thread/DEBUG] [org.enginehub.piston.impl.CommandParser/]: [05c2kxdshbu64]: started parsing
[07Dec2025 22:49:19.355] [Server thread/DEBUG] [org.enginehub.piston.impl.CommandParser/]: [05c2kxdshbu64]: Consuming argument `white_concrete`
[07Dec2025 22:49:19.355] [Server thread/DEBUG] [org.enginehub.piston.impl.CommandParser/]: [05c2kxdshbu64]: Finished looking at arguments. Finalizing command.
[07Dec2025 22:49:19.858] [Server thread/INFO] [net.minecraft.server.network.ServerGamePacketListenerImpl/]: Xplix issued server command: //set white_concrete
[07Dec2025 22:49:19.859] [Server thread/DEBUG] [org.enginehub.piston.impl.CommandParser/]: [17acwa699527j]: started parsing
[07Dec2025 22:49:19.859] [Server thread/DEBUG] [org.enginehub.piston.impl.CommandParser/]: [17acwa699527j]: Consuming argument `white_concrete`
[07Dec2025 22:49:19.859] [Server thread/DEBUG] [org.enginehub.piston.impl.CommandParser/]: [17acwa699527j]: Finished looking at arguments. Finalizing command.
[07Dec2025 22:49:23.187] [Server thread/INFO] [net.minecraft.server.network.ServerGamePacketListenerImpl/]: BasseeMC issued server command: /time set night
[07Dec2025 22:49:23.187] [Server thread/INFO] [net.minecraft.server.MinecraftServer/]: [BasseeMC: Set the time to 13000]
[07Dec2025 22:49:28.554] [Server thread/DEBUG] [org.enginehub.piston.impl.CommandParser/]: [1mr9z4nv4xrsl]: started parsing
[07Dec2025 22:49:28.554] [Server thread/DEBUG] [org.enginehub.piston.impl.CommandParser/]: [1mr9z4nv4xrsl]: Consuming argument `white_concrete`
[07Dec2025 22:49:28.554] [Server thread/DEBUG] [org.enginehub.piston.impl.CommandParser/]: [1mr9z4nv4xrsl]: Finished looking at arguments. Finalizing command.
[07Dec2025 22:49:28.555] [Server thread/DEBUG] [org.enginehub.piston.impl.CommandParser/]: [1er2tgzy3u0ek]: started parsing
[07Dec2025 22:49:28.555] [Server thread/DEBUG] [org.enginehub.piston.impl.CommandParser/]: [1er2tgzy3u0ek]: Consuming argument `white_concrete`
[07Dec2025 22:49:28.555] [Server thread/DEBUG] [org.enginehub.piston.impl.CommandParser/]: [1er2tgzy3u0ek]: Finished looking at arguments. Finalizing command.
[07Dec2025 22:49:28.764] [Server thread/DEBUG] [org.enginehub.piston.impl.CommandParser/]: [0gmzh6ukj08y5]: started parsing
[07Dec2025 22:49:28.764] [Server thread/DEBUG] [org.enginehub.piston.impl.CommandParser/]: [0gmzh6ukj08y5]: Consuming argument `glass`
[07Dec2025 22:49:28.764] [Server thread/DEBUG] [org.enginehub.piston.impl.CommandParser/]: [0gmzh6ukj08y5]: Finished looking at arguments. Finalizing command.
[07Dec2025 22:49:28.764] [Server thread/DEBUG] [org.enginehub.piston.impl.CommandParser/]: [1uura51izxe93]: started parsing
[07Dec2025 22:49:28.765] [Server thread/DEBUG] [org.enginehub.piston.impl.CommandParser/]: [1uura51izxe93]: Consuming argument `glass`
[07Dec2025 22:49:28.765] [Server thread/DEBUG] [org.enginehub.piston.impl.CommandParser/]: [1uura51izxe93]: Finished looking at arguments. Finalizing command.
[07Dec2025 22:49:29.218] [Server thread/INFO] [net.minecraft.server.network.ServerGamePacketListenerImpl/]: Xplix issued server command: //set glass
[07Dec2025 22:49:29.219] [Server thread/DEBUG] [org.enginehub.piston.impl.CommandParser/]: [17xirvm5zbxxp]: started parsing
[07Dec2025 22:49:29.219] [Server thread/DEBUG] [org.enginehub.piston.impl.CommandParser/]: [17xirvm5zbxxp]: Consuming argument `glass`
[07Dec2025 22:49:29.219] [Server thread/DEBUG] [org.enginehub.piston.impl.CommandParser/]: [17xirvm5zbxxp]: Finished looking at arguments. Finalizing command.
[07Dec2025 22:49:44.520] [Server thread/DEBUG] [org.enginehub.piston.impl.CommandParser/]: [03770hgc48uji]: started parsing
[07Dec2025 22:49:44.520] [Server thread/DEBUG] [org.enginehub.piston.impl.CommandParser/]: [03770hgc48uji]: Consuming argument `glass`
[07Dec2025 22:49:44.520] [Server thread/DEBUG] [org.enginehub.piston.impl.CommandParser/]: [03770hgc48uji]: Finished looking at arguments. Finalizing command.
[07Dec2025 22:49:44.520] [Server thread/DEBUG] [org.enginehub.piston.impl.CommandParser/]: [1cv53bkvjjsbf]: started parsing
[07Dec2025 22:49:44.520] [Server thread/DEBUG] [org.enginehub.piston.impl.CommandParser/]: [1cv53bkvjjsbf]: Consuming argument `glass`
[07Dec2025 22:49:44.520] [Server thread/DEBUG] [org.enginehub.piston.impl.CommandParser/]: [1cv53bkvjjsbf]: Finished looking at arguments. Finalizing command.
[07Dec2025 22:49:44.720] [Server thread/DEBUG] [org.enginehub.piston.impl.CommandParser/]: [05xg393y0o3tq]: started parsing
[07Dec2025 22:49:44.720] [Server thread/DEBUG] [org.enginehub.piston.impl.CommandParser/]: [05xg393y0o3tq]: Consuming argument `white_concrete`
[07Dec2025 22:49:44.720] [Server thread/DEBUG] [org.enginehub.piston.impl.CommandParser/]: [05xg393y0o3tq]: Finished looking at arguments. Finalizing command.
[07Dec2025 22:49:44.720] [Server thread/DEBUG] [org.enginehub.piston.impl.CommandParser/]: [1jjrh7xuewyih]: started parsing
[07Dec2025 22:49:44.720] [Server thread/DEBUG] [org.enginehub.piston.impl.CommandParser/]: [1jjrh7xuewyih]: Consuming argument `white_concrete`
[07Dec2025 22:49:44.721] [Server thread/DEBUG] [org.enginehub.piston.impl.CommandParser/]: [1jjrh7xuewyih]: Finished looking at arguments. Finalizing command.
[07Dec2025 22:49:45.217] [Server thread/INFO] [net.minecraft.server.network.ServerGamePacketListenerImpl/]: Xplix issued server command: //set white_concrete
[07Dec2025 22:49:45.218] [Server thread/DEBUG] [org.enginehub.piston.impl.CommandParser/]: [11qmeukvwp8nv]: started parsing
[07Dec2025 22:49:45.218] [Server thread/DEBUG] [org.enginehub.piston.impl.CommandParser/]: [11qmeukvwp8nv]: Consuming argument `white_concrete`
[07Dec2025 22:49:45.218] [Server thread/DEBUG] [org.enginehub.piston.impl.CommandParser/]: [11qmeukvwp8nv]: Finished looking at arguments. Finalizing command.
[07Dec2025 22:49:53.398] [Server thread/DEBUG] [org.enginehub.piston.impl.CommandParser/]: [0zdyrg55zkfhp]: started parsing
[07Dec2025 22:49:53.399] [Server thread/DEBUG] [org.enginehub.piston.impl.CommandParser/]: [0zdyrg55zkfhp]: Consuming argument `white_concrete`
[07Dec2025 22:49:53.399] [Server thread/DEBUG] [org.enginehub.piston.impl.CommandParser/]: [0zdyrg55zkfhp]: Finished looking at arguments. Finalizing command.
[07Dec2025 22:49:53.399] [Server thread/DEBUG] [org.enginehub.piston.impl.CommandParser/]: [1dqvtbhl63obd]: started parsing
[07Dec2025 22:49:53.399] [Server thread/DEBUG] [org.enginehub.piston.impl.CommandParser/]: [1dqvtbhl63obd]: Consuming argument `white_concrete`
[07Dec2025 22:49:53.399] [Server thread/DEBUG] [org.enginehub.piston.impl.CommandParser/]: [1dqvtbhl63obd]: Finished looking at arguments. Finalizing command.
[07Dec2025 22:49:54.231] [Server thread/DEBUG] [org.enginehub.piston.impl.CommandParser/]: [15gfb8qqy82hn]: started parsing
[07Dec2025 22:49:54.231] [Server thread/DEBUG] [org.enginehub.piston.impl.CommandParser/]: [15gfb8qqy82hn]: Consuming argument `glass`
[07Dec2025 22:49:54.231] [Server thread/DEBUG] [org.enginehub.piston.impl.CommandParser/]: [15gfb8qqy82hn]: Finished looking at arguments. Finalizing command.
[07Dec2025 22:49:54.231] [Server thread/DEBUG] [org.enginehub.piston.impl.CommandParser/]: [0bcvumbz22sw8]: started parsing
[07Dec2025 22:49:54.231] [Server thread/DEBUG] [org.enginehub.piston.impl.CommandParser/]: [0bcvumbz22sw8]: Consuming argument `glass`
[07Dec2025 22:49:54.231] [Server thread/DEBUG] [org.enginehub.piston.impl.CommandParser/]: [0bcvumbz22sw8]: Finished looking at arguments. Finalizing command.
[07Dec2025 22:49:54.598] [Server thread/INFO] [net.minecraft.server.network.ServerGamePacketListenerImpl/]: Xplix issued server command: //set glass
[07Dec2025 22:49:54.599] [Server thread/DEBUG] [org.enginehub.piston.impl.CommandParser/]: [0jnd3lby8075p]: started parsing
[07Dec2025 22:49:54.599] [Server thread/DEBUG] [org.enginehub.piston.impl.CommandParser/]: [0jnd3lby8075p]: Consuming argument `glass`
[07Dec2025 22:49:54.599] [Server thread/DEBUG] [org.enginehub.piston.impl.CommandParser/]: [0jnd3lby8075p]: Finished looking at arguments. Finalizing command.
[07Dec2025 22:49:56.911] [Server thread/INFO] [net.minecraft.server.network.ServerGamePacketListenerImpl/]: Xplix issued server command: /gamemode spectator
[07Dec2025 22:49:56.912] [Server thread/INFO] [net.minecraft.server.MinecraftServer/]: [Xplix: Set own game mode to Spectator Mode]
[07Dec2025 22:50:01.932] [Server thread/INFO] [net.minecraft.server.network.ServerGamePacketListenerImpl/]: Xplix issued server command: /gamemode adventure
[07Dec2025 22:50:01.932] [Server thread/INFO] [net.minecraft.server.MinecraftServer/]: [Xplix: Set own game mode to Adventure Mode]
[07Dec2025 22:50:04.196] [Server thread/INFO] [net.minecraft.server.network.ServerGamePacketListenerImpl/]: Xplix issued server command: /gamemode creative
[07Dec2025 22:50:04.196] [Server thread/INFO] [net.minecraft.server.MinecraftServer/]: [Xplix: Set own game mode to Creative Mode]
[07Dec2025 22:50:05.044] [Async Chat Thread - #9/INFO] [net.minecraft.server.MinecraftServer/]: [Not Secure] <BasseeMC> pon con el world edit un monton de luz
[07Dec2025 22:50:09.313] [Async Chat Thread - #8/INFO] [net.minecraft.server.MinecraftServer/]: [Not Secure] <BasseeMC> con el hacha
[07Dec2025 22:50:20.295] [Async Chat Thread - #9/INFO] [net.minecraft.server.MinecraftServer/]: [Not Secure] <Xplix> ok
[07Dec2025 22:50:36.185] [Server thread/DEBUG] [org.enginehub.piston.impl.CommandParser/]: [18m7ka0nugmb3]: started parsing
[07Dec2025 22:50:36.185] [Server thread/DEBUG] [org.enginehub.piston.impl.CommandParser/]: [18m7ka0nugmb3]: Consuming argument `glass`
[07Dec2025 22:50:36.185] [Server thread/DEBUG] [org.enginehub.piston.impl.CommandParser/]: [18m7ka0nugmb3]: Finished looking at arguments. Finalizing command.
[07Dec2025 22:50:36.186] [Server thread/DEBUG] [org.enginehub.piston.impl.CommandParser/]: [0wjlmirx4kxs9]: started parsing
[07Dec2025 22:50:36.186] [Server thread/DEBUG] [org.enginehub.piston.impl.CommandParser/]: [0wjlmirx4kxs9]: Consuming argument `glass`
[07Dec2025 22:50:36.186] [Server thread/DEBUG] [org.enginehub.piston.impl.CommandParser/]: [0wjlmirx4kxs9]: Finished looking at arguments. Finalizing command.
[07Dec2025 22:50:36.899] [Server thread/DEBUG] [org.enginehub.piston.impl.CommandParser/]: [0a2kq95ml49lb]: started parsing
[07Dec2025 22:50:36.899] [Server thread/DEBUG] [org.enginehub.piston.impl.CommandParser/]: [0a2kq95ml49lb]: Consuming argument `glas`
[07Dec2025 22:50:37.065] [Server thread/DEBUG] [org.enginehub.piston.impl.CommandParser/]: [0ebmr6m6fcaws]: started parsing
[07Dec2025 22:50:37.065] [Server thread/DEBUG] [org.enginehub.piston.impl.CommandParser/]: [0ebmr6m6fcaws]: Consuming argument `gla`
[07Dec2025 22:50:37.214] [Server thread/DEBUG] [org.enginehub.piston.impl.CommandParser/]: [09i7g5p0b5x0l]: started parsing
[07Dec2025 22:50:37.214] [Server thread/DEBUG] [org.enginehub.piston.impl.CommandParser/]: [09i7g5p0b5x0l]: Consuming argument `gl`
[07Dec2025 22:50:37.375] [Server thread/DEBUG] [org.enginehub.piston.impl.CommandParser/]: [1a33rtok6200c]: started parsing
[07Dec2025 22:50:37.375] [Server thread/DEBUG] [org.enginehub.piston.impl.CommandParser/]: [1a33rtok6200c]: Consuming argument `g`
[07Dec2025 22:50:37.623] [Server thread/DEBUG] [org.enginehub.piston.impl.CommandParser/]: [19tz40w14zmxs]: started parsing
[07Dec2025 22:50:37.623] [Server thread/DEBUG] [org.enginehub.piston.impl.CommandParser/]: [19tz40w14zmxs]: Consuming argument ``
[07Dec2025 22:50:37.984] [Server thread/DEBUG] [org.enginehub.piston.impl.CommandParser/]: [0yamw16onul6w]: started parsing
[07Dec2025 22:50:37.984] [Server thread/DEBUG] [org.enginehub.piston.impl.CommandParser/]: [0yamw16onul6w]: Consuming argument `l`
[07Dec2025 22:50:38.213] [Server thread/DEBUG] [org.enginehub.piston.impl.CommandParser/]: [1h7k2lx4i6iu1]: started parsing
[07Dec2025 22:50:38.213] [Server thread/DEBUG] [org.enginehub.piston.impl.CommandParser/]: [1h7k2lx4i6iu1]: Consuming argument `li`
[07Dec2025 22:50:38.573] [Server thread/DEBUG] [org.enginehub.piston.impl.CommandParser/]: [07plpcsq655iq]: started parsing
[07Dec2025 22:50:38.573] [Server thread/DEBUG] [org.enginehub.piston.impl.CommandParser/]: [07plpcsq655iq]: Consuming argument `lig`
[07Dec2025 22:50:38.714] [Server thread/DEBUG] [org.enginehub.piston.impl.CommandParser/]: [1fd6v2hosd0uq]: started parsing
[07Dec2025 22:50:38.715] [Server thread/DEBUG] [org.enginehub.piston.impl.CommandParser/]: [1fd6v2hosd0uq]: Consuming argument `ligh`
[07Dec2025 22:50:39.551] [Server thread/DEBUG] [org.enginehub.piston.impl.CommandParser/]: [1qspf9dfbbz4z]: started parsing
[07Dec2025 22:50:39.551] [Server thread/DEBUG] [org.enginehub.piston.impl.CommandParser/]: [1qspf9dfbbz4z]: Consuming argument `light`
[07Dec2025 22:50:39.552] [Server thread/DEBUG] [org.enginehub.piston.impl.CommandParser/]: [1qspf9dfbbz4z]: Finished looking at arguments. Finalizing command.
[07Dec2025 22:50:39.939] [Server thread/INFO] [net.minecraft.server.network.ServerGamePacketListenerImpl/]: Xplix issued server command: //set light
[07Dec2025 22:50:39.940] [Server thread/DEBUG] [org.enginehub.piston.impl.CommandParser/]: [0wbpohh63zdfh]: started parsing
[07Dec2025 22:50:39.940] [Server thread/DEBUG] [org.enginehub.piston.impl.CommandParser/]: [0wbpohh63zdfh]: Consuming argument `light`
[07Dec2025 22:50:39.940] [Server thread/DEBUG] [org.enginehub.piston.impl.CommandParser/]: [0wbpohh63zdfh]: Finished looking at arguments. Finalizing command.
[07Dec2025 22:50:53.311] [Server thread/DEBUG] [org.enginehub.piston.impl.CommandParser/]: [0fl2jk8ve4gfi]: started parsing
[07Dec2025 22:50:53.312] [Server thread/DEBUG] [org.enginehub.piston.impl.CommandParser/]: [0fl2jk8ve4gfi]: Consuming argument `light`
[07Dec2025 22:50:53.312] [Server thread/DEBUG] [org.enginehub.piston.impl.CommandParser/]: [0fl2jk8ve4gfi]: Finished looking at arguments. Finalizing command.
[07Dec2025 22:50:53.312] [Server thread/DEBUG] [org.enginehub.piston.impl.CommandParser/]: [08iuj2c7u134e]: started parsing
[07Dec2025 22:50:53.312] [Server thread/DEBUG] [org.enginehub.piston.impl.CommandParser/]: [08iuj2c7u134e]: Consuming argument `light`
[07Dec2025 22:50:53.312] [Server thread/DEBUG] [org.enginehub.piston.impl.CommandParser/]: [08iuj2c7u134e]: Finished looking at arguments. Finalizing command.
[07Dec2025 22:50:53.908] [Server thread/INFO] [net.minecraft.server.network.ServerGamePacketListenerImpl/]: Xplix issued server command: //set light
[07Dec2025 22:50:53.908] [Server thread/DEBUG] [org.enginehub.piston.impl.CommandParser/]: [1tmm3ko68pd1j]: started parsing
[07Dec2025 22:50:53.908] [Server thread/DEBUG] [org.enginehub.piston.impl.CommandParser/]: [1tmm3ko68pd1j]: Consuming argument `light`
[07Dec2025 22:50:53.908] [Server thread/DEBUG] [org.enginehub.piston.impl.CommandParser/]: [1tmm3ko68pd1j]: Finished looking at arguments. Finalizing command.
[07Dec2025 22:51:08.005] [Server thread/DEBUG] [org.enginehub.piston.impl.CommandParser/]: [0cn9la0rik3x8]: started parsing
[07Dec2025 22:51:08.005] [Server thread/DEBUG] [org.enginehub.piston.impl.CommandParser/]: [0cn9la0rik3x8]: Consuming argument `light`
[07Dec2025 22:51:08.005] [Server thread/DEBUG] [org.enginehub.piston.impl.CommandParser/]: [0cn9la0rik3x8]: Finished looking at arguments. Finalizing command.
[07Dec2025 22:51:08.006] [Server thread/DEBUG] [org.enginehub.piston.impl.CommandParser/]: [1l6vosrsyjde9]: started parsing
[07Dec2025 22:51:08.006] [Server thread/DEBUG] [org.enginehub.piston.impl.CommandParser/]: [1l6vosrsyjde9]: Consuming argument `light`
[07Dec2025 22:51:08.006] [Server thread/DEBUG] [org.enginehub.piston.impl.CommandParser/]: [1l6vosrsyjde9]: Finished looking at arguments. Finalizing command.
[07Dec2025 22:51:08.323] [Server thread/INFO] [net.minecraft.server.network.ServerGamePacketListenerImpl/]: Xplix issued server command: //set light
[07Dec2025 22:51:08.323] [Server thread/DEBUG] [org.enginehub.piston.impl.CommandParser/]: [1khjjg0ze6kon]: started parsing
[07Dec2025 22:51:08.323] [Server thread/DEBUG] [org.enginehub.piston.impl.CommandParser/]: [1khjjg0ze6kon]: Consuming argument `light`
[07Dec2025 22:51:08.323] [Server thread/DEBUG] [org.enginehub.piston.impl.CommandParser/]: [1khjjg0ze6kon]: Finished looking at arguments. Finalizing command.
[07Dec2025 22:51:18.929] [Server thread/DEBUG] [org.enginehub.piston.impl.CommandParser/]: [07scpdxbu84vf]: started parsing
[07Dec2025 22:51:18.929] [Server thread/DEBUG] [org.enginehub.piston.impl.CommandParser/]: [07scpdxbu84vf]: Consuming argument `light`
[07Dec2025 22:51:18.929] [Server thread/DEBUG] [org.enginehub.piston.impl.CommandParser/]: [07scpdxbu84vf]: Finished looking at arguments. Finalizing command.
[07Dec2025 22:51:18.930] [Server thread/DEBUG] [org.enginehub.piston.impl.CommandParser/]: [173o8ned1bham]: started parsing
[07Dec2025 22:51:18.930] [Server thread/DEBUG] [org.enginehub.piston.impl.CommandParser/]: [173o8ned1bham]: Consuming argument `light`
[07Dec2025 22:51:18.930] [Server thread/DEBUG] [org.enginehub.piston.impl.CommandParser/]: [173o8ned1bham]: Finished looking at arguments. Finalizing command.
[07Dec2025 22:51:19.219] [Server thread/INFO] [net.minecraft.server.network.ServerGamePacketListenerImpl/]: Xplix issued server command: //set light
[07Dec2025 22:51:19.220] [Server thread/DEBUG] [org.enginehub.piston.impl.CommandParser/]: [1i1a4tuwr1dft]: started parsing
[07Dec2025 22:51:19.220] [Server thread/DEBUG] [org.enginehub.piston.impl.CommandParser/]: [1i1a4tuwr1dft]: Consuming argument `light`
[07Dec2025 22:51:19.220] [Server thread/DEBUG] [org.enginehub.piston.impl.CommandParser/]: [1i1a4tuwr1dft]: Finished looking at arguments. Finalizing command.
[07Dec2025 22:51:25.737] [Server thread/DEBUG] [org.enginehub.piston.impl.CommandParser/]: [1ikj0fm716ekn]: started parsing
[07Dec2025 22:51:25.737] [Server thread/DEBUG] [org.enginehub.piston.impl.CommandParser/]: [1ikj0fm716ekn]: Consuming argument `light`
[07Dec2025 22:51:25.737] [Server thread/DEBUG] [org.enginehub.piston.impl.CommandParser/]: [1ikj0fm716ekn]: Finished looking at arguments. Finalizing command.
[07Dec2025 22:51:25.737] [Server thread/DEBUG] [org.enginehub.piston.impl.CommandParser/]: [08pp5fiw3mdj7]: started parsing
[07Dec2025 22:51:25.737] [Server thread/DEBUG] [org.enginehub.piston.impl.CommandParser/]: [08pp5fiw3mdj7]: Consuming argument `light`
[07Dec2025 22:51:25.737] [Server thread/DEBUG] [org.enginehub.piston.impl.CommandParser/]: [08pp5fiw3mdj7]: Finished looking at arguments. Finalizing command.
[07Dec2025 22:51:26.125] [Server thread/INFO] [net.minecraft.server.network.ServerGamePacketListenerImpl/]: Xplix issued server command: //set light
[07Dec2025 22:51:26.126] [Server thread/DEBUG] [org.enginehub.piston.impl.CommandParser/]: [1bc62kqsu0n1d]: started parsing
[07Dec2025 22:51:26.126] [Server thread/DEBUG] [org.enginehub.piston.impl.CommandParser/]: [1bc62kqsu0n1d]: Consuming argument `light`
[07Dec2025 22:51:26.126] [Server thread/DEBUG] [org.enginehub.piston.impl.CommandParser/]: [1bc62kqsu0n1d]: Finished looking at arguments. Finalizing command.
[07Dec2025 22:51:35.744] [Server thread/DEBUG] [org.enginehub.piston.impl.CommandParser/]: [1m5r2rp4fnd74]: started parsing
[07Dec2025 22:51:35.744] [Server thread/DEBUG] [org.enginehub.piston.impl.CommandParser/]: [1m5r2rp4fnd74]: Consuming argument `light`
[07Dec2025 22:51:35.744] [Server thread/DEBUG] [org.enginehub.piston.impl.CommandParser/]: [1m5r2rp4fnd74]: Finished looking at arguments. Finalizing command.
[07Dec2025 22:51:35.745] [Server thread/DEBUG] [org.enginehub.piston.impl.CommandParser/]: [06qqjd8mlrn4r]: started parsing
[07Dec2025 22:51:35.745] [Server thread/DEBUG] [org.enginehub.piston.impl.CommandParser/]: [06qqjd8mlrn4r]: Consuming argument `light`
[07Dec2025 22:51:35.745] [Server thread/DEBUG] [org.enginehub.piston.impl.CommandParser/]: [06qqjd8mlrn4r]: Finished looking at arguments. Finalizing command.
[07Dec2025 22:51:36.067] [Server thread/INFO] [net.minecraft.server.network.ServerGamePacketListenerImpl/]: Xplix issued server command: //set light
[07Dec2025 22:51:36.068] [Server thread/DEBUG] [org.enginehub.piston.impl.CommandParser/]: [01i3gpb4w3h3m]: started parsing
[07Dec2025 22:51:36.068] [Server thread/DEBUG] [org.enginehub.piston.impl.CommandParser/]: [01i3gpb4w3h3m]: Consuming argument `light`
[07Dec2025 22:51:36.068] [Server thread/DEBUG] [org.enginehub.piston.impl.CommandParser/]: [01i3gpb4w3h3m]: Finished looking at arguments. Finalizing command.
[07Dec2025 22:51:46.592] [Server thread/DEBUG] [org.enginehub.piston.impl.CommandParser/]: [047lkvufro3x9]: started parsing
[07Dec2025 22:51:46.592] [Server thread/DEBUG] [org.enginehub.piston.impl.CommandParser/]: [047lkvufro3x9]: Consuming argument `light`
[07Dec2025 22:51:46.592] [Server thread/DEBUG] [org.enginehub.piston.impl.CommandParser/]: [047lkvufro3x9]: Finished looking at arguments. Finalizing command.
[07Dec2025 22:51:46.592] [Server thread/DEBUG] [org.enginehub.piston.impl.CommandParser/]: [0si2jmob3zfmu]: started parsing
[07Dec2025 22:51:46.592] [Server thread/DEBUG] [org.enginehub.piston.impl.CommandParser/]: [0si2jmob3zfmu]: Consuming argument `light`
[07Dec2025 22:51:46.593] [Server thread/DEBUG] [org.enginehub.piston.impl.CommandParser/]: [0si2jmob3zfmu]: Finished looking at arguments. Finalizing command.
[07Dec2025 22:51:46.967] [Server thread/INFO] [net.minecraft.server.network.ServerGamePacketListenerImpl/]: Xplix issued server command: //set light
[07Dec2025 22:51:46.967] [Server thread/DEBUG] [org.enginehub.piston.impl.CommandParser/]: [0vqvb8pyeb32x]: started parsing
[07Dec2025 22:51:46.967] [Server thread/DEBUG] [org.enginehub.piston.impl.CommandParser/]: [0vqvb8pyeb32x]: Consuming argument `light`
[07Dec2025 22:51:46.968] [Server thread/DEBUG] [org.enginehub.piston.impl.CommandParser/]: [0vqvb8pyeb32x]: Finished looking at arguments. Finalizing command.
[07Dec2025 22:51:57.174] [Server thread/DEBUG] [org.enginehub.piston.impl.CommandParser/]: [1r8zisvah2emf]: started parsing
[07Dec2025 22:51:57.174] [Server thread/DEBUG] [org.enginehub.piston.impl.CommandParser/]: [1r8zisvah2emf]: Consuming argument `light`
[07Dec2025 22:51:57.174] [Server thread/DEBUG] [org.enginehub.piston.impl.CommandParser/]: [1r8zisvah2emf]: Finished looking at arguments. Finalizing command.
[07Dec2025 22:51:57.174] [Server thread/DEBUG] [org.enginehub.piston.impl.CommandParser/]: [0ey69x56qp107]: started parsing
[07Dec2025 22:51:57.174] [Server thread/DEBUG] [org.enginehub.piston.impl.CommandParser/]: [0ey69x56qp107]: Consuming argument `light`
[07Dec2025 22:51:57.174] [Server thread/DEBUG] [org.enginehub.piston.impl.CommandParser/]: [0ey69x56qp107]: Finished looking at arguments. Finalizing command.
[07Dec2025 22:51:57.441] [Server thread/INFO] [net.minecraft.server.network.ServerGamePacketListenerImpl/]: Xplix issued server command: //set light
[07Dec2025 22:51:57.441] [Server thread/DEBUG] [org.enginehub.piston.impl.CommandParser/]: [0sxnumqcb6msp]: started parsing
[07Dec2025 22:51:57.441] [Server thread/DEBUG] [org.enginehub.piston.impl.CommandParser/]: [0sxnumqcb6msp]: Consuming argument `light`
[07Dec2025 22:51:57.441] [Server thread/DEBUG] [org.enginehub.piston.impl.CommandParser/]: [0sxnumqcb6msp]: Finished looking at arguments. Finalizing command.
[07Dec2025 22:52:06.486] [Server thread/DEBUG] [org.enginehub.piston.impl.CommandParser/]: [127f8yuhl7rjz]: started parsing
[07Dec2025 22:52:06.486] [Server thread/DEBUG] [org.enginehub.piston.impl.CommandParser/]: [127f8yuhl7rjz]: Consuming argument `light`
[07Dec2025 22:52:06.486] [Server thread/DEBUG] [org.enginehub.piston.impl.CommandParser/]: [127f8yuhl7rjz]: Finished looking at arguments. Finalizing command.
[07Dec2025 22:52:06.486] [Server thread/DEBUG] [org.enginehub.piston.impl.CommandParser/]: [11a3cd1hxtj6b]: started parsing
[07Dec2025 22:52:06.486] [Server thread/DEBUG] [org.enginehub.piston.impl.CommandParser/]: [11a3cd1hxtj6b]: Consuming argument `light`
[07Dec2025 22:52:06.486] [Server thread/DEBUG] [org.enginehub.piston.impl.CommandParser/]: [11a3cd1hxtj6b]: Finished looking at arguments. Finalizing command.
[07Dec2025 22:52:06.760] [Server thread/INFO] [net.minecraft.server.network.ServerGamePacketListenerImpl/]: Xplix issued server command: //set light
[07Dec2025 22:52:06.761] [Server thread/DEBUG] [org.enginehub.piston.impl.CommandParser/]: [1cv6fntyhve0z]: started parsing
[07Dec2025 22:52:06.761] [Server thread/DEBUG] [org.enginehub.piston.impl.CommandParser/]: [1cv6fntyhve0z]: Consuming argument `light`
[07Dec2025 22:52:06.761] [Server thread/DEBUG] [org.enginehub.piston.impl.CommandParser/]: [1cv6fntyhve0z]: Finished looking at arguments. Finalizing command.
[07Dec2025 22:52:23.825] [Server thread/DEBUG] [org.enginehub.piston.impl.CommandParser/]: [1c5mh5ieg5uh6]: started parsing
[07Dec2025 22:52:23.825] [Server thread/DEBUG] [org.enginehub.piston.impl.CommandParser/]: [1c5mh5ieg5uh6]: Consuming argument `light`
[07Dec2025 22:52:23.825] [Server thread/DEBUG] [org.enginehub.piston.impl.CommandParser/]: [1c5mh5ieg5uh6]: Finished looking at arguments. Finalizing command.
[07Dec2025 22:52:23.827] [Server thread/DEBUG] [org.enginehub.piston.impl.CommandParser/]: [1rt8t9ig5hr7j]: started parsing
[07Dec2025 22:52:23.827] [Server thread/DEBUG] [org.enginehub.piston.impl.CommandParser/]: [1rt8t9ig5hr7j]: Consuming argument `light`
[07Dec2025 22:52:23.827] [Server thread/DEBUG] [org.enginehub.piston.impl.CommandParser/]: [1rt8t9ig5hr7j]: Finished looking at arguments. Finalizing command.
[07Dec2025 22:52:24.208] [Server thread/INFO] [net.minecraft.server.network.ServerGamePacketListenerImpl/]: Xplix issued server command: //set light
[07Dec2025 22:52:24.209] [Server thread/DEBUG] [org.enginehub.piston.impl.CommandParser/]: [1nsi35ilkm1ef]: started parsing
[07Dec2025 22:52:24.209] [Server thread/DEBUG] [org.enginehub.piston.impl.CommandParser/]: [1nsi35ilkm1ef]: Consuming argument `light`
[07Dec2025 22:52:24.209] [Server thread/DEBUG] [org.enginehub.piston.impl.CommandParser/]: [1nsi35ilkm1ef]: Finished looking at arguments. Finalizing command.
[07Dec2025 22:52:37.846] [Server thread/DEBUG] [org.enginehub.piston.impl.CommandParser/]: [04cv9pbdep3o8]: started parsing
[07Dec2025 22:52:37.846] [Server thread/DEBUG] [org.enginehub.piston.impl.CommandParser/]: [04cv9pbdep3o8]: Consuming argument `light`
[07Dec2025 22:52:37.846] [Server thread/DEBUG] [org.enginehub.piston.impl.CommandParser/]: [04cv9pbdep3o8]: Finished looking at arguments. Finalizing command.
[07Dec2025 22:52:37.846] [Server thread/DEBUG] [org.enginehub.piston.impl.CommandParser/]: [1epyjrjaaqvd4]: started parsing
[07Dec2025 22:52:37.846] [Server thread/DEBUG] [org.enginehub.piston.impl.CommandParser/]: [1epyjrjaaqvd4]: Consuming argument `light`
[07Dec2025 22:52:37.846] [Server thread/DEBUG] [org.enginehub.piston.impl.CommandParser/]: [1epyjrjaaqvd4]: Finished looking at arguments. Finalizing command.
[07Dec2025 22:52:38.117] [Server thread/INFO] [net.minecraft.server.network.ServerGamePacketListenerImpl/]: Xplix issued server command: //set light
[07Dec2025 22:52:38.117] [Server thread/DEBUG] [org.enginehub.piston.impl.CommandParser/]: [1gttt64hx14pe]: started parsing
[07Dec2025 22:52:38.117] [Server thread/DEBUG] [org.enginehub.piston.impl.CommandParser/]: [1gttt64hx14pe]: Consuming argument `light`
[07Dec2025 22:52:38.118] [Server thread/DEBUG] [org.enginehub.piston.impl.CommandParser/]: [1gttt64hx14pe]: Finished looking at arguments. Finalizing command.
[07Dec2025 22:52:46.313] [Async Chat Thread - #11/INFO] [net.minecraft.server.MinecraftServer/]: [Not Secure] <BasseeMC> no es mejor poner uno en la esquina de arriba y otro en la esquina de abajo?
[07Dec2025 22:52:53.766] [Server thread/DEBUG] [org.enginehub.piston.impl.CommandParser/]: [16176uzbyrigb]: started parsing
[07Dec2025 22:52:53.766] [Server thread/DEBUG] [org.enginehub.piston.impl.CommandParser/]: [16176uzbyrigb]: Consuming argument `light`
[07Dec2025 22:52:53.766] [Server thread/DEBUG] [org.enginehub.piston.impl.CommandParser/]: [16176uzbyrigb]: Finished looking at arguments. Finalizing command.
[07Dec2025 22:52:53.767] [Server thread/DEBUG] [org.enginehub.piston.impl.CommandParser/]: [1r6pyeayaqvyy]: started parsing
[07Dec2025 22:52:53.767] [Server thread/DEBUG] [org.enginehub.piston.impl.CommandParser/]: [1r6pyeayaqvyy]: Consuming argument `light`
[07Dec2025 22:52:53.767] [Server thread/DEBUG] [org.enginehub.piston.impl.CommandParser/]: [1r6pyeayaqvyy]: Finished looking at arguments. Finalizing command.
[07Dec2025 22:52:54.138] [Server thread/INFO] [net.minecraft.server.network.ServerGamePacketListenerImpl/]: Xplix issued server command: //set light
[07Dec2025 22:52:54.138] [Server thread/DEBUG] [org.enginehub.piston.impl.CommandParser/]: [1dw0pcirkio3p]: started parsing
[07Dec2025 22:52:54.138] [Server thread/DEBUG] [org.enginehub.piston.impl.CommandParser/]: [1dw0pcirkio3p]: Consuming argument `light`
[07Dec2025 22:52:54.138] [Server thread/DEBUG] [org.enginehub.piston.impl.CommandParser/]: [1dw0pcirkio3p]: Finished looking at arguments. Finalizing command.
[07Dec2025 22:53:04.226] [Server thread/DEBUG] [org.enginehub.piston.impl.CommandParser/]: [0dija2vrub6v0]: started parsing
[07Dec2025 22:53:04.226] [Server thread/DEBUG] [org.enginehub.piston.impl.CommandParser/]: [0dija2vrub6v0]: Consuming argument `light`
[07Dec2025 22:53:04.226] [Server thread/DEBUG] [org.enginehub.piston.impl.CommandParser/]: [0dija2vrub6v0]: Finished looking at arguments. Finalizing command.
[07Dec2025 22:53:04.226] [Server thread/DEBUG] [org.enginehub.piston.impl.CommandParser/]: [1msrswfmzv5oc]: started parsing
[07Dec2025 22:53:04.226] [Server thread/DEBUG] [org.enginehub.piston.impl.CommandParser/]: [1msrswfmzv5oc]: Consuming argument `light`
[07Dec2025 22:53:04.226] [Server thread/DEBUG] [org.enginehub.piston.impl.CommandParser/]: [1msrswfmzv5oc]: Finished looking at arguments. Finalizing command.
[07Dec2025 22:53:04.530] [Server thread/INFO] [net.minecraft.server.network.ServerGamePacketListenerImpl/]: Xplix issued server command: //set light
[07Dec2025 22:53:04.530] [Server thread/DEBUG] [org.enginehub.piston.impl.CommandParser/]: [1jm6yot37h5a0]: started parsing
[07Dec2025 22:53:04.531] [Server thread/DEBUG] [org.enginehub.piston.impl.CommandParser/]: [1jm6yot37h5a0]: Consuming argument `light`
[07Dec2025 22:53:04.531] [Server thread/DEBUG] [org.enginehub.piston.impl.CommandParser/]: [1jm6yot37h5a0]: Finished looking at arguments. Finalizing command.
[07Dec2025 22:53:28.584] [Async Chat Thread - #10/INFO] [net.minecraft.server.MinecraftServer/]: [Not Secure] <BasseeMC> ?
[07Dec2025 22:53:28.982] [Server thread/DEBUG] [org.enginehub.piston.impl.CommandParser/]: [094ltfd4eheij]: started parsing
[07Dec2025 22:53:28.982] [Server thread/DEBUG] [org.enginehub.piston.impl.CommandParser/]: [094ltfd4eheij]: Consuming argument `light`
[07Dec2025 22:53:28.982] [Server thread/DEBUG] [org.enginehub.piston.impl.CommandParser/]: [094ltfd4eheij]: Finished looking at arguments. Finalizing command.
[07Dec2025 22:53:28.982] [Server thread/DEBUG] [org.enginehub.piston.impl.CommandParser/]: [1y22lvx9h3jjx]: started parsing
[07Dec2025 22:53:28.982] [Server thread/DEBUG] [org.enginehub.piston.impl.CommandParser/]: [1y22lvx9h3jjx]: Consuming argument `light`
[07Dec2025 22:53:28.982] [Server thread/DEBUG] [org.enginehub.piston.impl.CommandParser/]: [1y22lvx9h3jjx]: Finished looking at arguments. Finalizing command.
[07Dec2025 22:53:29.305] [Server thread/INFO] [net.minecraft.server.network.ServerGamePacketListenerImpl/]: Xplix issued server command: //set light
[07Dec2025 22:53:29.305] [Server thread/DEBUG] [org.enginehub.piston.impl.CommandParser/]: [0as0opzx1joo5]: started parsing
[07Dec2025 22:53:29.305] [Server thread/DEBUG] [org.enginehub.piston.impl.CommandParser/]: [0as0opzx1joo5]: Consuming argument `light`
[07Dec2025 22:53:29.305] [Server thread/DEBUG] [org.enginehub.piston.impl.CommandParser/]: [0as0opzx1joo5]: Finished looking at arguments. Finalizing command.
[07Dec2025 22:53:45.767] [Server thread/DEBUG] [org.enginehub.piston.impl.CommandParser/]: [18y9zke7y2n62]: started parsing
[07Dec2025 22:53:45.767] [Server thread/DEBUG] [org.enginehub.piston.impl.CommandParser/]: [18y9zke7y2n62]: Consuming argument `light`
[07Dec2025 22:53:45.767] [Server thread/DEBUG] [org.enginehub.piston.impl.CommandParser/]: [18y9zke7y2n62]: Finished looking at arguments. Finalizing command.
[07Dec2025 22:53:45.767] [Server thread/DEBUG] [org.enginehub.piston.impl.CommandParser/]: [0nvzcqzwpltou]: started parsing
[07Dec2025 22:53:45.767] [Server thread/DEBUG] [org.enginehub.piston.impl.CommandParser/]: [0nvzcqzwpltou]: Consuming argument `light`
[07Dec2025 22:53:45.767] [Server thread/DEBUG] [org.enginehub.piston.impl.CommandParser/]: [0nvzcqzwpltou]: Finished looking at arguments. Finalizing command.
[07Dec2025 22:53:46.078] [Server thread/INFO] [net.minecraft.server.network.ServerGamePacketListenerImpl/]: Xplix issued server command: //set light
[07Dec2025 22:53:46.078] [Server thread/DEBUG] [org.enginehub.piston.impl.CommandParser/]: [1ev3d08sb7p75]: started parsing
[07Dec2025 22:53:46.078] [Server thread/DEBUG] [org.enginehub.piston.impl.CommandParser/]: [1ev3d08sb7p75]: Consuming argument `light`
[07Dec2025 22:53:46.078] [Server thread/DEBUG] [org.enginehub.piston.impl.CommandParser/]: [1ev3d08sb7p75]: Finished looking at arguments. Finalizing command.
[07Dec2025 22:53:53.098] [Server thread/DEBUG] [org.enginehub.piston.impl.CommandParser/]: [1se4xi6qltc03]: started parsing
[07Dec2025 22:53:53.099] [Server thread/DEBUG] [org.enginehub.piston.impl.CommandParser/]: [1se4xi6qltc03]: Consuming argument `light`
[07Dec2025 22:53:53.099] [Server thread/DEBUG] [org.enginehub.piston.impl.CommandParser/]: [1se4xi6qltc03]: Finished looking at arguments. Finalizing command.
[07Dec2025 22:53:53.099] [Server thread/DEBUG] [org.enginehub.piston.impl.CommandParser/]: [06abt5sqo43qx]: started parsing
[07Dec2025 22:53:53.099] [Server thread/DEBUG] [org.enginehub.piston.impl.CommandParser/]: [06abt5sqo43qx]: Consuming argument `light`
[07Dec2025 22:53:53.100] [Server thread/DEBUG] [org.enginehub.piston.impl.CommandParser/]: [06abt5sqo43qx]: Finished looking at arguments. Finalizing command.
[07Dec2025 22:53:53.366] [Server thread/INFO] [net.minecraft.server.network.ServerGamePacketListenerImpl/]: Xplix issued server command: //set light
[07Dec2025 22:53:53.366] [Server thread/DEBUG] [org.enginehub.piston.impl.CommandParser/]: [0yfpp7gmx720f]: started parsing
[07Dec2025 22:53:53.366] [Server thread/DEBUG] [org.enginehub.piston.impl.CommandParser/]: [0yfpp7gmx720f]: Consuming argument `light`
[07Dec2025 22:53:53.366] [Server thread/DEBUG] [org.enginehub.piston.impl.CommandParser/]: [0yfpp7gmx720f]: Finished looking at arguments. Finalizing command.
[07Dec2025 22:53:57.993] [Server thread/DEBUG] [net.minecraftforge.common.ForgeHooks/WP]: Gathering id map for writing to world save Squid Alpaca Games
[07Dec2025 22:53:57.997] [Server thread/DEBUG] [net.minecraftforge.common.ForgeHooks/WP]: ID Map collection complete Squid Alpaca Games
[07Dec2025 22:53:59.557] [Server thread/DEBUG] [org.enginehub.piston.impl.CommandParser/]: [1mlhf3izik1iz]: started parsing
[07Dec2025 22:53:59.557] [Server thread/DEBUG] [org.enginehub.piston.impl.CommandParser/]: [1mlhf3izik1iz]: Consuming argument `light`
[07Dec2025 22:53:59.557] [Server thread/DEBUG] [org.enginehub.piston.impl.CommandParser/]: [1mlhf3izik1iz]: Finished looking at arguments. Finalizing command.
[07Dec2025 22:53:59.557] [Server thread/DEBUG] [org.enginehub.piston.impl.CommandParser/]: [0nf8n6jhzwxmk]: started parsing
[07Dec2025 22:53:59.557] [Server thread/DEBUG] [org.enginehub.piston.impl.CommandParser/]: [0nf8n6jhzwxmk]: Consuming argument `light`
[07Dec2025 22:53:59.557] [Server thread/DEBUG] [org.enginehub.piston.impl.CommandParser/]: [0nf8n6jhzwxmk]: Finished looking at arguments. Finalizing command.
[07Dec2025 22:53:59.813] [Server thread/INFO] [net.minecraft.server.network.ServerGamePacketListenerImpl/]: Xplix issued server command: //set light
[07Dec2025 22:53:59.814] [Server thread/DEBUG] [org.enginehub.piston.impl.CommandParser/]: [0zg6eos2t4cyb]: started parsing
[07Dec2025 22:53:59.814] [Server thread/DEBUG] [org.enginehub.piston.impl.CommandParser/]: [0zg6eos2t4cyb]: Consuming argument `light`
[07Dec2025 22:53:59.814] [Server thread/DEBUG] [org.enginehub.piston.impl.CommandParser/]: [0zg6eos2t4cyb]: Finished looking at arguments. Finalizing command.
[07Dec2025 22:54:04.967] [Server thread/DEBUG] [org.enginehub.piston.impl.CommandParser/]: [1ifg9m4ellmog]: started parsing
[07Dec2025 22:54:04.967] [Server thread/DEBUG] [org.enginehub.piston.impl.CommandParser/]: [1ifg9m4ellmog]: Consuming argument `light`
[07Dec2025 22:54:04.967] [Server thread/DEBUG] [org.enginehub.piston.impl.CommandParser/]: [1ifg9m4ellmog]: Finished looking at arguments. Finalizing command.
[07Dec2025 22:54:04.968] [Server thread/DEBUG] [org.enginehub.piston.impl.CommandParser/]: [134g0vckqnk8t]: started parsing
[07Dec2025 22:54:04.968] [Server thread/DEBUG] [org.enginehub.piston.impl.CommandParser/]: [134g0vckqnk8t]: Consuming argument `light`
[07Dec2025 22:54:04.968] [Server thread/DEBUG] [org.enginehub.piston.impl.CommandParser/]: [134g0vckqnk8t]: Finished looking at arguments. Finalizing command.
[07Dec2025 22:54:05.256] [Server thread/INFO] [net.minecraft.server.network.ServerGamePacketListenerImpl/]: Xplix issued server command: //set light
[07Dec2025 22:54:05.257] [Server thread/DEBUG] [org.enginehub.piston.impl.CommandParser/]: [1hfb717smmuzn]: started parsing
[07Dec2025 22:54:05.257] [Server thread/DEBUG] [org.enginehub.piston.impl.CommandParser/]: [1hfb717smmuzn]: Consuming argument `light`
[07Dec2025 22:54:05.257] [Server thread/DEBUG] [org.enginehub.piston.impl.CommandParser/]: [1hfb717smmuzn]: Finished looking at arguments. Finalizing command.
[07Dec2025 22:54:48.834] [Async Chat Thread - #13/INFO] [net.minecraft.server.MinecraftServer/]: [Not Secure] <BasseeMC> maje
[07Dec2025 22:55:01.339] [Server thread/INFO] [net.minecraft.server.network.ServerGamePacketListenerImpl/]: BasseeMC issued server command: /tp Xplix BasseeMC
[07Dec2025 22:55:01.341] [Server thread/INFO] [net.minecraft.server.MinecraftServer/]: [BasseeMC: Teleported Xplix to BasseeMC]
[07Dec2025 22:55:06.755] [Server thread/INFO] [net.minecraft.server.network.ServerGamePacketListenerImpl/]: Xplix issued server command: /time set day
[07Dec2025 22:55:06.756] [Server thread/INFO] [net.minecraft.server.MinecraftServer/]: [Xplix: Set the time to 1000]
[07Dec2025 22:55:11.152] [Async Chat Thread - #12/INFO] [net.minecraft.server.MinecraftServer/]: [Not Secure] <BasseeMC> ven
[07Dec2025 22:55:15.429] [Async Chat Thread - #13/INFO] [net.minecraft.server.MinecraftServer/]: [Not Secure] <Xplix> listo
[07Dec2025 22:55:25.339] [Server thread/INFO] [net.minecraft.server.network.ServerGamePacketListenerImpl/]: BasseeMC issued server command: /give BasseeMC minecraft:light
[07Dec2025 22:55:25.341] [Server thread/INFO] [net.minecraft.server.MinecraftServer/]: [BasseeMC: Gave 1 [Light] to BasseeMC]
[07Dec2025 22:55:27.491] [Async Chat Thread - #12/INFO] [net.minecraft.server.MinecraftServer/]: [Not Secure] <BasseeMC> mira
[07Dec2025 22:55:29.762] [Async Chat Thread - #13/INFO] [net.minecraft.server.MinecraftServer/]: [Not Secure] <BasseeMC> haz esto
[07Dec2025 22:55:32.993] [Async Chat Thread - #12/INFO] [net.minecraft.server.MinecraftServer/]: [Not Secure] <Xplix> que
[07Dec2025 22:55:43.583] [Async Chat Thread - #13/INFO] [net.minecraft.server.MinecraftServer/]: [Not Secure] <BasseeMC> pones aqui con el acha
[07Dec2025 22:55:45.067] [Async Chat Thread - #12/INFO] [net.minecraft.server.MinecraftServer/]: [Not Secure] <BasseeMC> hacha
[07Dec2025 22:56:12.219] [Async Chat Thread - #13/INFO] [net.minecraft.server.MinecraftServer/]: [Not Secure] <Xplix> que
[07Dec2025 22:56:14.134] [Server thread/DEBUG] [org.enginehub.piston.impl.CommandParser/]: [13lpru7v9k171]: started parsing
[07Dec2025 22:56:14.134] [Server thread/DEBUG] [org.enginehub.piston.impl.CommandParser/]: [13lpru7v9k171]: Consuming argument `light`
[07Dec2025 22:56:14.134] [Server thread/DEBUG] [org.enginehub.piston.impl.CommandParser/]: [13lpru7v9k171]: Finished looking at arguments. Finalizing command.
[07Dec2025 22:56:14.135] [Server thread/DEBUG] [org.enginehub.piston.impl.CommandParser/]: [1xp7h3evs3old]: started parsing
[07Dec2025 22:56:14.135] [Server thread/DEBUG] [org.enginehub.piston.impl.CommandParser/]: [1xp7h3evs3old]: Consuming argument `light`
[07Dec2025 22:56:14.135] [Server thread/DEBUG] [org.enginehub.piston.impl.CommandParser/]: [1xp7h3evs3old]: Finished looking at arguments. Finalizing command.
[07Dec2025 22:56:15.201] [Server thread/INFO] [net.minecraft.server.network.ServerGamePacketListenerImpl/]: Xplix issued server command: //set light
[07Dec2025 22:56:15.202] [Server thread/DEBUG] [org.enginehub.piston.impl.CommandParser/]: [1hbs0k7p0ra39]: started parsing
[07Dec2025 22:56:15.202] [Server thread/DEBUG] [org.enginehub.piston.impl.CommandParser/]: [1hbs0k7p0ra39]: Consuming argument `light`
[07Dec2025 22:56:15.202] [Server thread/DEBUG] [org.enginehub.piston.impl.CommandParser/]: [1hbs0k7p0ra39]: Finished looking at arguments. Finalizing command.
[07Dec2025 22:56:18.419] [Async Chat Thread - #12/INFO] [net.minecraft.server.MinecraftServer/]: [Not Secure] <Xplix> xd
[07Dec2025 22:56:19.730] [Async Chat Thread - #13/INFO] [net.minecraft.server.MinecraftServer/]: [Not Secure] <BasseeMC> listo
[07Dec2025 22:56:28.817] [Server thread/INFO] [net.minecraft.server.network.ServerGamePacketListenerImpl/]: BasseeMC issued server command: /time set midnight
[07Dec2025 22:56:28.817] [Server thread/INFO] [net.minecraft.server.MinecraftServer/]: [BasseeMC: Set the time to 18000]
[07Dec2025 22:56:38.397] [Async Chat Thread - #12/INFO] [net.minecraft.server.MinecraftServer/]: [Not Secure] <Xplix> dio mio
[07Dec2025 22:58:14.050] [Server thread/INFO] [net.minecraft.server.network.ServerGamePacketListenerImpl/]: BasseeMC issued server command: /gamemode spectator
[07Dec2025 22:58:14.051] [Server thread/INFO] [net.minecraft.server.MinecraftServer/]: [BasseeMC: Set own game mode to Spectator Mode]
[07Dec2025 22:58:16.494] [Server thread/INFO] [net.minecraft.server.network.ServerGamePacketListenerImpl/]: BasseeMC issued server command: /gamemode creative
[07Dec2025 22:58:16.495] [Server thread/INFO] [net.minecraft.server.MinecraftServer/]: [BasseeMC: Set own game mode to Creative Mode]
[07Dec2025 22:58:18.387] [Server thread/DEBUG] [org.enginehub.piston.impl.CommandParser/]: [10tkl55tfyj3k]: started parsing
[07Dec2025 22:58:18.387] [Server thread/DEBUG] [org.enginehub.piston.impl.CommandParser/]: [10tkl55tfyj3k]: Consuming argument `light`
[07Dec2025 22:58:18.387] [Server thread/DEBUG] [org.enginehub.piston.impl.CommandParser/]: [10tkl55tfyj3k]: Finished looking at arguments. Finalizing command.
[07Dec2025 22:58:18.388] [Server thread/DEBUG] [org.enginehub.piston.impl.CommandParser/]: [0ip9q198eoxk8]: started parsing
[07Dec2025 22:58:18.388] [Server thread/DEBUG] [org.enginehub.piston.impl.CommandParser/]: [0ip9q198eoxk8]: Consuming argument `light`
[07Dec2025 22:58:18.388] [Server thread/DEBUG] [org.enginehub.piston.impl.CommandParser/]: [0ip9q198eoxk8]: Finished looking at arguments. Finalizing command.
[07Dec2025 22:58:18.818] [Server thread/DEBUG] [org.enginehub.piston.impl.CommandParser/]: [12cqikv83ltpg]: started parsing
[07Dec2025 22:58:18.818] [Server thread/DEBUG] [org.enginehub.piston.impl.CommandParser/]: [12cqikv83ltpg]: Consuming argument `ligh`
[07Dec2025 22:58:19.020] [Server thread/DEBUG] [org.enginehub.piston.impl.CommandParser/]: [1wa6dg0o4vs2k]: started parsing
[07Dec2025 22:58:19.020] [Server thread/DEBUG] [org.enginehub.piston.impl.CommandParser/]: [1wa6dg0o4vs2k]: Consuming argument `lig`
[07Dec2025 22:58:19.188] [Server thread/DEBUG] [org.enginehub.piston.impl.CommandParser/]: [14crz7gqvxo1j]: started parsing
[07Dec2025 22:58:19.188] [Server thread/DEBUG] [org.enginehub.piston.impl.CommandParser/]: [14crz7gqvxo1j]: Consuming argument `li`
[07Dec2025 22:58:19.337] [Server thread/DEBUG] [org.enginehub.piston.impl.CommandParser/]: [1xnfiv9aoxqqw]: started parsing
[07Dec2025 22:58:19.337] [Server thread/DEBUG] [org.enginehub.piston.impl.CommandParser/]: [1xnfiv9aoxqqw]: Consuming argument `l`
[07Dec2025 22:58:20.013] [Server thread/DEBUG] [org.enginehub.piston.impl.CommandParser/]: [15or2u0bwxcop]: started parsing
[07Dec2025 22:58:20.013] [Server thread/DEBUG] [org.enginehub.piston.impl.CommandParser/]: [15or2u0bwxcop]: Consuming argument ``
[07Dec2025 22:58:20.229] [Server thread/DEBUG] [org.enginehub.piston.impl.CommandParser/]: [1h05105ienlx2]: started parsing
[07Dec2025 22:58:20.229] [Server thread/DEBUG] [org.enginehub.piston.impl.CommandParser/]: [1h05105ienlx2]: Consuming argument `g`
[07Dec2025 22:58:20.325] [Server thread/DEBUG] [org.enginehub.piston.impl.CommandParser/]: [08i0fqnjekhg1]: started parsing
[07Dec2025 22:58:20.325] [Server thread/DEBUG] [org.enginehub.piston.impl.CommandParser/]: [08i0fqnjekhg1]: Consuming argument `ga`
[07Dec2025 22:58:20.471] [Server thread/DEBUG] [org.enginehub.piston.impl.CommandParser/]: [1s2vhm3ywqfal]: started parsing
[07Dec2025 22:58:20.471] [Server thread/DEBUG] [org.enginehub.piston.impl.CommandParser/]: [1s2vhm3ywqfal]: Consuming argument `gal`
[07Dec2025 22:58:21.247] [Server thread/DEBUG] [org.enginehub.piston.impl.CommandParser/]: [05q00wf3dxyqm]: started parsing
[07Dec2025 22:58:21.248] [Server thread/DEBUG] [org.enginehub.piston.impl.CommandParser/]: [05q00wf3dxyqm]: Consuming argument `ga`
[07Dec2025 22:58:21.437] [Server thread/DEBUG] [org.enginehub.piston.impl.CommandParser/]: [00zwzdtc15gsw]: started parsing
[07Dec2025 22:58:21.437] [Server thread/DEBUG] [org.enginehub.piston.impl.CommandParser/]: [00zwzdtc15gsw]: Consuming argument `g`
[07Dec2025 22:58:21.650] [Server thread/DEBUG] [org.enginehub.piston.impl.CommandParser/]: [0gqcu58b8ll77]: started parsing
[07Dec2025 22:58:21.650] [Server thread/DEBUG] [org.enginehub.piston.impl.CommandParser/]: [0gqcu58b8ll77]: Consuming argument `gl`
[07Dec2025 22:58:22.101] [Server thread/DEBUG] [org.enginehub.piston.impl.CommandParser/]: [18ib8kbc0g2xh]: started parsing
[07Dec2025 22:58:22.101] [Server thread/DEBUG] [org.enginehub.piston.impl.CommandParser/]: [18ib8kbc0g2xh]: Consuming argument `gla`
[07Dec2025 22:58:22.417] [Server thread/DEBUG] [org.enginehub.piston.impl.CommandParser/]: [15pfv0m4h6ls1]: started parsing
[07Dec2025 22:58:22.417] [Server thread/DEBUG] [org.enginehub.piston.impl.CommandParser/]: [15pfv0m4h6ls1]: Consuming argument `glay`
[07Dec2025 22:58:23.046] [Server thread/DEBUG] [org.enginehub.piston.impl.CommandParser/]: [1f51dle4q9v2l]: started parsing
[07Dec2025 22:58:23.046] [Server thread/DEBUG] [org.enginehub.piston.impl.CommandParser/]: [1f51dle4q9v2l]: Consuming argument `glay`
[07Dec2025 22:58:23.801] [Server thread/DEBUG] [org.enginehub.piston.impl.CommandParser/]: [0vcwu6f54vjtw]: started parsing
[07Dec2025 22:58:23.801] [Server thread/DEBUG] [org.enginehub.piston.impl.CommandParser/]: [0vcwu6f54vjtw]: Consuming argument `glay`
[07Dec2025 22:58:24.469] [Server thread/DEBUG] [org.enginehub.piston.impl.CommandParser/]: [1bc1ni12f4pgn]: started parsing
[07Dec2025 22:58:24.469] [Server thread/DEBUG] [org.enginehub.piston.impl.CommandParser/]: [1bc1ni12f4pgn]: Consuming argument `glay_`
[07Dec2025 22:58:24.775] [Server thread/DEBUG] [org.enginehub.piston.impl.CommandParser/]: [0zhzh0nlb1eb4]: started parsing
[07Dec2025 22:58:24.775] [Server thread/DEBUG] [org.enginehub.piston.impl.CommandParser/]: [0zhzh0nlb1eb4]: Consuming argument `glay_g`
[07Dec2025 22:58:24.880] [Server thread/DEBUG] [org.enginehub.piston.impl.CommandParser/]: [09yk1yv05ezfc]: started parsing
[07Dec2025 22:58:24.880] [Server thread/DEBUG] [org.enginehub.piston.impl.CommandParser/]: [09yk1yv05ezfc]: Consuming argument `glay_ga`
[07Dec2025 22:58:25.607] [Server thread/DEBUG] [org.enginehub.piston.impl.CommandParser/]: [1kdx45uzcdu31]: started parsing
[07Dec2025 22:58:25.607] [Server thread/DEBUG] [org.enginehub.piston.impl.CommandParser/]: [1kdx45uzcdu31]: Consuming argument `glay_g`
[07Dec2025 22:58:25.920] [Server thread/DEBUG] [org.enginehub.piston.impl.CommandParser/]: [02xd8vn3108vq]: started parsing
[07Dec2025 22:58:25.920] [Server thread/DEBUG] [org.enginehub.piston.impl.CommandParser/]: [02xd8vn3108vq]: Consuming argument `glay_gl`
[07Dec2025 22:58:26.833] [Server thread/DEBUG] [org.enginehub.piston.impl.CommandParser/]: [1928paofk1i9l]: started parsing
[07Dec2025 22:58:26.833] [Server thread/DEBUG] [org.enginehub.piston.impl.CommandParser/]: [1928paofk1i9l]: Consuming argument `glay_gla`
[07Dec2025 22:58:27.033] [Server thread/DEBUG] [org.enginehub.piston.impl.CommandParser/]: [0aaer4qc5m5kb]: started parsing
[07Dec2025 22:58:27.033] [Server thread/DEBUG] [org.enginehub.piston.impl.CommandParser/]: [0aaer4qc5m5kb]: Consuming argument `glay_glaz`
[07Dec2025 22:58:27.341] [Server thread/DEBUG] [org.enginehub.piston.impl.CommandParser/]: [15ipkumc33adi]: started parsing
[07Dec2025 22:58:27.341] [Server thread/DEBUG] [org.enginehub.piston.impl.CommandParser/]: [15ipkumc33adi]: Consuming argument `glay_glaze`
[07Dec2025 22:58:27.947] [Server thread/DEBUG] [org.enginehub.piston.impl.CommandParser/]: [1gxz9ca16u6bt]: started parsing
[07Dec2025 22:58:27.947] [Server thread/DEBUG] [org.enginehub.piston.impl.CommandParser/]: [1gxz9ca16u6bt]: Consuming argument `glay_glazed`
[07Dec2025 22:58:29.022] [Server thread/DEBUG] [org.enginehub.piston.impl.CommandParser/]: [0q3ozudwywqn2]: started parsing
[07Dec2025 22:58:29.022] [Server thread/DEBUG] [org.enginehub.piston.impl.CommandParser/]: [0q3ozudwywqn2]: Consuming argument `glay_glazed_`
[07Dec2025 22:58:29.473] [Server thread/DEBUG] [org.enginehub.piston.impl.CommandParser/]: [0ioxw8zxq7fo2]: started parsing
[07Dec2025 22:58:29.473] [Server thread/DEBUG] [org.enginehub.piston.impl.CommandParser/]: [0ioxw8zxq7fo2]: Consuming argument `glay_glazed`
[07Dec2025 22:58:29.674] [Server thread/DEBUG] [org.enginehub.piston.impl.CommandParser/]: [1enotqodnjbcl]: started parsing
[07Dec2025 22:58:29.674] [Server thread/DEBUG] [org.enginehub.piston.impl.CommandParser/]: [1enotqodnjbcl]: Consuming argument `glay_glaze`
[07Dec2025 22:58:29.839] [Server thread/DEBUG] [org.enginehub.piston.impl.CommandParser/]: [0pk75uscq7f1b]: started parsing
[07Dec2025 22:58:29.839] [Server thread/DEBUG] [org.enginehub.piston.impl.CommandParser/]: [0pk75uscq7f1b]: Consuming argument `glay_glaz`
[07Dec2025 22:58:30.012] [Server thread/DEBUG] [org.enginehub.piston.impl.CommandParser/]: [1ecg3jw709z2c]: started parsing
[07Dec2025 22:58:30.012] [Server thread/DEBUG] [org.enginehub.piston.impl.CommandParser/]: [1ecg3jw709z2c]: Consuming argument `glay_gla`
[07Dec2025 22:58:30.195] [Server thread/DEBUG] [org.enginehub.piston.impl.CommandParser/]: [0mm9d5os2dof4]: started parsing
[07Dec2025 22:58:30.195] [Server thread/DEBUG] [org.enginehub.piston.impl.CommandParser/]: [0mm9d5os2dof4]: Consuming argument `glay_gl`
[07Dec2025 22:58:30.364] [Server thread/DEBUG] [org.enginehub.piston.impl.CommandParser/]: [05ltz771uaitt]: started parsing
[07Dec2025 22:58:30.364] [Server thread/DEBUG] [org.enginehub.piston.impl.CommandParser/]: [05ltz771uaitt]: Consuming argument `glay_g`
[07Dec2025 22:58:30.761] [Server thread/DEBUG] [org.enginehub.piston.impl.CommandParser/]: [0fz4wfjzmujig]: started parsing
[07Dec2025 22:58:30.761] [Server thread/DEBUG] [org.enginehub.piston.impl.CommandParser/]: [0fz4wfjzmujig]: Consuming argument `glay_`
[07Dec2025 22:58:31.365] [Server thread/DEBUG] [org.enginehub.piston.impl.CommandParser/]: [12vheo63yr1ag]: started parsing
[07Dec2025 22:58:31.365] [Server thread/DEBUG] [org.enginehub.piston.impl.CommandParser/]: [12vheo63yr1ag]: Consuming argument `glay`
[07Dec2025 22:58:31.918] [Server thread/DEBUG] [org.enginehub.piston.impl.CommandParser/]: [1ldasdg216irk]: started parsing
[07Dec2025 22:58:31.918] [Server thread/DEBUG] [org.enginehub.piston.impl.CommandParser/]: [1ldasdg216irk]: Consuming argument `gla`
[07Dec2025 22:58:32.107] [Server thread/DEBUG] [org.enginehub.piston.impl.CommandParser/]: [00cr7ejphxe6k]: started parsing
[07Dec2025 22:58:32.107] [Server thread/DEBUG] [org.enginehub.piston.impl.CommandParser/]: [00cr7ejphxe6k]: Consuming argument `gl`
[07Dec2025 22:58:38.610] [Server thread/DEBUG] [org.enginehub.piston.impl.CommandParser/]: [17q129yejzmzx]: started parsing
[07Dec2025 22:58:38.610] [Server thread/DEBUG] [org.enginehub.piston.impl.CommandParser/]: [17q129yejzmzx]: Consuming argument `light`
[07Dec2025 22:58:38.611] [Server thread/DEBUG] [org.enginehub.piston.impl.CommandParser/]: [17q129yejzmzx]: Finished looking at arguments. Finalizing command.
[07Dec2025 22:58:38.612] [Server thread/DEBUG] [org.enginehub.piston.impl.CommandParser/]: [0ew6cih1clvzh]: started parsing
[07Dec2025 22:58:38.612] [Server thread/DEBUG] [org.enginehub.piston.impl.CommandParser/]: [0ew6cih1clvzh]: Consuming argument `light`
[07Dec2025 22:58:38.612] [Server thread/DEBUG] [org.enginehub.piston.impl.CommandParser/]: [0ew6cih1clvzh]: Finished looking at arguments. Finalizing command.
[07Dec2025 22:58:39.123] [Server thread/DEBUG] [org.enginehub.piston.impl.CommandParser/]: [0dq13bpah0qny]: started parsing
[07Dec2025 22:58:39.124] [Server thread/DEBUG] [org.enginehub.piston.impl.CommandParser/]: [0dq13bpah0qny]: Consuming argument `ligh`
[07Dec2025 22:58:39.299] [Server thread/DEBUG] [org.enginehub.piston.impl.CommandParser/]: [0bctpjidwhfy2]: started parsing
[07Dec2025 22:58:39.299] [Server thread/DEBUG] [org.enginehub.piston.impl.CommandParser/]: [0bctpjidwhfy2]: Consuming argument `lig`
[07Dec2025 22:58:39.444] [Server thread/DEBUG] [org.enginehub.piston.impl.CommandParser/]: [1i80x59ypfdcg]: started parsing
[07Dec2025 22:58:39.444] [Server thread/DEBUG] [org.enginehub.piston.impl.CommandParser/]: [1i80x59ypfdcg]: Consuming argument `li`
[07Dec2025 22:58:39.633] [Server thread/DEBUG] [org.enginehub.piston.impl.CommandParser/]: [1xtaqnahl1d88]: started parsing
[07Dec2025 22:58:39.633] [Server thread/DEBUG] [org.enginehub.piston.impl.CommandParser/]: [1xtaqnahl1d88]: Consuming argument `l`
[07Dec2025 22:58:40.204] [Server thread/DEBUG] [org.enginehub.piston.impl.CommandParser/]: [1uo279knhd7ks]: started parsing
[07Dec2025 22:58:40.204] [Server thread/DEBUG] [org.enginehub.piston.impl.CommandParser/]: [1uo279knhd7ks]: Consuming argument `lg`
[07Dec2025 22:58:40.375] [Server thread/DEBUG] [org.enginehub.piston.impl.CommandParser/]: [0arjr00fcey45]: started parsing
[07Dec2025 22:58:40.375] [Server thread/DEBUG] [org.enginehub.piston.impl.CommandParser/]: [0arjr00fcey45]: Consuming argument `lgr`
[07Dec2025 22:58:40.490] [Server thread/DEBUG] [org.enginehub.piston.impl.CommandParser/]: [16gwfoklui8ap]: started parsing
[07Dec2025 22:58:40.490] [Server thread/DEBUG] [org.enginehub.piston.impl.CommandParser/]: [16gwfoklui8ap]: Consuming argument `lgra`
[07Dec2025 22:58:41.159] [Server thread/DEBUG] [org.enginehub.piston.impl.CommandParser/]: [1g118wadgyke8]: started parsing
[07Dec2025 22:58:41.159] [Server thread/DEBUG] [org.enginehub.piston.impl.CommandParser/]: [1g118wadgyke8]: Consuming argument `lgr`
[07Dec2025 22:58:41.325] [Server thread/DEBUG] [org.enginehub.piston.impl.CommandParser/]: [0mnurmx2fb3po]: started parsing
[07Dec2025 22:58:41.325] [Server thread/DEBUG] [org.enginehub.piston.impl.CommandParser/]: [0mnurmx2fb3po]: Consuming argument `lg`
[07Dec2025 22:58:41.500] [Server thread/DEBUG] [org.enginehub.piston.impl.CommandParser/]: [07ewr3aj09ssr]: started parsing
[07Dec2025 22:58:41.501] [Server thread/DEBUG] [org.enginehub.piston.impl.CommandParser/]: [07ewr3aj09ssr]: Consuming argument `l`
[07Dec2025 22:58:42.188] [Server thread/DEBUG] [org.enginehub.piston.impl.CommandParser/]: [01fotv2g2sk7c]: started parsing
[07Dec2025 22:58:42.188] [Server thread/DEBUG] [org.enginehub.piston.impl.CommandParser/]: [01fotv2g2sk7c]: Consuming argument ``
[07Dec2025 22:58:42.444] [Server thread/DEBUG] [org.enginehub.piston.impl.CommandParser/]: [0azp2bvw9jgzf]: started parsing
[07Dec2025 22:58:42.444] [Server thread/DEBUG] [org.enginehub.piston.impl.CommandParser/]: [0azp2bvw9jgzf]: Consuming argument `g`
[07Dec2025 22:58:42.751] [Server thread/DEBUG] [org.enginehub.piston.impl.CommandParser/]: [1d47ua62ekkdi]: started parsing
[07Dec2025 22:58:42.751] [Server thread/DEBUG] [org.enginehub.piston.impl.CommandParser/]: [1d47ua62ekkdi]: Consuming argument `gr`
[07Dec2025 22:58:42.889] [Server thread/DEBUG] [org.enginehub.piston.impl.CommandParser/]: [0us618wpp939k]: started parsing
[07Dec2025 22:58:42.889] [Server thread/DEBUG] [org.enginehub.piston.impl.CommandParser/]: [0us618wpp939k]: Consuming argument `gra`
[07Dec2025 22:58:43.092] [Server thread/DEBUG] [org.enginehub.piston.impl.CommandParser/]: [1bwvunfg29225]: started parsing
[07Dec2025 22:58:43.092] [Server thread/DEBUG] [org.enginehub.piston.impl.CommandParser/]: [1bwvunfg29225]: Consuming argument `gray`
[07Dec2025 22:58:43.093] [Server thread/DEBUG] [org.enginehub.piston.impl.CommandParser/]: [1bwvunfg29225]: Finished looking at arguments. Finalizing command.
[07Dec2025 22:58:44.754] [Server thread/DEBUG] [org.enginehub.piston.impl.CommandParser/]: [1nmfpiyf5xlb0]: started parsing
[07Dec2025 22:58:44.755] [Server thread/DEBUG] [org.enginehub.piston.impl.CommandParser/]: [1nmfpiyf5xlb0]: Consuming argument `gray_`
[07Dec2025 22:58:45.630] [Server thread/DEBUG] [org.enginehub.piston.impl.CommandParser/]: [13llwcmtm72ug]: started parsing
[07Dec2025 22:58:45.630] [Server thread/DEBUG] [org.enginehub.piston.impl.CommandParser/]: [13llwcmtm72ug]: Consuming argument `gray_g`
[07Dec2025 22:58:45.830] [Server thread/DEBUG] [org.enginehub.piston.impl.CommandParser/]: [15bt98bytmbzz]: started parsing
[07Dec2025 22:58:45.830] [Server thread/DEBUG] [org.enginehub.piston.impl.CommandParser/]: [15bt98bytmbzz]: Consuming argument `gray_gl`
[07Dec2025 22:58:45.983] [Server thread/DEBUG] [org.enginehub.piston.impl.CommandParser/]: [1ml23isadu5vf]: started parsing
[07Dec2025 22:58:45.983] [Server thread/DEBUG] [org.enginehub.piston.impl.CommandParser/]: [1ml23isadu5vf]: Consuming argument `gray_gla`
[07Dec2025 22:58:46.875] [Server thread/DEBUG] [org.enginehub.piston.impl.CommandParser/]: [19bhsm8u1cppc]: started parsing
[07Dec2025 22:58:46.875] [Server thread/DEBUG] [org.enginehub.piston.impl.CommandParser/]: [19bhsm8u1cppc]: Consuming argument `gray_glazed_terracotta`
[07Dec2025 22:58:46.875] [Server thread/DEBUG] [org.enginehub.piston.impl.CommandParser/]: [19bhsm8u1cppc]: Consuming argument ``
[07Dec2025 22:58:46.875] [Server thread/DEBUG] [org.enginehub.piston.impl.CommandParser/]: [19bhsm8u1cppc]: parseRegularArgument: no arguments to attempt matching
[07Dec2025 22:58:47.081] [Server thread/INFO] [net.minecraft.server.network.ServerGamePacketListenerImpl/]: Xplix issued server command: //set gray_glazed_terracotta
[07Dec2025 22:58:47.082] [Server thread/DEBUG] [org.enginehub.piston.impl.CommandParser/]: [1qpcefix1gbx1]: started parsing
[07Dec2025 22:58:47.082] [Server thread/DEBUG] [org.enginehub.piston.impl.CommandParser/]: [1qpcefix1gbx1]: Consuming argument `gray_glazed_terracotta`
[07Dec2025 22:58:47.082] [Server thread/DEBUG] [org.enginehub.piston.impl.CommandParser/]: [1qpcefix1gbx1]: Finished looking at arguments. Finalizing command.
[07Dec2025 22:58:49.468] [Server thread/INFO] [net.minecraft.server.network.ServerGamePacketListenerImpl/]: Xplix issued server command: /gamemode spectator
[07Dec2025 22:58:49.469] [Server thread/INFO] [net.minecraft.server.MinecraftServer/]: [Xplix: Set own game mode to Spectator Mode]
[07Dec2025 22:58:52.098] [Server thread/INFO] [net.minecraft.server.network.ServerGamePacketListenerImpl/]: Xplix issued server command: /gamemode creative
[07Dec2025 22:58:52.099] [Server thread/INFO] [net.minecraft.server.MinecraftServer/]: [Xplix: Set own game mode to Creative Mode]
[07Dec2025 22:58:58.604] [Server thread/DEBUG] [net.minecraftforge.common.ForgeHooks/WP]: Gathering id map for writing to world save Squid Alpaca Games
[07Dec2025 22:58:58.609] [Server thread/DEBUG] [net.minecraftforge.common.ForgeHooks/WP]: ID Map collection complete Squid Alpaca Games
[07Dec2025 22:59:06.936] [Server thread/DEBUG] [org.enginehub.piston.impl.CommandParser/]: [0g2ifwccpmsjv]: started parsing
[07Dec2025 22:59:06.936] [Server thread/DEBUG] [org.enginehub.piston.impl.CommandParser/]: [0g2ifwccpmsjv]: Consuming argument `gray_glazed_terracotta`
[07Dec2025 22:59:06.936] [Server thread/DEBUG] [org.enginehub.piston.impl.CommandParser/]: [0g2ifwccpmsjv]: Finished looking at arguments. Finalizing command.
[07Dec2025 22:59:06.936] [Server thread/DEBUG] [org.enginehub.piston.impl.CommandParser/]: [1dsxzfs2btid1]: started parsing
[07Dec2025 22:59:06.936] [Server thread/DEBUG] [org.enginehub.piston.impl.CommandParser/]: [1dsxzfs2btid1]: Consuming argument `gray_glazed_terracotta`
[07Dec2025 22:59:06.936] [Server thread/DEBUG] [org.enginehub.piston.impl.CommandParser/]: [1dsxzfs2btid1]: Finished looking at arguments. Finalizing command.
[07Dec2025 22:59:07.537] [Server thread/DEBUG] [org.enginehub.piston.impl.CommandParser/]: [0q2hwgds3dq0a]: started parsing
[07Dec2025 22:59:07.537] [Server thread/DEBUG] [org.enginehub.piston.impl.CommandParser/]: [0q2hwgds3dq0a]: Consuming argument `gray_glazed_terracotta`
[07Dec2025 22:59:07.537] [Server thread/DEBUG] [org.enginehub.piston.impl.CommandParser/]: [0q2hwgds3dq0a]: Finished looking at arguments. Finalizing command.
[07Dec2025 22:59:07.537] [Server thread/DEBUG] [org.enginehub.piston.impl.CommandParser/]: [0lo0902bhibrq]: started parsing
[07Dec2025 22:59:07.537] [Server thread/DEBUG] [org.enginehub.piston.impl.CommandParser/]: [0lo0902bhibrq]: Consuming argument `gray_glazed_terracotta`
[07Dec2025 22:59:07.538] [Server thread/DEBUG] [org.enginehub.piston.impl.CommandParser/]: [0lo0902bhibrq]: Finished looking at arguments. Finalizing command.
[07Dec2025 22:59:07.984] [Server thread/DEBUG] [org.enginehub.piston.impl.CommandParser/]: [1f4cl4cvq0y8l]: started parsing
[07Dec2025 22:59:07.984] [Server thread/DEBUG] [org.enginehub.piston.impl.CommandParser/]: [1f4cl4cvq0y8l]: Consuming argument `gray_glazed_terracott`
[07Dec2025 22:59:08.501] [Server thread/DEBUG] [org.enginehub.piston.impl.CommandParser/]: [02ls7ktcgz1nu]: started parsing
[07Dec2025 22:59:08.501] [Server thread/DEBUG] [org.enginehub.piston.impl.CommandParser/]: [02ls7ktcgz1nu]: Consuming argument `gray_glazed_terracot`
[07Dec2025 22:59:08.527] [Server thread/DEBUG] [org.enginehub.piston.impl.CommandParser/]: [08624hunrct1k]: started parsing
[07Dec2025 22:59:08.527] [Server thread/DEBUG] [org.enginehub.piston.impl.CommandParser/]: [08624hunrct1k]: Consuming argument `gray_glazed_terraco`
[07Dec2025 22:59:08.570] [Server thread/DEBUG] [org.enginehub.piston.impl.CommandParser/]: [1pkl34v2g6vau]: started parsing
[07Dec2025 22:59:08.570] [Server thread/DEBUG] [org.enginehub.piston.impl.CommandParser/]: [1pkl34v2g6vau]: Consuming argument `gray_glazed_terrac`
[07Dec2025 22:59:08.597] [Server thread/DEBUG] [org.enginehub.piston.impl.CommandParser/]: [0l4s35rc5oa3w]: started parsing
[07Dec2025 22:59:08.597] [Server thread/DEBUG] [org.enginehub.piston.impl.CommandParser/]: [0l4s35rc5oa3w]: Consuming argument `gray_glazed_terra`
[07Dec2025 22:59:08.626] [Server thread/DEBUG] [org.enginehub.piston.impl.CommandParser/]: [01flcctuvcl2d]: started parsing
[07Dec2025 22:59:08.626] [Server thread/DEBUG] [org.enginehub.piston.impl.CommandParser/]: [01flcctuvcl2d]: Consuming argument `gray_glazed_terr`
[07Dec2025 22:59:08.675] [Server thread/DEBUG] [org.enginehub.piston.impl.CommandParser/]: [0v24nmw2v3tb2]: started parsing
[07Dec2025 22:59:08.675] [Server thread/DEBUG] [org.enginehub.piston.impl.CommandParser/]: [0v24nmw2v3tb2]: Consuming argument `gray_glazed_ter`
[07Dec2025 22:59:08.697] [Server thread/DEBUG] [org.enginehub.piston.impl.CommandParser/]: [14zlu2nks5dgi]: started parsing
[07Dec2025 22:59:08.697] [Server thread/DEBUG] [org.enginehub.piston.impl.CommandParser/]: [14zlu2nks5dgi]: Consuming argument `gray_glazed_te`
[07Dec2025 22:59:08.746] [Server thread/DEBUG] [org.enginehub.piston.impl.CommandParser/]: [1g71tey6h1i2p]: started parsing
[07Dec2025 22:59:08.746] [Server thread/DEBUG] [org.enginehub.piston.impl.CommandParser/]: [1g71tey6h1i2p]: Consuming argument `gray_glazed_t`
[07Dec2025 22:59:08.769] [Server thread/DEBUG] [org.enginehub.piston.impl.CommandParser/]: [0kaluubr5lbsj]: started parsing
[07Dec2025 22:59:08.769] [Server thread/DEBUG] [org.enginehub.piston.impl.CommandParser/]: [0kaluubr5lbsj]: Consuming argument `gray_glazed_`
[07Dec2025 22:59:08.795] [Server thread/DEBUG] [org.enginehub.piston.impl.CommandParser/]: [0hlmize7ubqmy]: started parsing
[07Dec2025 22:59:08.795] [Server thread/DEBUG] [org.enginehub.piston.impl.CommandParser/]: [0hlmize7ubqmy]: Consuming argument `gray_glazed`
[07Dec2025 22:59:08.830] [Server thread/DEBUG] [org.enginehub.piston.impl.CommandParser/]: [1x4eocg06sf1d]: started parsing
[07Dec2025 22:59:08.830] [Server thread/DEBUG] [org.enginehub.piston.impl.CommandParser/]: [1x4eocg06sf1d]: Consuming argument `gray_glaze`
[07Dec2025 22:59:08.857] [Server thread/DEBUG] [org.enginehub.piston.impl.CommandParser/]: [08l823wg5bc1z]: started parsing
[07Dec2025 22:59:08.857] [Server thread/DEBUG] [org.enginehub.piston.impl.CommandParser/]: [08l823wg5bc1z]: Consuming argument `gray_glaz`
[07Dec2025 22:59:08.881] [Server thread/DEBUG] [org.enginehub.piston.impl.CommandParser/]: [1gipgzepn0xeg]: started parsing
[07Dec2025 22:59:08.881] [Server thread/DEBUG] [org.enginehub.piston.impl.CommandParser/]: [1gipgzepn0xeg]: Consuming argument `gray_gla`
[07Dec2025 22:59:08.916] [Server thread/DEBUG] [org.enginehub.piston.impl.CommandParser/]: [1avf4c5brmpsq]: started parsing
[07Dec2025 22:59:08.916] [Server thread/DEBUG] [org.enginehub.piston.impl.CommandParser/]: [1avf4c5brmpsq]: Consuming argument `gray_gl`
[07Dec2025 22:59:08.948] [Server thread/DEBUG] [org.enginehub.piston.impl.CommandParser/]: [1vpdrbt6rnxvk]: started parsing
[07Dec2025 22:59:08.948] [Server thread/DEBUG] [org.enginehub.piston.impl.CommandParser/]: [1vpdrbt6rnxvk]: Consuming argument `gray_g`
[07Dec2025 22:59:08.987] [Server thread/DEBUG] [org.enginehub.piston.impl.CommandParser/]: [0o8e716shnn5q]: started parsing
[07Dec2025 22:59:08.987] [Server thread/DEBUG] [org.enginehub.piston.impl.CommandParser/]: [0o8e716shnn5q]: Consuming argument `gray_`
[07Dec2025 22:59:09.025] [Server thread/DEBUG] [org.enginehub.piston.impl.CommandParser/]: [1j87j6sn84hru]: started parsing
[07Dec2025 22:59:09.025] [Server thread/DEBUG] [org.enginehub.piston.impl.CommandParser/]: [1j87j6sn84hru]: Consuming argument `gray`
[07Dec2025 22:59:09.025] [Server thread/DEBUG] [org.enginehub.piston.impl.CommandParser/]: [1j87j6sn84hru]: Finished looking at arguments. Finalizing command.
[07Dec2025 22:59:09.179] [Server thread/DEBUG] [org.enginehub.piston.impl.CommandParser/]: [1cbdhuux5ih7l]: started parsing
[07Dec2025 22:59:09.179] [Server thread/DEBUG] [org.enginehub.piston.impl.CommandParser/]: [1cbdhuux5ih7l]: Consuming argument `gra`
[07Dec2025 22:59:09.348] [Server thread/DEBUG] [org.enginehub.piston.impl.CommandParser/]: [1rxzcoauuvbbh]: started parsing
[07Dec2025 22:59:09.348] [Server thread/DEBUG] [org.enginehub.piston.impl.CommandParser/]: [1rxzcoauuvbbh]: Consuming argument `gr`
[07Dec2025 22:59:09.508] [Server thread/DEBUG] [org.enginehub.piston.impl.CommandParser/]: [0c8o66369wjm4]: started parsing
[07Dec2025 22:59:09.508] [Server thread/DEBUG] [org.enginehub.piston.impl.CommandParser/]: [0c8o66369wjm4]: Consuming argument `g`
[07Dec2025 22:59:09.746] [Server thread/DEBUG] [org.enginehub.piston.impl.CommandParser/]: [1by2wfjyc2qwv]: started parsing
[07Dec2025 22:59:09.746] [Server thread/DEBUG] [org.enginehub.piston.impl.CommandParser/]: [1by2wfjyc2qwv]: Consuming argument ``
[07Dec2025 22:59:09.996] [Server thread/DEBUG] [org.enginehub.piston.impl.CommandParser/]: [09tt3z35tht6p]: started parsing
[07Dec2025 22:59:09.996] [Server thread/DEBUG] [org.enginehub.piston.impl.CommandParser/]: [09tt3z35tht6p]: Consuming argument `a`
[07Dec2025 22:59:10.281] [Server thread/DEBUG] [org.enginehub.piston.impl.CommandParser/]: [06hzpksmq1xid]: started parsing
[07Dec2025 22:59:10.281] [Server thread/DEBUG] [org.enginehub.piston.impl.CommandParser/]: [06hzpksmq1xid]: Consuming argument `ai`
[07Dec2025 22:59:10.511] [Server thread/DEBUG] [org.enginehub.piston.impl.CommandParser/]: [13mlhmio8jend]: started parsing
[07Dec2025 22:59:10.511] [Server thread/DEBUG] [org.enginehub.piston.impl.CommandParser/]: [13mlhmio8jend]: Consuming argument `air`
[07Dec2025 22:59:10.511] [Server thread/DEBUG] [org.enginehub.piston.impl.CommandParser/]: [13mlhmio8jend]: Finished looking at arguments. Finalizing command.
[07Dec2025 22:59:10.846] [Server thread/INFO] [net.minecraft.server.network.ServerGamePacketListenerImpl/]: Xplix issued server command: //set air
[07Dec2025 22:59:10.847] [Server thread/DEBUG] [org.enginehub.piston.impl.CommandParser/]: [08qdciebb14kg]: started parsing
[07Dec2025 22:59:10.847] [Server thread/DEBUG] [org.enginehub.piston.impl.CommandParser/]: [08qdciebb14kg]: Consuming argument `air`
[07Dec2025 22:59:10.847] [Server thread/DEBUG] [org.enginehub.piston.impl.CommandParser/]: [08qdciebb14kg]: Finished looking at arguments. Finalizing command.
[07Dec2025 22:59:28.731] [Server thread/DEBUG] [org.enginehub.piston.impl.CommandParser/]: [1uhg7ml13o5yz]: started parsing
[07Dec2025 22:59:28.731] [Server thread/DEBUG] [org.enginehub.piston.impl.CommandParser/]: [1uhg7ml13o5yz]: Consuming argument `air`
[07Dec2025 22:59:28.731] [Server thread/DEBUG] [org.enginehub.piston.impl.CommandParser/]: [1uhg7ml13o5yz]: Finished looking at arguments. Finalizing command.
[07Dec2025 22:59:28.732] [Server thread/DEBUG] [org.enginehub.piston.impl.CommandParser/]: [0aulb19k3b3rq]: started parsing
[07Dec2025 22:59:28.732] [Server thread/DEBUG] [org.enginehub.piston.impl.CommandParser/]: [0aulb19k3b3rq]: Consuming argument `air`
[07Dec2025 22:59:28.732] [Server thread/DEBUG] [org.enginehub.piston.impl.CommandParser/]: [0aulb19k3b3rq]: Finished looking at arguments. Finalizing command.
[07Dec2025 22:59:29.088] [Server thread/DEBUG] [org.enginehub.piston.impl.CommandParser/]: [0tzp9hmkn8z3i]: started parsing
[07Dec2025 22:59:29.088] [Server thread/DEBUG] [org.enginehub.piston.impl.CommandParser/]: [0tzp9hmkn8z3i]: Consuming argument `gray_glazed_terracotta`
[07Dec2025 22:59:29.088] [Server thread/DEBUG] [org.enginehub.piston.impl.CommandParser/]: [0tzp9hmkn8z3i]: Finished looking at arguments. Finalizing command.
[07Dec2025 22:59:29.089] [Server thread/DEBUG] [org.enginehub.piston.impl.CommandParser/]: [141y56460th79]: started parsing
[07Dec2025 22:59:29.089] [Server thread/DEBUG] [org.enginehub.piston.impl.CommandParser/]: [141y56460th79]: Consuming argument `gray_glazed_terracotta`
[07Dec2025 22:59:29.089] [Server thread/DEBUG] [org.enginehub.piston.impl.CommandParser/]: [141y56460th79]: Finished looking at arguments. Finalizing command.
[07Dec2025 22:59:29.618] [Server thread/DEBUG] [org.enginehub.piston.impl.CommandParser/]: [0tg87v18g29ml]: started parsing
[07Dec2025 22:59:29.618] [Server thread/DEBUG] [org.enginehub.piston.impl.CommandParser/]: [0tg87v18g29ml]: Consuming argument `light`
[07Dec2025 22:59:29.619] [Server thread/DEBUG] [org.enginehub.piston.impl.CommandParser/]: [0tg87v18g29ml]: Finished looking at arguments. Finalizing command.
[07Dec2025 22:59:29.619] [Server thread/DEBUG] [org.enginehub.piston.impl.CommandParser/]: [0tio4lokm93l0]: started parsing
[07Dec2025 22:59:29.619] [Server thread/DEBUG] [org.enginehub.piston.impl.CommandParser/]: [0tio4lokm93l0]: Consuming argument `light`
[07Dec2025 22:59:29.619] [Server thread/DEBUG] [org.enginehub.piston.impl.CommandParser/]: [0tio4lokm93l0]: Finished looking at arguments. Finalizing command.
[07Dec2025 22:59:30.436] [Server thread/DEBUG] [org.enginehub.piston.impl.CommandParser/]: [02flalxvsj4tc]: started parsing
[07Dec2025 22:59:30.436] [Server thread/DEBUG] [org.enginehub.piston.impl.CommandParser/]: [02flalxvsj4tc]: Consuming argument `light`
[07Dec2025 22:59:30.436] [Server thread/DEBUG] [org.enginehub.piston.impl.CommandParser/]: [02flalxvsj4tc]: Finished looking at arguments. Finalizing command.
[07Dec2025 22:59:30.437] [Server thread/DEBUG] [org.enginehub.piston.impl.CommandParser/]: [1awfnb4mlnra4]: started parsing
[07Dec2025 22:59:30.437] [Server thread/DEBUG] [org.enginehub.piston.impl.CommandParser/]: [1awfnb4mlnra4]: Consuming argument `light`
[07Dec2025 22:59:30.437] [Server thread/DEBUG] [org.enginehub.piston.impl.CommandParser/]: [1awfnb4mlnra4]: Finished looking at arguments. Finalizing command.
[07Dec2025 22:59:31.116] [Server thread/DEBUG] [org.enginehub.piston.impl.CommandParser/]: [1517bgr0bng9d]: started parsing
[07Dec2025 22:59:31.116] [Server thread/DEBUG] [org.enginehub.piston.impl.CommandParser/]: [1517bgr0bng9d]: Consuming argument `glass`
[07Dec2025 22:59:31.116] [Server thread/DEBUG] [org.enginehub.piston.impl.CommandParser/]: [1517bgr0bng9d]: Finished looking at arguments. Finalizing command.
[07Dec2025 22:59:31.116] [Server thread/DEBUG] [org.enginehub.piston.impl.CommandParser/]: [0vhijv3uyvmsy]: started parsing
[07Dec2025 22:59:31.116] [Server thread/DEBUG] [org.enginehub.piston.impl.CommandParser/]: [0vhijv3uyvmsy]: Consuming argument `glass`
[07Dec2025 22:59:31.116] [Server thread/DEBUG] [org.enginehub.piston.impl.CommandParser/]: [0vhijv3uyvmsy]: Finished looking at arguments. Finalizing command.
[07Dec2025 22:59:31.396] [Server thread/DEBUG] [org.enginehub.piston.impl.CommandParser/]: [16xgxmbfa16zj]: started parsing
[07Dec2025 22:59:31.396] [Server thread/DEBUG] [org.enginehub.piston.impl.CommandParser/]: [16xgxmbfa16zj]: Consuming argument `white_concrete`
[07Dec2025 22:59:31.397] [Server thread/DEBUG] [org.enginehub.piston.impl.CommandParser/]: [16xgxmbfa16zj]: Finished looking at arguments. Finalizing command.
[07Dec2025 22:59:31.397] [Server thread/DEBUG] [org.enginehub.piston.impl.CommandParser/]: [0bet0rblrewz9]: started parsing
[07Dec2025 22:59:31.397] [Server thread/DEBUG] [org.enginehub.piston.impl.CommandParser/]: [0bet0rblrewz9]: Consuming argument `white_concrete`
[07Dec2025 22:59:31.397] [Server thread/DEBUG] [org.enginehub.piston.impl.CommandParser/]: [0bet0rblrewz9]: Finished looking at arguments. Finalizing command.
[07Dec2025 22:59:31.855] [Server thread/DEBUG] [org.enginehub.piston.impl.CommandParser/]: [0rreiqtwd85qc]: started parsing
[07Dec2025 22:59:31.856] [Server thread/DEBUG] [org.enginehub.piston.impl.CommandParser/]: [0rreiqtwd85qc]: Consuming argument `glass`
[07Dec2025 22:59:31.856] [Server thread/DEBUG] [org.enginehub.piston.impl.CommandParser/]: [0rreiqtwd85qc]: Finished looking at arguments. Finalizing command.
[07Dec2025 22:59:31.856] [Server thread/DEBUG] [org.enginehub.piston.impl.CommandParser/]: [0jsg1h47psnrf]: started parsing
[07Dec2025 22:59:31.856] [Server thread/DEBUG] [org.enginehub.piston.impl.CommandParser/]: [0jsg1h47psnrf]: Consuming argument `glass`
[07Dec2025 22:59:31.856] [Server thread/DEBUG] [org.enginehub.piston.impl.CommandParser/]: [0jsg1h47psnrf]: Finished looking at arguments. Finalizing command.
[07Dec2025 22:59:32.195] [Server thread/INFO] [net.minecraft.server.network.ServerGamePacketListenerImpl/]: Xplix issued server command: //set glass
[07Dec2025 22:59:32.195] [Server thread/DEBUG] [org.enginehub.piston.impl.CommandParser/]: [0nzpjl3kwp8bg]: started parsing
[07Dec2025 22:59:32.195] [Server thread/DEBUG] [org.enginehub.piston.impl.CommandParser/]: [0nzpjl3kwp8bg]: Consuming argument `glass`
[07Dec2025 22:59:32.195] [Server thread/DEBUG] [org.enginehub.piston.impl.CommandParser/]: [0nzpjl3kwp8bg]: Finished looking at arguments. Finalizing command.
[07Dec2025 22:59:39.150] [Server thread/DEBUG] [org.enginehub.piston.impl.CommandParser/]: [10ozwd84pldgl]: started parsing
[07Dec2025 22:59:39.151] [Server thread/DEBUG] [org.enginehub.piston.impl.CommandParser/]: [10ozwd84pldgl]: Consuming argument `glass`
[07Dec2025 22:59:39.151] [Server thread/DEBUG] [org.enginehub.piston.impl.CommandParser/]: [10ozwd84pldgl]: Finished looking at arguments. Finalizing command.
[07Dec2025 22:59:39.151] [Server thread/DEBUG] [org.enginehub.piston.impl.CommandParser/]: [0mybchtb1rype]: started parsing
[07Dec2025 22:59:39.151] [Server thread/DEBUG] [org.enginehub.piston.impl.CommandParser/]: [0mybchtb1rype]: Consuming argument `glass`
[07Dec2025 22:59:39.151] [Server thread/DEBUG] [org.enginehub.piston.impl.CommandParser/]: [0mybchtb1rype]: Finished looking at arguments. Finalizing command.
[07Dec2025 22:59:39.514] [Server thread/INFO] [net.minecraft.server.network.ServerGamePacketListenerImpl/]: Xplix issued server command: //set glass
[07Dec2025 22:59:39.515] [Server thread/DEBUG] [org.enginehub.piston.impl.CommandParser/]: [1kxjb5rxyydnd]: started parsing
[07Dec2025 22:59:39.515] [Server thread/DEBUG] [org.enginehub.piston.impl.CommandParser/]: [1kxjb5rxyydnd]: Consuming argument `glass`
[07Dec2025 22:59:39.515] [Server thread/DEBUG] [org.enginehub.piston.impl.CommandParser/]: [1kxjb5rxyydnd]: Finished looking at arguments. Finalizing command.
[07Dec2025 22:59:42.981] [Server thread/DEBUG] [org.enginehub.piston.impl.CommandParser/]: [0xpkup3o3s3c0]: started parsing
[07Dec2025 22:59:42.981] [Server thread/DEBUG] [org.enginehub.piston.impl.CommandParser/]: [0xpkup3o3s3c0]: Consuming argument `glass`
[07Dec2025 22:59:42.981] [Server thread/DEBUG] [org.enginehub.piston.impl.CommandParser/]: [0xpkup3o3s3c0]: Finished looking at arguments. Finalizing command.
[07Dec2025 22:59:42.981] [Server thread/DEBUG] [org.enginehub.piston.impl.CommandParser/]: [1009ylb1w4i5b]: started parsing
[07Dec2025 22:59:42.981] [Server thread/DEBUG] [org.enginehub.piston.impl.CommandParser/]: [1009ylb1w4i5b]: Consuming argument `glass`
[07Dec2025 22:59:42.981] [Server thread/DEBUG] [org.enginehub.piston.impl.CommandParser/]: [1009ylb1w4i5b]: Finished looking at arguments. Finalizing command.
[07Dec2025 22:59:43.290] [Server thread/INFO] [net.minecraft.server.network.ServerGamePacketListenerImpl/]: Xplix issued server command: //set glass
[07Dec2025 22:59:43.290] [Server thread/DEBUG] [org.enginehub.piston.impl.CommandParser/]: [1u4ngveterl41]: started parsing
[07Dec2025 22:59:43.290] [Server thread/DEBUG] [org.enginehub.piston.impl.CommandParser/]: [1u4ngveterl41]: Consuming argument `glass`
[07Dec2025 22:59:43.290] [Server thread/DEBUG] [org.enginehub.piston.impl.CommandParser/]: [1u4ngveterl41]: Finished looking at arguments. Finalizing command.
[07Dec2025 22:59:46.971] [Server thread/DEBUG] [org.enginehub.piston.impl.CommandParser/]: [1ny2c4jjqzgid]: started parsing
[07Dec2025 22:59:46.971] [Server thread/DEBUG] [org.enginehub.piston.impl.CommandParser/]: [1ny2c4jjqzgid]: Consuming argument `glass`
[07Dec2025 22:59:46.971] [Server thread/DEBUG] [org.enginehub.piston.impl.CommandParser/]: [1ny2c4jjqzgid]: Finished looking at arguments. Finalizing command.
[07Dec2025 22:59:46.971] [Server thread/DEBUG] [org.enginehub.piston.impl.CommandParser/]: [1tlaj97l9x5xe]: started parsing
[07Dec2025 22:59:46.971] [Server thread/DEBUG] [org.enginehub.piston.impl.CommandParser/]: [1tlaj97l9x5xe]: Consuming argument `glass`
[07Dec2025 22:59:46.971] [Server thread/DEBUG] [org.enginehub.piston.impl.CommandParser/]: [1tlaj97l9x5xe]: Finished looking at arguments. Finalizing command.
[07Dec2025 22:59:47.283] [Server thread/INFO] [net.minecraft.server.network.ServerGamePacketListenerImpl/]: Xplix issued server command: //set glass
[07Dec2025 22:59:47.284] [Server thread/DEBUG] [org.enginehub.piston.impl.CommandParser/]: [07q2tmdl7ha7o]: started parsing
[07Dec2025 22:59:47.284] [Server thread/DEBUG] [org.enginehub.piston.impl.CommandParser/]: [07q2tmdl7ha7o]: Consuming argument `glass`
[07Dec2025 22:59:47.284] [Server thread/DEBUG] [org.enginehub.piston.impl.CommandParser/]: [07q2tmdl7ha7o]: Finished looking at arguments. Finalizing command.
[07Dec2025 22:59:51.745] [Server thread/DEBUG] [org.enginehub.piston.impl.CommandParser/]: [0315w6z3j77iv]: started parsing
[07Dec2025 22:59:51.745] [Server thread/DEBUG] [org.enginehub.piston.impl.CommandParser/]: [0315w6z3j77iv]: Consuming argument `glass`
[07Dec2025 22:59:51.745] [Server thread/DEBUG] [org.enginehub.piston.impl.CommandParser/]: [0315w6z3j77iv]: Finished looking at arguments. Finalizing command.
[07Dec2025 22:59:51.745] [Server thread/DEBUG] [org.enginehub.piston.impl.CommandParser/]: [0yzk1xb58d1kv]: started parsing
[07Dec2025 22:59:51.745] [Server thread/DEBUG] [org.enginehub.piston.impl.CommandParser/]: [0yzk1xb58d1kv]: Consuming argument `glass`
[07Dec2025 22:59:51.745] [Server thread/DEBUG] [org.enginehub.piston.impl.CommandParser/]: [0yzk1xb58d1kv]: Finished looking at arguments. Finalizing command.
[07Dec2025 22:59:52.025] [Server thread/INFO] [net.minecraft.server.network.ServerGamePacketListenerImpl/]: Xplix issued server command: //set glass
[07Dec2025 22:59:52.025] [Server thread/DEBUG] [org.enginehub.piston.impl.CommandParser/]: [1965knxed478p]: started parsing
[07Dec2025 22:59:52.025] [Server thread/DEBUG] [org.enginehub.piston.impl.CommandParser/]: [1965knxed478p]: Consuming argument `glass`
[07Dec2025 22:59:52.025] [Server thread/DEBUG] [org.enginehub.piston.impl.CommandParser/]: [1965knxed478p]: Finished looking at arguments. Finalizing command.
[07Dec2025 22:59:57.886] [Server thread/INFO] [net.minecraft.server.network.ServerGamePacketListenerImpl/]: Xplix issued server command: /gamemode spectator
[07Dec2025 22:59:57.887] [Server thread/INFO] [net.minecraft.server.MinecraftServer/]: [Xplix: Set own game mode to Spectator Mode]
[07Dec2025 22:59:59.634] [Server thread/INFO] [net.minecraft.server.network.ServerGamePacketListenerImpl/]: Xplix issued server command: /gamemode creative
[07Dec2025 22:59:59.635] [Server thread/INFO] [net.minecraft.server.MinecraftServer/]: [Xplix: Set own game mode to Creative Mode]
[07Dec2025 23:00:03.331] [Server thread/DEBUG] [org.enginehub.piston.impl.CommandParser/]: [0ywtidl6khy7w]: started parsing
[07Dec2025 23:00:03.331] [Server thread/DEBUG] [org.enginehub.piston.impl.CommandParser/]: [0ywtidl6khy7w]: Consuming argument `glass`
[07Dec2025 23:00:03.331] [Server thread/DEBUG] [org.enginehub.piston.impl.CommandParser/]: [0ywtidl6khy7w]: Finished looking at arguments. Finalizing command.
[07Dec2025 23:00:03.332] [Server thread/DEBUG] [org.enginehub.piston.impl.CommandParser/]: [0ja5arvi8mpto]: started parsing
[07Dec2025 23:00:03.332] [Server thread/DEBUG] [org.enginehub.piston.impl.CommandParser/]: [0ja5arvi8mpto]: Consuming argument `glass`
[07Dec2025 23:00:03.332] [Server thread/DEBUG] [org.enginehub.piston.impl.CommandParser/]: [0ja5arvi8mpto]: Finished looking at arguments. Finalizing command.
[07Dec2025 23:00:03.632] [Server thread/INFO] [net.minecraft.server.network.ServerGamePacketListenerImpl/]: Xplix issued server command: //set glass
[07Dec2025 23:00:03.632] [Server thread/DEBUG] [org.enginehub.piston.impl.CommandParser/]: [01dvpwgyjsgm4]: started parsing
[07Dec2025 23:00:03.632] [Server thread/DEBUG] [org.enginehub.piston.impl.CommandParser/]: [01dvpwgyjsgm4]: Consuming argument `glass`
[07Dec2025 23:00:03.632] [Server thread/DEBUG] [org.enginehub.piston.impl.CommandParser/]: [01dvpwgyjsgm4]: Finished looking at arguments. Finalizing command.
[07Dec2025 23:00:05.892] [Server thread/DEBUG] [org.enginehub.piston.impl.CommandParser/]: [0s97tacvmotlk]: started parsing
[07Dec2025 23:00:05.893] [Server thread/DEBUG] [org.enginehub.piston.impl.CommandParser/]: [0s97tacvmotlk]: Consuming argument `glass`
[07Dec2025 23:00:05.893] [Server thread/DEBUG] [org.enginehub.piston.impl.CommandParser/]: [0s97tacvmotlk]: Finished looking at arguments. Finalizing command.
[07Dec2025 23:00:05.893] [Server thread/DEBUG] [org.enginehub.piston.impl.CommandParser/]: [1a2auptfq0xa5]: started parsing
[07Dec2025 23:00:05.893] [Server thread/DEBUG] [org.enginehub.piston.impl.CommandParser/]: [1a2auptfq0xa5]: Consuming argument `glass`
[07Dec2025 23:00:05.893] [Server thread/DEBUG] [org.enginehub.piston.impl.CommandParser/]: [1a2auptfq0xa5]: Finished looking at arguments. Finalizing command.
[07Dec2025 23:00:06.157] [Server thread/INFO] [net.minecraft.server.network.ServerGamePacketListenerImpl/]: Xplix issued server command: //set glass
[07Dec2025 23:00:06.157] [Server thread/DEBUG] [org.enginehub.piston.impl.CommandParser/]: [1cmioaugi8s9h]: started parsing
[07Dec2025 23:00:06.157] [Server thread/DEBUG] [org.enginehub.piston.impl.CommandParser/]: [1cmioaugi8s9h]: Consuming argument `glass`
[07Dec2025 23:00:06.157] [Server thread/DEBUG] [org.enginehub.piston.impl.CommandParser/]: [1cmioaugi8s9h]: Finished looking at arguments. Finalizing command.
[07Dec2025 23:00:13.697] [Server thread/DEBUG] [org.enginehub.piston.impl.CommandParser/]: [1sv012jquuods]: started parsing
[07Dec2025 23:00:13.697] [Server thread/DEBUG] [org.enginehub.piston.impl.CommandParser/]: [1sv012jquuods]: Consuming argument `glass`
[07Dec2025 23:00:13.697] [Server thread/DEBUG] [org.enginehub.piston.impl.CommandParser/]: [1sv012jquuods]: Finished looking at arguments. Finalizing command.
[07Dec2025 23:00:13.698] [Server thread/DEBUG] [org.enginehub.piston.impl.CommandParser/]: [0zm0uxtd7uxba]: started parsing
[07Dec2025 23:00:13.698] [Server thread/DEBUG] [org.enginehub.piston.impl.CommandParser/]: [0zm0uxtd7uxba]: Consuming argument `glass`
[07Dec2025 23:00:13.698] [Server thread/DEBUG] [org.enginehub.piston.impl.CommandParser/]: [0zm0uxtd7uxba]: Finished looking at arguments. Finalizing command.
[07Dec2025 23:00:14.055] [Server thread/INFO] [net.minecraft.server.network.ServerGamePacketListenerImpl/]: Xplix issued server command: //set glass
[07Dec2025 23:00:14.056] [Server thread/DEBUG] [org.enginehub.piston.impl.CommandParser/]: [0cwuzry4opin8]: started parsing
[07Dec2025 23:00:14.056] [Server thread/DEBUG] [org.enginehub.piston.impl.CommandParser/]: [0cwuzry4opin8]: Consuming argument `glass`
[07Dec2025 23:00:14.056] [Server thread/DEBUG] [org.enginehub.piston.impl.CommandParser/]: [0cwuzry4opin8]: Finished looking at arguments. Finalizing command.
[07Dec2025 23:00:16.610] [Server thread/DEBUG] [org.enginehub.piston.impl.CommandParser/]: [1brfhkz5rciuv]: started parsing
[07Dec2025 23:00:16.610] [Server thread/DEBUG] [org.enginehub.piston.impl.CommandParser/]: [1brfhkz5rciuv]: Consuming argument `glass`
[07Dec2025 23:00:16.610] [Server thread/DEBUG] [org.enginehub.piston.impl.CommandParser/]: [1brfhkz5rciuv]: Finished looking at arguments. Finalizing command.
[07Dec2025 23:00:16.610] [Server thread/DEBUG] [org.enginehub.piston.impl.CommandParser/]: [0c7h8wbyj6398]: started parsing
[07Dec2025 23:00:16.610] [Server thread/DEBUG] [org.enginehub.piston.impl.CommandParser/]: [0c7h8wbyj6398]: Consuming argument `glass`
[07Dec2025 23:00:16.610] [Server thread/DEBUG] [org.enginehub.piston.impl.CommandParser/]: [0c7h8wbyj6398]: Finished looking at arguments. Finalizing command.
[07Dec2025 23:00:16.830] [Server thread/INFO] [net.minecraft.server.network.ServerGamePacketListenerImpl/]: Xplix issued server command: //set glass
[07Dec2025 23:00:16.830] [Server thread/DEBUG] [org.enginehub.piston.impl.CommandParser/]: [1gcuaum1551fy]: started parsing
[07Dec2025 23:00:16.830] [Server thread/DEBUG] [org.enginehub.piston.impl.CommandParser/]: [1gcuaum1551fy]: Consuming argument `glass`
[07Dec2025 23:00:16.830] [Server thread/DEBUG] [org.enginehub.piston.impl.CommandParser/]: [1gcuaum1551fy]: Finished looking at arguments. Finalizing command.
[07Dec2025 23:00:19.632] [Server thread/DEBUG] [org.enginehub.piston.impl.CommandParser/]: [0ppd71wm8unis]: started parsing
[07Dec2025 23:00:19.632] [Server thread/DEBUG] [org.enginehub.piston.impl.CommandParser/]: [0ppd71wm8unis]: Consuming argument `glass`
[07Dec2025 23:00:19.632] [Server thread/DEBUG] [org.enginehub.piston.impl.CommandParser/]: [0ppd71wm8unis]: Finished looking at arguments. Finalizing command.
[07Dec2025 23:00:19.633] [Server thread/DEBUG] [org.enginehub.piston.impl.CommandParser/]: [1e5y55neyq33j]: started parsing
[07Dec2025 23:00:19.633] [Server thread/DEBUG] [org.enginehub.piston.impl.CommandParser/]: [1e5y55neyq33j]: Consuming argument `glass`
[07Dec2025 23:00:19.633] [Server thread/DEBUG] [org.enginehub.piston.impl.CommandParser/]: [1e5y55neyq33j]: Finished looking at arguments. Finalizing command.
[07Dec2025 23:00:19.903] [Server thread/INFO] [net.minecraft.server.network.ServerGamePacketListenerImpl/]: Xplix issued server command: //set glass
[07Dec2025 23:00:19.903] [Server thread/DEBUG] [org.enginehub.piston.impl.CommandParser/]: [11yd7id4b02um]: started parsing
[07Dec2025 23:00:19.903] [Server thread/DEBUG] [org.enginehub.piston.impl.CommandParser/]: [11yd7id4b02um]: Consuming argument `glass`
[07Dec2025 23:00:19.903] [Server thread/DEBUG] [org.enginehub.piston.impl.CommandParser/]: [11yd7id4b02um]: Finished looking at arguments. Finalizing command.
[07Dec2025 23:00:24.544] [Server thread/DEBUG] [org.enginehub.piston.impl.CommandParser/]: [04x0kfvqcadbp]: started parsing
[07Dec2025 23:00:24.545] [Server thread/DEBUG] [org.enginehub.piston.impl.CommandParser/]: [04x0kfvqcadbp]: Consuming argument `glass`
[07Dec2025 23:00:24.545] [Server thread/DEBUG] [org.enginehub.piston.impl.CommandParser/]: [04x0kfvqcadbp]: Finished looking at arguments. Finalizing command.
[07Dec2025 23:00:24.545] [Server thread/DEBUG] [org.enginehub.piston.impl.CommandParser/]: [1f1a3p3ltfyvh]: started parsing
[07Dec2025 23:00:24.545] [Server thread/DEBUG] [org.enginehub.piston.impl.CommandParser/]: [1f1a3p3ltfyvh]: Consuming argument `glass`
[07Dec2025 23:00:24.545] [Server thread/DEBUG] [org.enginehub.piston.impl.CommandParser/]: [1f1a3p3ltfyvh]: Finished looking at arguments. Finalizing command.
[07Dec2025 23:00:24.815] [Server thread/INFO] [net.minecraft.server.network.ServerGamePacketListenerImpl/]: Xplix issued server command: //set glass
[07Dec2025 23:00:24.816] [Server thread/DEBUG] [org.enginehub.piston.impl.CommandParser/]: [03cngajv7l19f]: started parsing
[07Dec2025 23:00:24.816] [Server thread/DEBUG] [org.enginehub.piston.impl.CommandParser/]: [03cngajv7l19f]: Consuming argument `glass`
[07Dec2025 23:00:24.816] [Server thread/DEBUG] [org.enginehub.piston.impl.CommandParser/]: [03cngajv7l19f]: Finished looking at arguments. Finalizing command.
[07Dec2025 23:00:28.868] [Server thread/DEBUG] [org.enginehub.piston.impl.CommandParser/]: [1wbevaarfdktg]: started parsing
[07Dec2025 23:00:28.868] [Server thread/DEBUG] [org.enginehub.piston.impl.CommandParser/]: [1wbevaarfdktg]: Consuming argument `glass`
[07Dec2025 23:00:28.868] [Server thread/DEBUG] [org.enginehub.piston.impl.CommandParser/]: [1wbevaarfdktg]: Finished looking at arguments. Finalizing command.
[07Dec2025 23:00:28.868] [Server thread/DEBUG] [org.enginehub.piston.impl.CommandParser/]: [05c1gfc0jmxdi]: started parsing
[07Dec2025 23:00:28.868] [Server thread/DEBUG] [org.enginehub.piston.impl.CommandParser/]: [05c1gfc0jmxdi]: Consuming argument `glass`
[07Dec2025 23:00:28.868] [Server thread/DEBUG] [org.enginehub.piston.impl.CommandParser/]: [05c1gfc0jmxdi]: Finished looking at arguments. Finalizing command.
[07Dec2025 23:00:29.130] [Server thread/INFO] [net.minecraft.server.network.ServerGamePacketListenerImpl/]: Xplix issued server command: //set glass
[07Dec2025 23:00:29.131] [Server thread/DEBUG] [org.enginehub.piston.impl.CommandParser/]: [0jqhvpe3pnf4z]: started parsing
[07Dec2025 23:00:29.131] [Server thread/DEBUG] [org.enginehub.piston.impl.CommandParser/]: [0jqhvpe3pnf4z]: Consuming argument `glass`
[07Dec2025 23:00:29.131] [Server thread/DEBUG] [org.enginehub.piston.impl.CommandParser/]: [0jqhvpe3pnf4z]: Finished looking at arguments. Finalizing command.
[07Dec2025 23:00:32.550] [Server thread/DEBUG] [org.enginehub.piston.impl.CommandParser/]: [18skpipwu09yl]: started parsing
[07Dec2025 23:00:32.550] [Server thread/DEBUG] [org.enginehub.piston.impl.CommandParser/]: [18skpipwu09yl]: Consuming argument `glass`
[07Dec2025 23:00:32.550] [Server thread/DEBUG] [org.enginehub.piston.impl.CommandParser/]: [18skpipwu09yl]: Finished looking at arguments. Finalizing command.
[07Dec2025 23:00:32.551] [Server thread/DEBUG] [org.enginehub.piston.impl.CommandParser/]: [01um7m0ln52u8]: started parsing
[07Dec2025 23:00:32.551] [Server thread/DEBUG] [org.enginehub.piston.impl.CommandParser/]: [01um7m0ln52u8]: Consuming argument `glass`
[07Dec2025 23:00:32.551] [Server thread/DEBUG] [org.enginehub.piston.impl.CommandParser/]: [01um7m0ln52u8]: Finished looking at arguments. Finalizing command.
[07Dec2025 23:00:32.815] [Server thread/INFO] [net.minecraft.server.network.ServerGamePacketListenerImpl/]: Xplix issued server command: //set glass
[07Dec2025 23:00:32.816] [Server thread/DEBUG] [org.enginehub.piston.impl.CommandParser/]: [03fg5aobofpfk]: started parsing
[07Dec2025 23:00:32.816] [Server thread/DEBUG] [org.enginehub.piston.impl.CommandParser/]: [03fg5aobofpfk]: Consuming argument `glass`
[07Dec2025 23:00:32.816] [Server thread/DEBUG] [org.enginehub.piston.impl.CommandParser/]: [03fg5aobofpfk]: Finished looking at arguments. Finalizing command.
[07Dec2025 23:00:39.829] [Server thread/INFO] [net.minecraft.server.network.ServerGamePacketListenerImpl/]: Xplix issued server command: /gamemode spectator
[07Dec2025 23:00:39.831] [Server thread/INFO] [net.minecraft.server.MinecraftServer/]: [Xplix: Set own game mode to Spectator Mode]
[07Dec2025 23:00:43.543] [Server thread/INFO] [net.minecraft.server.network.ServerGamePacketListenerImpl/]: BasseeMC issued server command: /gamemode survival
[07Dec2025 23:00:43.543] [Server thread/INFO] [net.minecraft.server.MinecraftServer/]: [BasseeMC: Set own game mode to Survival Mode]
[07Dec2025 23:00:43.841] [Server thread/INFO] [net.minecraft.server.network.ServerGamePacketListenerImpl/]: Xplix issued server command: /gamemode adventure
[07Dec2025 23:00:43.841] [Server thread/INFO] [net.minecraft.server.MinecraftServer/]: [Xplix: Set own game mode to Adventure Mode]
[07Dec2025 23:00:57.877] [Async Chat Thread - #15/INFO] [net.minecraft.server.MinecraftServer/]: [Not Secure] <BasseeMC> como hago para que pueda succionarte
[07Dec2025 23:01:07.403] [Server thread/INFO] [net.minecraft.server.network.ServerGamePacketListenerImpl/]: BasseeMC issued server command: /gamemode creative
[07Dec2025 23:01:07.403] [Server thread/INFO] [net.minecraft.server.MinecraftServer/]: [BasseeMC: Set own game mode to Creative Mode]
[07Dec2025 23:01:09.567] [Async Chat Thread - #14/INFO] [net.minecraft.server.MinecraftServer/]: [Not Secure] <Xplix> nose xd
[07Dec2025 23:01:17.995] [Async Chat Thread - #15/INFO] [net.minecraft.server.MinecraftServer/]: [Not Secure] <BasseeMC> no pongamos vidrio
[07Dec2025 23:01:19.238] [Server thread/INFO] [net.minecraft.server.network.ServerGamePacketListenerImpl/]: Xplix issued server command: /gamemode spectator
[07Dec2025 23:01:19.239] [Server thread/INFO] [net.minecraft.server.MinecraftServer/]: [Xplix: Set own game mode to Spectator Mode]
[07Dec2025 23:01:20.971] [Server thread/INFO] [net.minecraft.server.network.ServerGamePacketListenerImpl/]: Xplix issued server command: /gamemode creative
[07Dec2025 23:01:20.972] [Server thread/INFO] [net.minecraft.server.MinecraftServer/]: [Xplix: Set own game mode to Creative Mode]
[07Dec2025 23:01:29.232] [Async Chat Thread - #14/INFO] [net.minecraft.server.MinecraftServer/]: [Not Secure] <BasseeMC> dejemoslo en una piscina pequeña
[07Dec2025 23:01:43.671] [Server thread/DEBUG] [org.enginehub.piston.impl.CommandParser/]: [0dh991m5wuho0]: started parsing
[07Dec2025 23:01:43.671] [Server thread/DEBUG] [org.enginehub.piston.impl.CommandParser/]: [0dh991m5wuho0]: Consuming argument `glass`
[07Dec2025 23:01:43.672] [Server thread/DEBUG] [org.enginehub.piston.impl.CommandParser/]: [0dh991m5wuho0]: Finished looking at arguments. Finalizing command.
[07Dec2025 23:01:43.672] [Server thread/DEBUG] [org.enginehub.piston.impl.CommandParser/]: [1mkj3p02feqyk]: started parsing
[07Dec2025 23:01:43.672] [Server thread/DEBUG] [org.enginehub.piston.impl.CommandParser/]: [1mkj3p02feqyk]: Consuming argument `glass`
[07Dec2025 23:01:43.672] [Server thread/DEBUG] [org.enginehub.piston.impl.CommandParser/]: [1mkj3p02feqyk]: Finished looking at arguments. Finalizing command.
[07Dec2025 23:01:43.833] [Server thread/DEBUG] [org.enginehub.piston.impl.CommandParser/]: [0f57mh1jjw69t]: started parsing
[07Dec2025 23:01:43.833] [Server thread/DEBUG] [org.enginehub.piston.impl.CommandParser/]: [0f57mh1jjw69t]: Consuming argument `air`
[07Dec2025 23:01:43.833] [Server thread/DEBUG] [org.enginehub.piston.impl.CommandParser/]: [0f57mh1jjw69t]: Finished looking at arguments. Finalizing command.
[07Dec2025 23:01:43.834] [Server thread/DEBUG] [org.enginehub.piston.impl.CommandParser/]: [1a6wydnr7q4hj]: started parsing
[07Dec2025 23:01:43.834] [Server thread/DEBUG] [org.enginehub.piston.impl.CommandParser/]: [1a6wydnr7q4hj]: Consuming argument `air`
[07Dec2025 23:01:43.834] [Server thread/DEBUG] [org.enginehub.piston.impl.CommandParser/]: [1a6wydnr7q4hj]: Finished looking at arguments. Finalizing command.
[07Dec2025 23:01:44.216] [Server thread/DEBUG] [org.enginehub.piston.impl.CommandParser/]: [17p12uow8t2wl]: started parsing
[07Dec2025 23:01:44.216] [Server thread/DEBUG] [org.enginehub.piston.impl.CommandParser/]: [17p12uow8t2wl]: Consuming argument `gray_glazed_terracotta`
[07Dec2025 23:01:44.216] [Server thread/DEBUG] [org.enginehub.piston.impl.CommandParser/]: [17p12uow8t2wl]: Finished looking at arguments. Finalizing command.
[07Dec2025 23:01:44.216] [Server thread/DEBUG] [org.enginehub.piston.impl.CommandParser/]: [16end29j6r4n9]: started parsing
[07Dec2025 23:01:44.216] [Server thread/DEBUG] [org.enginehub.piston.impl.CommandParser/]: [16end29j6r4n9]: Consuming argument `gray_glazed_terracotta`
[07Dec2025 23:01:44.216] [Server thread/DEBUG] [org.enginehub.piston.impl.CommandParser/]: [16end29j6r4n9]: Finished looking at arguments. Finalizing command.
[07Dec2025 23:01:44.735] [Server thread/DEBUG] [org.enginehub.piston.impl.CommandParser/]: [0c6r6uturq3ur]: started parsing
[07Dec2025 23:01:44.735] [Server thread/DEBUG] [org.enginehub.piston.impl.CommandParser/]: [0c6r6uturq3ur]: Consuming argument `gray_glazed_terracotta`
[07Dec2025 23:01:44.735] [Server thread/DEBUG] [org.enginehub.piston.impl.CommandParser/]: [0c6r6uturq3ur]: Finished looking at arguments. Finalizing command.
[07Dec2025 23:01:44.735] [Server thread/DEBUG] [org.enginehub.piston.impl.CommandParser/]: [10putomguxsam]: started parsing
[07Dec2025 23:01:44.735] [Server thread/DEBUG] [org.enginehub.piston.impl.CommandParser/]: [10putomguxsam]: Consuming argument `gray_glazed_terracotta`
[07Dec2025 23:01:44.735] [Server thread/DEBUG] [org.enginehub.piston.impl.CommandParser/]: [10putomguxsam]: Finished looking at arguments. Finalizing command.
[07Dec2025 23:01:45.103] [Server thread/INFO] [net.minecraft.server.network.ServerGamePacketListenerImpl/]: Xplix issued server command: //set gray_glazed_terracotta
[07Dec2025 23:01:45.103] [Server thread/DEBUG] [org.enginehub.piston.impl.CommandParser/]: [0zjjh41be8m2x]: started parsing
[07Dec2025 23:01:45.103] [Server thread/DEBUG] [org.enginehub.piston.impl.CommandParser/]: [0zjjh41be8m2x]: Consuming argument `gray_glazed_terracotta`
[07Dec2025 23:01:45.104] [Server thread/DEBUG] [org.enginehub.piston.impl.CommandParser/]: [0zjjh41be8m2x]: Finished looking at arguments. Finalizing command.
[07Dec2025 23:01:47.865] [Server thread/DEBUG] [org.enginehub.piston.impl.CommandParser/]: [1dnvqhji2jmth]: started parsing
[07Dec2025 23:01:47.865] [Server thread/DEBUG] [org.enginehub.piston.impl.CommandParser/]: [1dnvqhji2jmth]: Consuming argument `gray_glazed_terracotta`
[07Dec2025 23:01:47.866] [Server thread/DEBUG] [org.enginehub.piston.impl.CommandParser/]: [1dnvqhji2jmth]: Finished looking at arguments. Finalizing command.
[07Dec2025 23:01:47.866] [Server thread/DEBUG] [org.enginehub.piston.impl.CommandParser/]: [0vt7209ir8x37]: started parsing
[07Dec2025 23:01:47.866] [Server thread/DEBUG] [org.enginehub.piston.impl.CommandParser/]: [0vt7209ir8x37]: Consuming argument `gray_glazed_terracotta`
[07Dec2025 23:01:47.866] [Server thread/DEBUG] [org.enginehub.piston.impl.CommandParser/]: [0vt7209ir8x37]: Finished looking at arguments. Finalizing command.
[07Dec2025 23:01:48.167] [Server thread/INFO] [net.minecraft.server.network.ServerGamePacketListenerImpl/]: Xplix issued server command: //set gray_glazed_terracotta
[07Dec2025 23:01:48.167] [Server thread/DEBUG] [org.enginehub.piston.impl.CommandParser/]: [0suuyhjn7kzzo]: started parsing
[07Dec2025 23:01:48.167] [Server thread/DEBUG] [org.enginehub.piston.impl.CommandParser/]: [0suuyhjn7kzzo]: Consuming argument `gray_glazed_terracotta`
[07Dec2025 23:01:48.167] [Server thread/DEBUG] [org.enginehub.piston.impl.CommandParser/]: [0suuyhjn7kzzo]: Finished looking at arguments. Finalizing command.
[07Dec2025 23:01:51.524] [Server thread/DEBUG] [org.enginehub.piston.impl.CommandParser/]: [0jf9eqafjkvfr]: started parsing
[07Dec2025 23:01:51.524] [Server thread/DEBUG] [org.enginehub.piston.impl.CommandParser/]: [0jf9eqafjkvfr]: Consuming argument `gray_glazed_terracotta`
[07Dec2025 23:01:51.524] [Server thread/DEBUG] [org.enginehub.piston.impl.CommandParser/]: [0jf9eqafjkvfr]: Finished looking at arguments. Finalizing command.
[07Dec2025 23:01:51.524] [Server thread/DEBUG] [org.enginehub.piston.impl.CommandParser/]: [05bor4mgrc9gx]: started parsing
[07Dec2025 23:01:51.524] [Server thread/DEBUG] [org.enginehub.piston.impl.CommandParser/]: [05bor4mgrc9gx]: Consuming argument `gray_glazed_terracotta`
[07Dec2025 23:01:51.524] [Server thread/DEBUG] [org.enginehub.piston.impl.CommandParser/]: [05bor4mgrc9gx]: Finished looking at arguments. Finalizing command.
[07Dec2025 23:01:51.922] [Server thread/INFO] [net.minecraft.server.network.ServerGamePacketListenerImpl/]: Xplix issued server command: //set gray_glazed_terracotta
[07Dec2025 23:01:51.923] [Server thread/DEBUG] [org.enginehub.piston.impl.CommandParser/]: [0hsw4lbqxvbrk]: started parsing
[07Dec2025 23:01:51.923] [Server thread/DEBUG] [org.enginehub.piston.impl.CommandParser/]: [0hsw4lbqxvbrk]: Consuming argument `gray_glazed_terracotta`
[07Dec2025 23:01:51.923] [Server thread/DEBUG] [org.enginehub.piston.impl.CommandParser/]: [0hsw4lbqxvbrk]: Finished looking at arguments. Finalizing command.
[07Dec2025 23:01:59.405] [Server thread/DEBUG] [org.enginehub.piston.impl.CommandParser/]: [11v8wgc7kmx00]: started parsing
[07Dec2025 23:01:59.405] [Server thread/DEBUG] [org.enginehub.piston.impl.CommandParser/]: [11v8wgc7kmx00]: Consuming argument `gray_glazed_terracotta`
[07Dec2025 23:01:59.405] [Server thread/DEBUG] [org.enginehub.piston.impl.CommandParser/]: [11v8wgc7kmx00]: Finished looking at arguments. Finalizing command.
[07Dec2025 23:01:59.406] [Server thread/DEBUG] [org.enginehub.piston.impl.CommandParser/]: [0cmqpnulmeswu]: started parsing
[07Dec2025 23:01:59.406] [Server thread/DEBUG] [org.enginehub.piston.impl.CommandParser/]: [0cmqpnulmeswu]: Consuming argument `gray_glazed_terracotta`
[07Dec2025 23:01:59.406] [Server thread/DEBUG] [org.enginehub.piston.impl.CommandParser/]: [0cmqpnulmeswu]: Finished looking at arguments. Finalizing command.
[07Dec2025 23:01:59.810] [Server thread/INFO] [net.minecraft.server.network.ServerGamePacketListenerImpl/]: Xplix issued server command: //set gray_glazed_terracotta
[07Dec2025 23:01:59.810] [Server thread/DEBUG] [org.enginehub.piston.impl.CommandParser/]: [1v16pq52ctx1g]: started parsing
[07Dec2025 23:01:59.810] [Server thread/DEBUG] [org.enginehub.piston.impl.CommandParser/]: [1v16pq52ctx1g]: Consuming argument `gray_glazed_terracotta`
[07Dec2025 23:01:59.810] [Server thread/DEBUG] [org.enginehub.piston.impl.CommandParser/]: [1v16pq52ctx1g]: Finished looking at arguments. Finalizing command.
[07Dec2025 23:02:03.207] [Server thread/DEBUG] [org.enginehub.piston.impl.CommandParser/]: [1nddxcwegjitc]: started parsing
[07Dec2025 23:02:03.207] [Server thread/DEBUG] [org.enginehub.piston.impl.CommandParser/]: [1nddxcwegjitc]: Consuming argument `gray_glazed_terracotta`
[07Dec2025 23:02:03.207] [Server thread/DEBUG] [org.enginehub.piston.impl.CommandParser/]: [1nddxcwegjitc]: Finished looking at arguments. Finalizing command.
[07Dec2025 23:02:03.207] [Server thread/DEBUG] [org.enginehub.piston.impl.CommandParser/]: [0xw571gk7patw]: started parsing
[07Dec2025 23:02:03.207] [Server thread/DEBUG] [org.enginehub.piston.impl.CommandParser/]: [0xw571gk7patw]: Consuming argument `gray_glazed_terracotta`
[07Dec2025 23:02:03.207] [Server thread/DEBUG] [org.enginehub.piston.impl.CommandParser/]: [0xw571gk7patw]: Finished looking at arguments. Finalizing command.
[07Dec2025 23:02:03.524] [Server thread/INFO] [net.minecraft.server.network.ServerGamePacketListenerImpl/]: Xplix issued server command: //set gray_glazed_terracotta
[07Dec2025 23:02:03.524] [Server thread/DEBUG] [org.enginehub.piston.impl.CommandParser/]: [13qh00ifwsbo5]: started parsing
[07Dec2025 23:02:03.525] [Server thread/DEBUG] [org.enginehub.piston.impl.CommandParser/]: [13qh00ifwsbo5]: Consuming argument `gray_glazed_terracotta`
[07Dec2025 23:02:03.525] [Server thread/DEBUG] [org.enginehub.piston.impl.CommandParser/]: [13qh00ifwsbo5]: Finished looking at arguments. Finalizing command.
[07Dec2025 23:02:53.603] [Async Chat Thread - #17/INFO] [net.minecraft.server.MinecraftServer/]: [Not Secure] <BasseeMC> YA SE
[07Dec2025 23:02:56.652] [Async Chat Thread - #16/INFO] [net.minecraft.server.MinecraftServer/]: [Not Secure] <Xplix> que
[07Dec2025 23:03:05.038] [Async Chat Thread - #17/INFO] [net.minecraft.server.MinecraftServer/]: [Not Secure] <BasseeMC> que sean canales que conecten con otras piscinas
[07Dec2025 23:03:12.068] [Async Chat Thread - #16/INFO] [net.minecraft.server.MinecraftServer/]: [Not Secure] <Xplix> ta piola
[07Dec2025 23:03:21.690] [Async Chat Thread - #17/INFO] [net.minecraft.server.MinecraftServer/]: [Not Secure] <BasseeMC> copia esta construccion
[07Dec2025 23:03:26.301] [Async Chat Thread - #16/INFO] [net.minecraft.server.MinecraftServer/]: [Not Secure] <Xplix> y los tubtos que sean de vidriop
[07Dec2025 23:03:30.773] [Async Chat Thread - #17/INFO] [net.minecraft.server.MinecraftServer/]: [Not Secure] <BasseeMC> siissi
[07Dec2025 23:03:47.084] [Server thread/INFO] [net.minecraft.server.network.ServerGamePacketListenerImpl/]: Xplix issued server command: /gamemode spectator
[07Dec2025 23:03:47.085] [Server thread/INFO] [net.minecraft.server.MinecraftServer/]: [Xplix: Set own game mode to Spectator Mode]
[07Dec2025 23:03:48.433] [Server thread/INFO] [net.minecraft.server.network.ServerGamePacketListenerImpl/]: Xplix issued server command: /gamemode creative
[07Dec2025 23:03:48.434] [Server thread/INFO] [net.minecraft.server.MinecraftServer/]: [Xplix: Set own game mode to Creative Mode]
[07Dec2025 23:03:52.609] [Server thread/INFO] [net.minecraft.server.network.ServerGamePacketListenerImpl/]: Xplix issued server command: /gamemode spectator
[07Dec2025 23:03:52.609] [Server thread/INFO] [net.minecraft.server.MinecraftServer/]: [Xplix: Set own game mode to Spectator Mode]
[07Dec2025 23:03:56.815] [Server thread/INFO] [net.minecraft.server.network.ServerGamePacketListenerImpl/]: Xplix issued server command: //copy
[07Dec2025 23:03:56.816] [Server thread/DEBUG] [org.enginehub.piston.impl.CommandParser/]: [1uy1ldagolyhi]: started parsing
[07Dec2025 23:03:56.816] [Server thread/DEBUG] [org.enginehub.piston.impl.CommandParser/]: [1uy1ldagolyhi]: Finished looking at arguments. Finalizing command.
[07Dec2025 23:03:58.336] [Server thread/DEBUG] [net.minecraftforge.common.ForgeHooks/WP]: Gathering id map for writing to world save Squid Alpaca Games
[07Dec2025 23:03:58.341] [Server thread/DEBUG] [net.minecraftforge.common.ForgeHooks/WP]: ID Map collection complete Squid Alpaca Games
[07Dec2025 23:04:00.709] [Server thread/INFO] [net.minecraft.server.network.ServerGamePacketListenerImpl/]: Xplix issued server command: /gamemode survival
[07Dec2025 23:04:00.710] [Server thread/INFO] [net.minecraft.server.MinecraftServer/]: [Xplix: Set own game mode to Survival Mode]
[07Dec2025 23:04:02.845] [Server thread/INFO] [net.minecraft.server.network.ServerGamePacketListenerImpl/]: Xplix issued server command: /gamemode creative
[07Dec2025 23:04:02.846] [Server thread/INFO] [net.minecraft.server.MinecraftServer/]: [Xplix: Set own game mode to Creative Mode]
[07Dec2025 23:04:27.737] [Server thread/INFO] [net.minecraft.server.network.ServerGamePacketListenerImpl/]: Xplix issued server command: //paste
[07Dec2025 23:04:27.738] [Server thread/DEBUG] [org.enginehub.piston.impl.CommandParser/]: [0s8q3sz09nyfq]: started parsing
[07Dec2025 23:04:27.739] [Server thread/DEBUG] [org.enginehub.piston.impl.CommandParser/]: [0s8q3sz09nyfq]: Finished looking at arguments. Finalizing command.
[07Dec2025 23:04:30.949] [Async Chat Thread - #19/INFO] [net.minecraft.server.MinecraftServer/]: [Not Secure] <Xplix> ya
[07Dec2025 23:04:43.691] [Server thread/INFO] [net.minecraft.server.network.ServerGamePacketListenerImpl/]: Xplix issued server command: //paste
[07Dec2025 23:04:43.691] [Server thread/DEBUG] [org.enginehub.piston.impl.CommandParser/]: [0nfdh95l9uhsm]: started parsing
[07Dec2025 23:04:43.691] [Server thread/DEBUG] [org.enginehub.piston.impl.CommandParser/]: [0nfdh95l9uhsm]: Finished looking at arguments. Finalizing command.
[07Dec2025 23:04:54.554] [Server thread/INFO] [net.minecraft.server.network.ServerGamePacketListenerImpl/]: Xplix issued server command: //paste
[07Dec2025 23:04:54.555] [Server thread/DEBUG] [org.enginehub.piston.impl.CommandParser/]: [1u9ottefvyckx]: started parsing
[07Dec2025 23:04:54.555] [Server thread/DEBUG] [org.enginehub.piston.impl.CommandParser/]: [1u9ottefvyckx]: Finished looking at arguments. Finalizing command.
[07Dec2025 23:05:02.165] [Async Chat Thread - #18/INFO] [net.minecraft.server.MinecraftServer/]: [Not Secure] <Xplix> cuantas picisnas
[07Dec2025 23:05:10.781] [Async Chat Thread - #19/INFO] [net.minecraft.server.MinecraftServer/]: [Not Secure] <BasseeMC> espera termino esto y lo copias
[07Dec2025 23:05:26.017] [Server thread/INFO] [net.minecraft.server.network.ServerGamePacketListenerImpl/]: Xplix issued server command: //undo
[07Dec2025 23:05:26.017] [Server thread/DEBUG] [org.enginehub.piston.impl.CommandParser/]: [14w3wj4ft3ku1]: started parsing
[07Dec2025 23:05:26.017] [Server thread/DEBUG] [org.enginehub.piston.impl.CommandParser/]: [14w3wj4ft3ku1]: Finished looking at arguments. Finalizing command.
[07Dec2025 23:05:27.949] [Server thread/INFO] [net.minecraft.server.network.ServerGamePacketListenerImpl/]: Xplix issued server command: //undo
[07Dec2025 23:05:27.949] [Server thread/DEBUG] [org.enginehub.piston.impl.CommandParser/]: [16k0t2gpcym71]: started parsing
[07Dec2025 23:05:27.949] [Server thread/DEBUG] [org.enginehub.piston.impl.CommandParser/]: [16k0t2gpcym71]: Finished looking at arguments. Finalizing command.
[07Dec2025 23:05:28.983] [Server thread/INFO] [net.minecraft.server.network.ServerGamePacketListenerImpl/]: Xplix issued server command: //undo
[07Dec2025 23:05:28.984] [Server thread/DEBUG] [org.enginehub.piston.impl.CommandParser/]: [03uacpv2vmyth]: started parsing
[07Dec2025 23:05:28.984] [Server thread/DEBUG] [org.enginehub.piston.impl.CommandParser/]: [03uacpv2vmyth]: Finished looking at arguments. Finalizing command.
[07Dec2025 23:05:58.208] [Async Chat Thread - #18/INFO] [net.minecraft.server.MinecraftServer/]: [Not Secure] <Xplix> oe hay hacer betatest con los miembros que hay hasta el momento
[07Dec2025 23:06:02.947] [Async Chat Thread - #19/INFO] [net.minecraft.server.MinecraftServer/]: [Not Secure] <Xplix> es que necesitamos gente
[07Dec2025 23:06:05.697] [Async Chat Thread - #18/INFO] [net.minecraft.server.MinecraftServer/]: [Not Secure] <BasseeMC> si
[07Dec2025 23:06:15.883] [Async Chat Thread - #19/INFO] [net.minecraft.server.MinecraftServer/]: [Not Secure] <BasseeMC> hay que invitar mas gente
[07Dec2025 23:06:20.733] [Async Chat Thread - #18/INFO] [net.minecraft.server.MinecraftServer/]: [Not Secure] <Xplix> si
[07Dec2025 23:07:11.579] [Async Chat Thread - #19/INFO] [net.minecraft.server.MinecraftServer/]: [Not Secure] <Xplix> lo copio
[07Dec2025 23:07:21.904] [Server thread/INFO] [net.minecraft.server.network.ServerGamePacketListenerImpl/]: Xplix issued server command: /gamemode spectator
[07Dec2025 23:07:21.905] [Server thread/INFO] [net.minecraft.server.MinecraftServer/]: [Xplix: Set own game mode to Spectator Mode]
[07Dec2025 23:07:25.420] [Server thread/INFO] [net.minecraft.server.network.ServerGamePacketListenerImpl/]: Xplix issued server command: /gamemode creative
[07Dec2025 23:07:25.421] [Server thread/INFO] [net.minecraft.server.MinecraftServer/]: [Xplix: Set own game mode to Creative Mode]
[07Dec2025 23:07:27.180] [Server thread/INFO] [net.minecraft.server.network.ServerGamePacketListenerImpl/]: Xplix issued server command: /gamemode spectator
[07Dec2025 23:07:27.181] [Server thread/INFO] [net.minecraft.server.MinecraftServer/]: [Xplix: Set own game mode to Spectator Mode]
[07Dec2025 23:07:29.353] [Server thread/INFO] [net.minecraft.server.network.ServerGamePacketListenerImpl/]: Xplix issued server command: /gamemode creative
[07Dec2025 23:07:29.354] [Server thread/INFO] [net.minecraft.server.MinecraftServer/]: [Xplix: Set own game mode to Creative Mode]
[07Dec2025 23:07:31.145] [Async Chat Thread - #19/INFO] [net.minecraft.server.MinecraftServer/]: [Not Secure] <BasseeMC> copia eso
[07Dec2025 23:07:33.675] [Server thread/INFO] [net.minecraft.server.network.ServerGamePacketListenerImpl/]: Xplix issued server command: //copy
[07Dec2025 23:07:33.676] [Server thread/DEBUG] [org.enginehub.piston.impl.CommandParser/]: [17cfcmlqgbapd]: started parsing
[07Dec2025 23:07:33.676] [Server thread/DEBUG] [org.enginehub.piston.impl.CommandParser/]: [17cfcmlqgbapd]: Finished looking at arguments. Finalizing command.
[07Dec2025 23:07:35.185] [Async Chat Thread - #18/INFO] [net.minecraft.server.MinecraftServer/]: [Not Secure] <Xplix> ya
[07Dec2025 23:07:47.283] [Server thread/INFO] [net.minecraft.server.network.ServerGamePacketListenerImpl/]: Xplix issued server command: //paste
[07Dec2025 23:07:47.284] [Server thread/DEBUG] [org.enginehub.piston.impl.CommandParser/]: [1riup8ed3sxxq]: started parsing
[07Dec2025 23:07:47.284] [Server thread/DEBUG] [org.enginehub.piston.impl.CommandParser/]: [1riup8ed3sxxq]: Finished looking at arguments. Finalizing command.
[07Dec2025 23:07:50.785] [Server thread/INFO] [net.minecraft.server.network.ServerGamePacketListenerImpl/]: Xplix issued server command: /gamemode spectator
[07Dec2025 23:07:50.785] [Server thread/INFO] [net.minecraft.server.MinecraftServer/]: [Xplix: Set own game mode to Spectator Mode]
[07Dec2025 23:07:55.869] [Server thread/INFO] [net.minecraft.server.network.ServerGamePacketListenerImpl/]: Xplix issued server command: //undo
[07Dec2025 23:07:55.869] [Server thread/DEBUG] [org.enginehub.piston.impl.CommandParser/]: [1al58bdiavd14]: started parsing
[07Dec2025 23:07:55.869] [Server thread/DEBUG] [org.enginehub.piston.impl.CommandParser/]: [1al58bdiavd14]: Finished looking at arguments. Finalizing command.
[07Dec2025 23:07:57.991] [Server thread/INFO] [net.minecraft.server.network.ServerGamePacketListenerImpl/]: Xplix issued server command: /gamemode creative
[07Dec2025 23:07:57.991] [Server thread/INFO] [net.minecraft.server.MinecraftServer/]: [Xplix: Set own game mode to Creative Mode]
[07Dec2025 23:08:03.211] [Server thread/INFO] [net.minecraft.server.network.ServerGamePacketListenerImpl/]: Xplix issued server command: //paste
[07Dec2025 23:08:03.211] [Server thread/DEBUG] [org.enginehub.piston.impl.CommandParser/]: [1mnvwegmqbyu0]: started parsing
[07Dec2025 23:08:03.211] [Server thread/DEBUG] [org.enginehub.piston.impl.CommandParser/]: [1mnvwegmqbyu0]: Finished looking at arguments. Finalizing command.
[07Dec2025 23:08:05.779] [Server thread/INFO] [net.minecraft.server.network.ServerGamePacketListenerImpl/]: Xplix issued server command: //undo
[07Dec2025 23:08:05.779] [Server thread/DEBUG] [org.enginehub.piston.impl.CommandParser/]: [0l9h6y82yxnja]: started parsing
[07Dec2025 23:08:05.779] [Server thread/DEBUG] [org.enginehub.piston.impl.CommandParser/]: [0l9h6y82yxnja]: Finished looking at arguments. Finalizing command.
[07Dec2025 23:08:08.699] [Server thread/INFO] [net.minecraft.server.network.ServerGamePacketListenerImpl/]: Xplix issued server command: //paste
[07Dec2025 23:08:08.700] [Server thread/DEBUG] [org.enginehub.piston.impl.CommandParser/]: [0v6smf89i60fi]: started parsing
[07Dec2025 23:08:08.700] [Server thread/DEBUG] [org.enginehub.piston.impl.CommandParser/]: [0v6smf89i60fi]: Finished looking at arguments. Finalizing command.
[07Dec2025 23:08:17.574] [Server thread/INFO] [net.minecraft.server.network.ServerGamePacketListenerImpl/]: Xplix issued server command: //undo
[07Dec2025 23:08:17.574] [Server thread/DEBUG] [org.enginehub.piston.impl.CommandParser/]: [030qtqf0yanhf]: started parsing
[07Dec2025 23:08:17.574] [Server thread/DEBUG] [org.enginehub.piston.impl.CommandParser/]: [030qtqf0yanhf]: Finished looking at arguments. Finalizing command.
[07Dec2025 23:08:22.538] [Server thread/INFO] [net.minecraft.server.network.ServerGamePacketListenerImpl/]: Xplix issued server command: /gamemode spectator
[07Dec2025 23:08:22.539] [Server thread/INFO] [net.minecraft.server.MinecraftServer/]: [Xplix: Set own game mode to Spectator Mode]
[07Dec2025 23:08:25.776] [Async Chat Thread - #19/INFO] [net.minecraft.server.MinecraftServer/]: [Not Secure] <BasseeMC> haslos mas irregulares
[07Dec2025 23:08:26.744] [Async Chat Thread - #18/INFO] [net.minecraft.server.MinecraftServer/]: [Not Secure] <BasseeMC> maje
[07Dec2025 23:08:30.711] [Server thread/INFO] [net.minecraft.server.network.ServerGamePacketListenerImpl/]: Xplix issued server command: /gamemode creative
[07Dec2025 23:08:30.711] [Server thread/INFO] [net.minecraft.server.MinecraftServer/]: [Xplix: Set own game mode to Creative Mode]
[07Dec2025 23:08:34.044] [Async Chat Thread - #19/INFO] [net.minecraft.server.MinecraftServer/]: [Not Secure] <BasseeMC> ponlos en puntos aleatorios
[07Dec2025 23:08:35.237] [Server thread/INFO] [net.minecraft.server.network.ServerGamePacketListenerImpl/]: Xplix issued server command: /gamemode spectator
[07Dec2025 23:08:35.237] [Server thread/INFO] [net.minecraft.server.MinecraftServer/]: [Xplix: Set own game mode to Spectator Mode]
[07Dec2025 23:08:38.267] [Server thread/INFO] [net.minecraft.server.network.ServerGamePacketListenerImpl/]: Xplix issued server command: /gamemode creative
[07Dec2025 23:08:38.267] [Server thread/INFO] [net.minecraft.server.MinecraftServer/]: [Xplix: Set own game mode to Creative Mode]
[07Dec2025 23:08:40.689] [Async Chat Thread - #19/INFO] [net.minecraft.server.MinecraftServer/]: [Not Secure] <BasseeMC> para que el tunel no sea solo recto
[07Dec2025 23:08:45.241] [Server thread/INFO] [net.minecraft.server.network.ServerGamePacketListenerImpl/]: Xplix issued server command: //paste
[07Dec2025 23:08:45.242] [Server thread/DEBUG] [org.enginehub.piston.impl.CommandParser/]: [11x7ersm1b1gi]: started parsing
[07Dec2025 23:08:45.242] [Server thread/DEBUG] [org.enginehub.piston.impl.CommandParser/]: [11x7ersm1b1gi]: Finished looking at arguments. Finalizing command.
[07Dec2025 23:08:48.250] [Server thread/INFO] [net.minecraft.server.network.ServerGamePacketListenerImpl/]: Xplix issued server command: //undo
[07Dec2025 23:08:48.250] [Server thread/DEBUG] [org.enginehub.piston.impl.CommandParser/]: [0j23b9as5ap9x]: started parsing
[07Dec2025 23:08:48.250] [Server thread/DEBUG] [org.enginehub.piston.impl.CommandParser/]: [0j23b9as5ap9x]: Finished looking at arguments. Finalizing command.
[07Dec2025 23:08:50.326] [Server thread/INFO] [net.minecraft.server.network.ServerGamePacketListenerImpl/]: Xplix issued server command: //undo
[07Dec2025 23:08:50.327] [Server thread/DEBUG] [org.enginehub.piston.impl.CommandParser/]: [1gvjer1z83dxq]: started parsing
[07Dec2025 23:08:50.327] [Server thread/DEBUG] [org.enginehub.piston.impl.CommandParser/]: [1gvjer1z83dxq]: Finished looking at arguments. Finalizing command.
[07Dec2025 23:08:52.807] [Server thread/INFO] [net.minecraft.server.network.ServerGamePacketListenerImpl/]: Xplix issued server command: //paste
[07Dec2025 23:08:52.807] [Server thread/DEBUG] [org.enginehub.piston.impl.CommandParser/]: [1sjctw1mg7xkw]: started parsing
[07Dec2025 23:08:52.807] [Server thread/DEBUG] [org.enginehub.piston.impl.CommandParser/]: [1sjctw1mg7xkw]: Finished looking at arguments. Finalizing command.
[07Dec2025 23:08:55.133] [Server thread/INFO] [net.minecraft.server.network.ServerGamePacketListenerImpl/]: Xplix issued server command: /gamemode adventure
[07Dec2025 23:08:55.133] [Server thread/INFO] [net.minecraft.server.MinecraftServer/]: [Xplix: Set own game mode to Adventure Mode]
[07Dec2025 23:08:57.333] [Server thread/INFO] [net.minecraft.server.network.ServerGamePacketListenerImpl/]: Xplix issued server command: /gamemode spectator
[07Dec2025 23:08:57.333] [Server thread/INFO] [net.minecraft.server.MinecraftServer/]: [Xplix: Set own game mode to Spectator Mode]
[07Dec2025 23:08:58.129] [Server thread/DEBUG] [net.minecraftforge.common.ForgeHooks/WP]: Gathering id map for writing to world save Squid Alpaca Games
[07Dec2025 23:08:58.133] [Server thread/DEBUG] [net.minecraftforge.common.ForgeHooks/WP]: ID Map collection complete Squid Alpaca Games
[07Dec2025 23:09:05.759] [Server thread/INFO] [net.minecraft.server.network.ServerGamePacketListenerImpl/]: Xplix issued server command: //undo
[07Dec2025 23:09:05.760] [Server thread/DEBUG] [org.enginehub.piston.impl.CommandParser/]: [1v5fwj270xxvl]: started parsing
[07Dec2025 23:09:05.760] [Server thread/DEBUG] [org.enginehub.piston.impl.CommandParser/]: [1v5fwj270xxvl]: Finished looking at arguments. Finalizing command.
[07Dec2025 23:09:09.272] [Server thread/INFO] [net.minecraft.server.network.ServerGamePacketListenerImpl/]: Xplix issued server command: /gamemode creative
[07Dec2025 23:09:09.273] [Server thread/INFO] [net.minecraft.server.MinecraftServer/]: [Xplix: Set own game mode to Creative Mode]
[07Dec2025 23:09:19.825] [Async Chat Thread - #18/INFO] [net.minecraft.server.MinecraftServer/]: [Not Secure] <Xplix> que paso
[07Dec2025 23:09:34.497] [Server thread/INFO] [net.minecraft.server.network.ServerGamePacketListenerImpl/]: Xplix issued server command: //copy
[07Dec2025 23:09:34.498] [Server thread/DEBUG] [org.enginehub.piston.impl.CommandParser/]: [04xt7pze3dvjn]: started parsing
[07Dec2025 23:09:34.498] [Server thread/DEBUG] [org.enginehub.piston.impl.CommandParser/]: [04xt7pze3dvjn]: Finished looking at arguments. Finalizing command.
[07Dec2025 23:09:41.822] [Server thread/INFO] [net.minecraft.server.network.ServerGamePacketListenerImpl/]: Xplix issued server command: //paste
[07Dec2025 23:09:41.823] [Server thread/DEBUG] [org.enginehub.piston.impl.CommandParser/]: [0fn17ogiloabq]: started parsing
[07Dec2025 23:09:41.823] [Server thread/DEBUG] [org.enginehub.piston.impl.CommandParser/]: [0fn17ogiloabq]: Finished looking at arguments. Finalizing command.
[07Dec2025 23:09:46.345] [Server thread/INFO] [net.minecraft.server.network.ServerGamePacketListenerImpl/]: Xplix issued server command: //undo
[07Dec2025 23:09:46.345] [Server thread/DEBUG] [org.enginehub.piston.impl.CommandParser/]: [0h4fz8w2lrbfc]: started parsing
[07Dec2025 23:09:46.345] [Server thread/DEBUG] [org.enginehub.piston.impl.CommandParser/]: [0h4fz8w2lrbfc]: Finished looking at arguments. Finalizing command.
[07Dec2025 23:09:55.665] [Server thread/INFO] [net.minecraft.server.network.ServerGamePacketListenerImpl/]: Xplix issued server command: //paste
[07Dec2025 23:09:55.666] [Server thread/DEBUG] [org.enginehub.piston.impl.CommandParser/]: [10m62nezd74v2]: started parsing
[07Dec2025 23:09:55.666] [Server thread/DEBUG] [org.enginehub.piston.impl.CommandParser/]: [10m62nezd74v2]: Finished looking at arguments. Finalizing command.
[07Dec2025 23:09:57.905] [Server thread/INFO] [net.minecraft.server.network.ServerGamePacketListenerImpl/]: Xplix issued server command: //undo
[07Dec2025 23:09:57.905] [Server thread/DEBUG] [org.enginehub.piston.impl.CommandParser/]: [0w7tpumigrfry]: started parsing
[07Dec2025 23:09:57.905] [Server thread/DEBUG] [org.enginehub.piston.impl.CommandParser/]: [0w7tpumigrfry]: Finished looking at arguments. Finalizing command.
[07Dec2025 23:10:00.458] [Server thread/INFO] [net.minecraft.server.network.ServerGamePacketListenerImpl/]: Xplix issued server command: //paste
[07Dec2025 23:10:00.458] [Server thread/DEBUG] [org.enginehub.piston.impl.CommandParser/]: [0urkzbchvoq4v]: started parsing
[07Dec2025 23:10:00.458] [Server thread/DEBUG] [org.enginehub.piston.impl.CommandParser/]: [0urkzbchvoq4v]: Finished looking at arguments. Finalizing command.
[07Dec2025 23:10:02.154] [Server thread/INFO] [net.minecraft.server.network.ServerGamePacketListenerImpl/]: Xplix issued server command: //undo
[07Dec2025 23:10:02.154] [Server thread/DEBUG] [org.enginehub.piston.impl.CommandParser/]: [0svxtengy3uoa]: started parsing
[07Dec2025 23:10:02.154] [Server thread/DEBUG] [org.enginehub.piston.impl.CommandParser/]: [0svxtengy3uoa]: Finished looking at arguments. Finalizing command.
[07Dec2025 23:10:04.446] [Server thread/INFO] [net.minecraft.server.network.ServerGamePacketListenerImpl/]: Xplix issued server command: //paste
[07Dec2025 23:10:04.446] [Server thread/DEBUG] [org.enginehub.piston.impl.CommandParser/]: [0ihnvmqc5gimw]: started parsing
[07Dec2025 23:10:04.446] [Server thread/DEBUG] [org.enginehub.piston.impl.CommandParser/]: [0ihnvmqc5gimw]: Finished looking at arguments. Finalizing command.
[07Dec2025 23:10:07.633] [Server thread/INFO] [net.minecraft.server.network.ServerGamePacketListenerImpl/]: Xplix issued server command: //undo
[07Dec2025 23:10:07.633] [Server thread/DEBUG] [org.enginehub.piston.impl.CommandParser/]: [0zhhuwycm9x6m]: started parsing
[07Dec2025 23:10:07.633] [Server thread/DEBUG] [org.enginehub.piston.impl.CommandParser/]: [0zhhuwycm9x6m]: Finished looking at arguments. Finalizing command.
[07Dec2025 23:10:16.946] [Server thread/INFO] [net.minecraft.server.network.ServerGamePacketListenerImpl/]: Xplix issued server command: //paste
[07Dec2025 23:10:16.947] [Server thread/DEBUG] [org.enginehub.piston.impl.CommandParser/]: [1qpma14ow7v5a]: started parsing
[07Dec2025 23:10:16.947] [Server thread/DEBUG] [org.enginehub.piston.impl.CommandParser/]: [1qpma14ow7v5a]: Finished looking at arguments. Finalizing command.
[07Dec2025 23:10:20.501] [Server thread/INFO] [net.minecraft.server.network.ServerGamePacketListenerImpl/]: Xplix issued server command: //undo
[07Dec2025 23:10:20.502] [Server thread/DEBUG] [org.enginehub.piston.impl.CommandParser/]: [0v8c5cd5lkyrv]: started parsing
[07Dec2025 23:10:20.502] [Server thread/DEBUG] [org.enginehub.piston.impl.CommandParser/]: [0v8c5cd5lkyrv]: Finished looking at arguments. Finalizing command.
[07Dec2025 23:10:31.732] [Server thread/INFO] [net.minecraft.server.network.ServerGamePacketListenerImpl/]: Xplix issued server command: //paste
[07Dec2025 23:10:31.733] [Server thread/DEBUG] [org.enginehub.piston.impl.CommandParser/]: [1jxjqg67rcjqf]: started parsing
[07Dec2025 23:10:31.733] [Server thread/DEBUG] [org.enginehub.piston.impl.CommandParser/]: [1jxjqg67rcjqf]: Finished looking at arguments. Finalizing command.
[07Dec2025 23:10:37.689] [Server thread/INFO] [net.minecraft.server.network.ServerGamePacketListenerImpl/]: Xplix issued server command: //undo
[07Dec2025 23:10:37.690] [Server thread/DEBUG] [org.enginehub.piston.impl.CommandParser/]: [0tybcllq4cde4]: started parsing
[07Dec2025 23:10:37.690] [Server thread/DEBUG] [org.enginehub.piston.impl.CommandParser/]: [0tybcllq4cde4]: Finished looking at arguments. Finalizing command.
[07Dec2025 23:10:41.803] [Server thread/INFO] [net.minecraft.server.network.ServerGamePacketListenerImpl/]: Xplix issued server command: //paste
[07Dec2025 23:10:41.804] [Server thread/DEBUG] [org.enginehub.piston.impl.CommandParser/]: [0c3yrtuivwe0u]: started parsing
[07Dec2025 23:10:41.804] [Server thread/DEBUG] [org.enginehub.piston.impl.CommandParser/]: [0c3yrtuivwe0u]: Finished looking at arguments. Finalizing command.
[07Dec2025 23:10:51.403] [Server thread/INFO] [net.minecraft.server.network.ServerGamePacketListenerImpl/]: Xplix issued server command: //paste
[07Dec2025 23:10:51.404] [Server thread/DEBUG] [org.enginehub.piston.impl.CommandParser/]: [1qjss4lpb2hxv]: started parsing
[07Dec2025 23:10:51.404] [Server thread/DEBUG] [org.enginehub.piston.impl.CommandParser/]: [1qjss4lpb2hxv]: Finished looking at arguments. Finalizing command.
[07Dec2025 23:11:02.468] [Server thread/INFO] [net.minecraft.server.network.ServerGamePacketListenerImpl/]: BasseeMC issued server command: /gamemode adventure
[07Dec2025 23:11:02.469] [Server thread/INFO] [net.minecraft.server.MinecraftServer/]: [BasseeMC: Set own game mode to Adventure Mode]
[07Dec2025 23:11:14.259] [Async Chat Thread - #21/INFO] [net.minecraft.server.MinecraftServer/]: [Not Secure] <Xplix> cuantas picinas?
[07Dec2025 23:11:21.194] [Server thread/INFO] [net.minecraft.server.network.ServerGamePacketListenerImpl/]: Xplix issued server command: //paste
[07Dec2025 23:11:21.195] [Server thread/DEBUG] [org.enginehub.piston.impl.CommandParser/]: [1ivsxuu9l0mlg]: started parsing
[07Dec2025 23:11:21.195] [Server thread/DEBUG] [org.enginehub.piston.impl.CommandParser/]: [1ivsxuu9l0mlg]: Finished looking at arguments. Finalizing command.
[07Dec2025 23:11:22.441] [Server thread/INFO] [net.minecraft.server.network.ServerGamePacketListenerImpl/]: BasseeMC issued server command: /gamemode creative
[07Dec2025 23:11:22.441] [Server thread/INFO] [net.minecraft.server.MinecraftServer/]: [BasseeMC: Set own game mode to Creative Mode]
[07Dec2025 23:11:25.950] [Server thread/INFO] [net.minecraft.server.network.ServerGamePacketListenerImpl/]: Xplix issued server command: //undo
[07Dec2025 23:11:25.951] [Server thread/DEBUG] [org.enginehub.piston.impl.CommandParser/]: [0bknr94c451qz]: started parsing
[07Dec2025 23:11:25.951] [Server thread/DEBUG] [org.enginehub.piston.impl.CommandParser/]: [0bknr94c451qz]: Finished looking at arguments. Finalizing command.
[07Dec2025 23:11:32.407] [Async Chat Thread - #21/INFO] [net.minecraft.server.MinecraftServer/]: [Not Secure] <BasseeMC> 3 mas
[07Dec2025 23:11:53.405] [Server thread/INFO] [net.minecraft.server.network.ServerGamePacketListenerImpl/]: Xplix issued server command: //paste
[07Dec2025 23:11:53.405] [Server thread/DEBUG] [org.enginehub.piston.impl.CommandParser/]: [01yzetdzcvhpm]: started parsing
[07Dec2025 23:11:53.405] [Server thread/DEBUG] [org.enginehub.piston.impl.CommandParser/]: [01yzetdzcvhpm]: Finished looking at arguments. Finalizing command.
[07Dec2025 23:12:05.676] [Server thread/INFO] [net.minecraft.server.network.ServerGamePacketListenerImpl/]: Xplix issued server command: //paste
[07Dec2025 23:12:05.677] [Server thread/DEBUG] [org.enginehub.piston.impl.CommandParser/]: [0p2yz7k3xa9pc]: started parsing
[07Dec2025 23:12:05.677] [Server thread/DEBUG] [org.enginehub.piston.impl.CommandParser/]: [0p2yz7k3xa9pc]: Finished looking at arguments. Finalizing command.
[07Dec2025 23:12:10.474] [Server thread/INFO] [net.minecraft.server.network.ServerGamePacketListenerImpl/]: Xplix issued server command: //undo
[07Dec2025 23:12:10.475] [Server thread/DEBUG] [org.enginehub.piston.impl.CommandParser/]: [0o802crr227zl]: started parsing
[07Dec2025 23:12:10.475] [Server thread/DEBUG] [org.enginehub.piston.impl.CommandParser/]: [0o802crr227zl]: Finished looking at arguments. Finalizing command.
[07Dec2025 23:12:14.590] [Server thread/INFO] [net.minecraft.server.network.ServerGamePacketListenerImpl/]: Xplix issued server command: //paste
[07Dec2025 23:12:14.591] [Server thread/DEBUG] [org.enginehub.piston.impl.CommandParser/]: [11g4v0fadk1b3]: started parsing
[07Dec2025 23:12:14.591] [Server thread/DEBUG] [org.enginehub.piston.impl.CommandParser/]: [11g4v0fadk1b3]: Finished looking at arguments. Finalizing command.
[07Dec2025 23:12:26.174] [Async Chat Thread - #22/INFO] [net.minecraft.server.MinecraftServer/]: [Not Secure] <BasseeMC> ahora hay que conectarlas todas
[07Dec2025 23:12:26.685] [Server thread/INFO] [net.minecraft.server.network.ServerGamePacketListenerImpl/]: Xplix issued server command: //paste
[07Dec2025 23:12:26.686] [Server thread/DEBUG] [org.enginehub.piston.impl.CommandParser/]: [07r4iwu6mp3mq]: started parsing
[07Dec2025 23:12:26.686] [Server thread/DEBUG] [org.enginehub.piston.impl.CommandParser/]: [07r4iwu6mp3mq]: Finished looking at arguments. Finalizing command.
[07Dec2025 23:12:35.190] [Async Chat Thread - #22/INFO] [net.minecraft.server.MinecraftServer/]: [Not Secure] <Xplix> listo
[07Dec2025 23:12:58.472] [Async Chat Thread - #21/INFO] [net.minecraft.server.MinecraftServer/]: [Not Secure] <Xplix> hago los tubtuos
[07Dec2025 23:13:01.452] [Async Chat Thread - #22/INFO] [net.minecraft.server.MinecraftServer/]: [Not Secure] <BasseeMC> si
[07Dec2025 23:13:04.471] [Async Chat Thread - #21/INFO] [net.minecraft.server.MinecraftServer/]: [Not Secure] <Xplix> ok
[07Dec2025 23:13:04.685] [Async Chat Thread - #22/INFO] [net.minecraft.server.MinecraftServer/]: [Not Secure] <BasseeMC> ven a ayudarme
[07Dec2025 23:13:57.855] [Server thread/DEBUG] [net.minecraftforge.common.ForgeHooks/WP]: Gathering id map for writing to world save Squid Alpaca Games
[07Dec2025 23:13:57.860] [Server thread/DEBUG] [net.minecraftforge.common.ForgeHooks/WP]: ID Map collection complete Squid Alpaca Games
[07Dec2025 23:14:22.844] [Async Chat Thread - #24/INFO] [net.minecraft.server.MinecraftServer/]: [Not Secure] <BasseeMC> creo que es mejor que no sea con vidrio
[07Dec2025 23:14:24.804] [Server thread/DEBUG] [org.enginehub.piston.impl.CommandParser/]: [16q8mmbobes4s]: started parsing
[07Dec2025 23:14:24.804] [Server thread/DEBUG] [org.enginehub.piston.impl.CommandParser/]: [16q8mmbobes4s]: Consuming argument ``
[07Dec2025 23:14:25.497] [Server thread/DEBUG] [org.enginehub.piston.impl.CommandParser/]: [0w3322t4jxt4r]: started parsing
[07Dec2025 23:14:25.497] [Server thread/DEBUG] [org.enginehub.piston.impl.CommandParser/]: [0w3322t4jxt4r]: Consuming argument `g`
[07Dec2025 23:14:25.637] [Server thread/DEBUG] [org.enginehub.piston.impl.CommandParser/]: [0ru9kx80qsozr]: started parsing
[07Dec2025 23:14:25.637] [Server thread/DEBUG] [org.enginehub.piston.impl.CommandParser/]: [0ru9kx80qsozr]: Consuming argument `ga`
[07Dec2025 23:14:25.788] [Server thread/DEBUG] [org.enginehub.piston.impl.CommandParser/]: [1bx7w5kar49lx]: started parsing
[07Dec2025 23:14:25.788] [Server thread/DEBUG] [org.enginehub.piston.impl.CommandParser/]: [1bx7w5kar49lx]: Consuming argument `gal`
[07Dec2025 23:14:25.937] [Server thread/DEBUG] [org.enginehub.piston.impl.CommandParser/]: [0wx9iswjgsn95]: started parsing
[07Dec2025 23:14:25.937] [Server thread/DEBUG] [org.enginehub.piston.impl.CommandParser/]: [0wx9iswjgsn95]: Consuming argument `gals`
[07Dec2025 23:14:26.132] [Server thread/DEBUG] [org.enginehub.piston.impl.CommandParser/]: [1r7y307jiutu3]: started parsing
[07Dec2025 23:14:26.132] [Server thread/DEBUG] [org.enginehub.piston.impl.CommandParser/]: [1r7y307jiutu3]: Consuming argument `gal`
[07Dec2025 23:14:26.302] [Server thread/DEBUG] [org.enginehub.piston.impl.CommandParser/]: [0l79k7imw6jr3]: started parsing
[07Dec2025 23:14:26.302] [Server thread/DEBUG] [org.enginehub.piston.impl.CommandParser/]: [0l79k7imw6jr3]: Consuming argument `ga`
[07Dec2025 23:14:26.464] [Server thread/DEBUG] [org.enginehub.piston.impl.CommandParser/]: [11dwmf55u2y5b]: started parsing
[07Dec2025 23:14:26.464] [Server thread/DEBUG] [org.enginehub.piston.impl.CommandParser/]: [11dwmf55u2y5b]: Consuming argument `g`
[07Dec2025 23:14:26.717] [Server thread/DEBUG] [org.enginehub.piston.impl.CommandParser/]: [1llsomuvxzidt]: started parsing
[07Dec2025 23:14:26.717] [Server thread/DEBUG] [org.enginehub.piston.impl.CommandParser/]: [1llsomuvxzidt]: Consuming argument `gl`
[07Dec2025 23:14:26.875] [Server thread/DEBUG] [org.enginehub.piston.impl.CommandParser/]: [0mcuewn31auib]: started parsing
[07Dec2025 23:14:26.875] [Server thread/DEBUG] [org.enginehub.piston.impl.CommandParser/]: [0mcuewn31auib]: Consuming argument `gls`
[07Dec2025 23:14:27.623] [Server thread/DEBUG] [org.enginehub.piston.impl.CommandParser/]: [0lc070t29bp8h]: started parsing
[07Dec2025 23:14:27.623] [Server thread/DEBUG] [org.enginehub.piston.impl.CommandParser/]: [0lc070t29bp8h]: Consuming argument `gl`
[07Dec2025 23:14:27.890] [Server thread/DEBUG] [org.enginehub.piston.impl.CommandParser/]: [0onec63a6gayq]: started parsing
[07Dec2025 23:14:27.890] [Server thread/DEBUG] [org.enginehub.piston.impl.CommandParser/]: [0onec63a6gayq]: Consuming argument `gla`
[07Dec2025 23:14:28.091] [Server thread/DEBUG] [org.enginehub.piston.impl.CommandParser/]: [1jjxu19oq5y5t]: started parsing
[07Dec2025 23:14:28.091] [Server thread/DEBUG] [org.enginehub.piston.impl.CommandParser/]: [1jjxu19oq5y5t]: Consuming argument `glas`
[07Dec2025 23:14:28.402] [Server thread/DEBUG] [org.enginehub.piston.impl.CommandParser/]: [0tialasgrbiq5]: started parsing
[07Dec2025 23:14:28.402] [Server thread/DEBUG] [org.enginehub.piston.impl.CommandParser/]: [0tialasgrbiq5]: Consuming argument `glass`
[07Dec2025 23:14:28.402] [Server thread/DEBUG] [org.enginehub.piston.impl.CommandParser/]: [0tialasgrbiq5]: Finished looking at arguments. Finalizing command.
[07Dec2025 23:14:28.870] [Server thread/DEBUG] [org.enginehub.piston.impl.CommandParser/]: [0gtw81nd5kb5r]: started parsing
[07Dec2025 23:14:28.870] [Server thread/DEBUG] [org.enginehub.piston.impl.CommandParser/]: [0gtw81nd5kb5r]: Consuming argument `glass`
[07Dec2025 23:14:28.870] [Server thread/DEBUG] [org.enginehub.piston.impl.CommandParser/]: [0gtw81nd5kb5r]: Consuming argument ``
[07Dec2025 23:14:28.870] [Server thread/DEBUG] [org.enginehub.piston.impl.CommandParser/]: [0gtw81nd5kb5r]: parseRegularArgument: no arguments to attempt matching
[07Dec2025 23:14:29.155] [Server thread/INFO] [net.minecraft.server.network.ServerGamePacketListenerImpl/]: Xplix issued server command: //set glass
[07Dec2025 23:14:29.155] [Server thread/DEBUG] [org.enginehub.piston.impl.CommandParser/]: [1lrndaolvpfzt]: started parsing
[07Dec2025 23:14:29.155] [Server thread/DEBUG] [org.enginehub.piston.impl.CommandParser/]: [1lrndaolvpfzt]: Consuming argument `glass`
[07Dec2025 23:14:29.155] [Server thread/DEBUG] [org.enginehub.piston.impl.CommandParser/]: [1lrndaolvpfzt]: Finished looking at arguments. Finalizing command.
[07Dec2025 23:14:31.015] [Server thread/INFO] [net.minecraft.server.network.ServerGamePacketListenerImpl/]: Xplix issued server command: /gamemode spectator
[07Dec2025 23:14:31.016] [Server thread/INFO] [net.minecraft.server.MinecraftServer/]: [Xplix: Set own game mode to Spectator Mode]
[07Dec2025 23:14:32.937] [Async Chat Thread - #23/INFO] [net.minecraft.server.MinecraftServer/]: [Not Secure] <BasseeMC> pq habria que hacer mas trabajo
[07Dec2025 23:14:33.591] [Server thread/INFO] [net.minecraft.server.network.ServerGamePacketListenerImpl/]: Xplix issued server command: /gamemode creative
[07Dec2025 23:14:33.591] [Server thread/INFO] [net.minecraft.server.MinecraftServer/]: [Xplix: Set own game mode to Creative Mode]
[07Dec2025 23:14:47.138] [Async Chat Thread - #24/INFO] [net.minecraft.server.MinecraftServer/]: [Not Secure] <BasseeMC> la idea es que sean como toboganes
[07Dec2025 23:15:01.548] [Async Chat Thread - #23/INFO] [net.minecraft.server.MinecraftServer/]: [Not Secure] <BasseeMC> maje
[07Dec2025 23:15:06.415] [Server thread/DEBUG] [org.enginehub.piston.impl.CommandParser/]: [1wug8g3xv616j]: started parsing
[07Dec2025 23:15:06.415] [Server thread/DEBUG] [org.enginehub.piston.impl.CommandParser/]: [1wug8g3xv616j]: Consuming argument `glass`
[07Dec2025 23:15:06.415] [Server thread/DEBUG] [org.enginehub.piston.impl.CommandParser/]: [1wug8g3xv616j]: Finished looking at arguments. Finalizing command.
[07Dec2025 23:15:06.415] [Server thread/DEBUG] [org.enginehub.piston.impl.CommandParser/]: [0t9ttpbjdhcbo]: started parsing
[07Dec2025 23:15:06.415] [Server thread/DEBUG] [org.enginehub.piston.impl.CommandParser/]: [0t9ttpbjdhcbo]: Consuming argument `glass`
[07Dec2025 23:15:06.415] [Server thread/DEBUG] [org.enginehub.piston.impl.CommandParser/]: [0t9ttpbjdhcbo]: Finished looking at arguments. Finalizing command.
[07Dec2025 23:15:07.047] [Server thread/DEBUG] [org.enginehub.piston.impl.CommandParser/]: [0ghaaecghfiqy]: started parsing
[07Dec2025 23:15:07.047] [Server thread/DEBUG] [org.enginehub.piston.impl.CommandParser/]: [0ghaaecghfiqy]: Consuming argument `glas`
[07Dec2025 23:15:07.198] [Server thread/DEBUG] [org.enginehub.piston.impl.CommandParser/]: [043vzrt1o1tsd]: started parsing
[07Dec2025 23:15:07.199] [Server thread/DEBUG] [org.enginehub.piston.impl.CommandParser/]: [043vzrt1o1tsd]: Consuming argument `gla`
[07Dec2025 23:15:07.352] [Server thread/DEBUG] [org.enginehub.piston.impl.CommandParser/]: [1cjn5729tqaya]: started parsing
[07Dec2025 23:15:07.352] [Server thread/DEBUG] [org.enginehub.piston.impl.CommandParser/]: [1cjn5729tqaya]: Consuming argument `gl`
[07Dec2025 23:15:07.510] [Server thread/DEBUG] [org.enginehub.piston.impl.CommandParser/]: [1aoiyl1z0rgpy]: started parsing
[07Dec2025 23:15:07.510] [Server thread/DEBUG] [org.enginehub.piston.impl.CommandParser/]: [1aoiyl1z0rgpy]: Consuming argument `g`
[07Dec2025 23:15:07.833] [Server thread/DEBUG] [org.enginehub.piston.impl.CommandParser/]: [1jckdlzvtkua5]: started parsing
[07Dec2025 23:15:07.833] [Server thread/DEBUG] [org.enginehub.piston.impl.CommandParser/]: [1jckdlzvtkua5]: Consuming argument ``
[07Dec2025 23:15:08.017] [Server thread/DEBUG] [org.enginehub.piston.impl.CommandParser/]: [1452yzwvvlees]: started parsing
[07Dec2025 23:15:08.017] [Server thread/DEBUG] [org.enginehub.piston.impl.CommandParser/]: [1452yzwvvlees]: Consuming argument `a`
[07Dec2025 23:15:08.210] [Server thread/DEBUG] [org.enginehub.piston.impl.CommandParser/]: [0fih1rskan005]: started parsing
[07Dec2025 23:15:08.210] [Server thread/DEBUG] [org.enginehub.piston.impl.CommandParser/]: [0fih1rskan005]: Consuming argument `ai`
[07Dec2025 23:15:08.450] [Server thread/DEBUG] [org.enginehub.piston.impl.CommandParser/]: [1d0yjhuwaokfe]: started parsing
[07Dec2025 23:15:08.450] [Server thread/DEBUG] [org.enginehub.piston.impl.CommandParser/]: [1d0yjhuwaokfe]: Consuming argument `air`
[07Dec2025 23:15:08.451] [Server thread/DEBUG] [org.enginehub.piston.impl.CommandParser/]: [1d0yjhuwaokfe]: Finished looking at arguments. Finalizing command.
[07Dec2025 23:15:08.731] [Server thread/INFO] [net.minecraft.server.network.ServerGamePacketListenerImpl/]: Xplix issued server command: //set air
[07Dec2025 23:15:08.731] [Server thread/DEBUG] [org.enginehub.piston.impl.CommandParser/]: [03yawajo9yozk]: started parsing
[07Dec2025 23:15:08.731] [Server thread/DEBUG] [org.enginehub.piston.impl.CommandParser/]: [03yawajo9yozk]: Consuming argument `air`
[07Dec2025 23:15:08.731] [Server thread/DEBUG] [org.enginehub.piston.impl.CommandParser/]: [03yawajo9yozk]: Finished looking at arguments. Finalizing command.
[07Dec2025 23:15:48.247] [Server thread/INFO] [net.minecraft.server.network.ServerGamePacketListenerImpl/]: BasseeMC issued server command: /gamemode spectator
[07Dec2025 23:15:48.248] [Server thread/INFO] [net.minecraft.server.MinecraftServer/]: [BasseeMC: Set own game mode to Spectator Mode]
[07Dec2025 23:16:27.477] [Server thread/INFO] [net.minecraft.server.network.ServerGamePacketListenerImpl/]: BasseeMC issued server command: /gamemode adventure
[07Dec2025 23:16:27.478] [Server thread/INFO] [net.minecraft.server.MinecraftServer/]: [BasseeMC: Set own game mode to Adventure Mode]
[07Dec2025 23:16:30.761] [Server thread/INFO] [net.minecraft.server.network.ServerGamePacketListenerImpl/]: BasseeMC issued server command: /gamemode creative
[07Dec2025 23:16:30.761] [Server thread/INFO] [net.minecraft.server.MinecraftServer/]: [BasseeMC: Set own game mode to Creative Mode]
[07Dec2025 23:16:33.047] [Server thread/INFO] [net.minecraft.server.network.ServerGamePacketListenerImpl/]: BasseeMC issued server command: /gamemode adventure
[07Dec2025 23:16:33.047] [Server thread/INFO] [net.minecraft.server.MinecraftServer/]: [BasseeMC: Set own game mode to Adventure Mode]
[07Dec2025 23:16:34.945] [Server thread/INFO] [net.minecraft.server.network.ServerGamePacketListenerImpl/]: BasseeMC issued server command: /gamemode spectator
[07Dec2025 23:16:34.946] [Server thread/INFO] [net.minecraft.server.MinecraftServer/]: [BasseeMC: Set own game mode to Spectator Mode]
[07Dec2025 23:16:40.585] [Server thread/INFO] [net.minecraft.server.network.ServerGamePacketListenerImpl/]: BasseeMC issued server command: /gamemode creative
[07Dec2025 23:16:40.586] [Server thread/INFO] [net.minecraft.server.MinecraftServer/]: [BasseeMC: Set own game mode to Creative Mode]
[07Dec2025 23:16:57.522] [Server thread/DEBUG] [org.enginehub.piston.impl.CommandParser/]: [0y0csju13jv84]: started parsing
[07Dec2025 23:16:57.522] [Server thread/DEBUG] [org.enginehub.piston.impl.CommandParser/]: [0y0csju13jv84]: Consuming argument `air`
[07Dec2025 23:16:57.522] [Server thread/DEBUG] [org.enginehub.piston.impl.CommandParser/]: [0y0csju13jv84]: Finished looking at arguments. Finalizing command.
[07Dec2025 23:16:57.523] [Server thread/DEBUG] [org.enginehub.piston.impl.CommandParser/]: [0hkwl0m60qm7z]: started parsing
[07Dec2025 23:16:57.523] [Server thread/DEBUG] [org.enginehub.piston.impl.CommandParser/]: [0hkwl0m60qm7z]: Consuming argument `air`
[07Dec2025 23:16:57.523] [Server thread/DEBUG] [org.enginehub.piston.impl.CommandParser/]: [0hkwl0m60qm7z]: Finished looking at arguments. Finalizing command.
[07Dec2025 23:16:58.030] [Server thread/DEBUG] [org.enginehub.piston.impl.CommandParser/]: [03009swvx3a46]: started parsing
[07Dec2025 23:16:58.030] [Server thread/DEBUG] [org.enginehub.piston.impl.CommandParser/]: [03009swvx3a46]: Consuming argument `glass`
[07Dec2025 23:16:58.030] [Server thread/DEBUG] [org.enginehub.piston.impl.CommandParser/]: [03009swvx3a46]: Finished looking at arguments. Finalizing command.
[07Dec2025 23:16:58.030] [Server thread/DEBUG] [org.enginehub.piston.impl.CommandParser/]: [19smas5lnk2b0]: started parsing
[07Dec2025 23:16:58.030] [Server thread/DEBUG] [org.enginehub.piston.impl.CommandParser/]: [19smas5lnk2b0]: Consuming argument `glass`
[07Dec2025 23:16:58.031] [Server thread/DEBUG] [org.enginehub.piston.impl.CommandParser/]: [19smas5lnk2b0]: Finished looking at arguments. Finalizing command.
[07Dec2025 23:16:58.587] [Server thread/INFO] [net.minecraft.server.network.ServerGamePacketListenerImpl/]: Xplix issued server command: //set glass
[07Dec2025 23:16:58.588] [Server thread/DEBUG] [org.enginehub.piston.impl.CommandParser/]: [02uuok5yh3z2g]: started parsing
[07Dec2025 23:16:58.588] [Server thread/DEBUG] [org.enginehub.piston.impl.CommandParser/]: [02uuok5yh3z2g]: Consuming argument `glass`
[07Dec2025 23:16:58.588] [Server thread/DEBUG] [org.enginehub.piston.impl.CommandParser/]: [02uuok5yh3z2g]: Finished looking at arguments. Finalizing command.
[07Dec2025 23:17:02.825] [Server thread/DEBUG] [org.enginehub.piston.impl.CommandParser/]: [1htybn4rse0xj]: started parsing
[07Dec2025 23:17:02.825] [Server thread/DEBUG] [org.enginehub.piston.impl.CommandParser/]: [1htybn4rse0xj]: Consuming argument `glass`
[07Dec2025 23:17:02.825] [Server thread/DEBUG] [org.enginehub.piston.impl.CommandParser/]: [1htybn4rse0xj]: Finished looking at arguments. Finalizing command.
[07Dec2025 23:17:02.826] [Server thread/DEBUG] [org.enginehub.piston.impl.CommandParser/]: [18y1j7qjldppe]: started parsing
[07Dec2025 23:17:02.826] [Server thread/DEBUG] [org.enginehub.piston.impl.CommandParser/]: [18y1j7qjldppe]: Consuming argument `glass`
[07Dec2025 23:17:02.826] [Server thread/DEBUG] [org.enginehub.piston.impl.CommandParser/]: [18y1j7qjldppe]: Finished looking at arguments. Finalizing command.
[07Dec2025 23:17:03.194] [Server thread/INFO] [net.minecraft.server.network.ServerGamePacketListenerImpl/]: Xplix issued server command: //set glass
[07Dec2025 23:17:03.195] [Server thread/DEBUG] [org.enginehub.piston.impl.CommandParser/]: [1xi7owuwcnryv]: started parsing
[07Dec2025 23:17:03.195] [Server thread/DEBUG] [org.enginehub.piston.impl.CommandParser/]: [1xi7owuwcnryv]: Consuming argument `glass`
[07Dec2025 23:17:03.195] [Server thread/DEBUG] [org.enginehub.piston.impl.CommandParser/]: [1xi7owuwcnryv]: Finished looking at arguments. Finalizing command.
[07Dec2025 23:17:09.060] [Server thread/DEBUG] [org.enginehub.piston.impl.CommandParser/]: [01upcuz9s248i]: started parsing
[07Dec2025 23:17:09.060] [Server thread/DEBUG] [org.enginehub.piston.impl.CommandParser/]: [01upcuz9s248i]: Consuming argument `glass`
[07Dec2025 23:17:09.060] [Server thread/DEBUG] [org.enginehub.piston.impl.CommandParser/]: [01upcuz9s248i]: Finished looking at arguments. Finalizing command.
[07Dec2025 23:17:09.061] [Server thread/DEBUG] [org.enginehub.piston.impl.CommandParser/]: [19wy1uc13fer5]: started parsing
[07Dec2025 23:17:09.061] [Server thread/DEBUG] [org.enginehub.piston.impl.CommandParser/]: [19wy1uc13fer5]: Consuming argument `glass`
[07Dec2025 23:17:09.061] [Server thread/DEBUG] [org.enginehub.piston.impl.CommandParser/]: [19wy1uc13fer5]: Finished looking at arguments. Finalizing command.
[07Dec2025 23:17:09.364] [Server thread/INFO] [net.minecraft.server.network.ServerGamePacketListenerImpl/]: Xplix issued server command: //set glass
[07Dec2025 23:17:09.364] [Server thread/DEBUG] [org.enginehub.piston.impl.CommandParser/]: [0s9wnaubcnfrt]: started parsing
[07Dec2025 23:17:09.364] [Server thread/DEBUG] [org.enginehub.piston.impl.CommandParser/]: [0s9wnaubcnfrt]: Consuming argument `glass`
[07Dec2025 23:17:09.364] [Server thread/DEBUG] [org.enginehub.piston.impl.CommandParser/]: [0s9wnaubcnfrt]: Finished looking at arguments. Finalizing command.
[07Dec2025 23:17:14.390] [Server thread/DEBUG] [org.enginehub.piston.impl.CommandParser/]: [1xw1rrehvdekz]: started parsing
[07Dec2025 23:17:14.390] [Server thread/DEBUG] [org.enginehub.piston.impl.CommandParser/]: [1xw1rrehvdekz]: Consuming argument `glass`
[07Dec2025 23:17:14.390] [Server thread/DEBUG] [org.enginehub.piston.impl.CommandParser/]: [1xw1rrehvdekz]: Finished looking at arguments. Finalizing command.
[07Dec2025 23:17:14.390] [Server thread/DEBUG] [org.enginehub.piston.impl.CommandParser/]: [1nn1ggwg16gva]: started parsing
[07Dec2025 23:17:14.390] [Server thread/DEBUG] [org.enginehub.piston.impl.CommandParser/]: [1nn1ggwg16gva]: Consuming argument `glass`
[07Dec2025 23:17:14.390] [Server thread/DEBUG] [org.enginehub.piston.impl.CommandParser/]: [1nn1ggwg16gva]: Finished looking at arguments. Finalizing command.
[07Dec2025 23:17:15.009] [Server thread/DEBUG] [org.enginehub.piston.impl.CommandParser/]: [1h6svgun1favx]: started parsing
[07Dec2025 23:17:15.009] [Server thread/DEBUG] [org.enginehub.piston.impl.CommandParser/]: [1h6svgun1favx]: Consuming argument `glasss`
[07Dec2025 23:17:15.862] [Server thread/DEBUG] [org.enginehub.piston.impl.CommandParser/]: [1ef2pny7s9ylo]: started parsing
[07Dec2025 23:17:15.862] [Server thread/DEBUG] [org.enginehub.piston.impl.CommandParser/]: [1ef2pny7s9ylo]: Consuming argument `glass`
[07Dec2025 23:17:15.862] [Server thread/DEBUG] [org.enginehub.piston.impl.CommandParser/]: [1ef2pny7s9ylo]: Finished looking at arguments. Finalizing command.
[07Dec2025 23:17:16.091] [Server thread/INFO] [net.minecraft.server.network.ServerGamePacketListenerImpl/]: Xplix issued server command: //set glass
[07Dec2025 23:17:16.092] [Server thread/DEBUG] [org.enginehub.piston.impl.CommandParser/]: [0rm74i39dnz2g]: started parsing
[07Dec2025 23:17:16.092] [Server thread/DEBUG] [org.enginehub.piston.impl.CommandParser/]: [0rm74i39dnz2g]: Consuming argument `glass`
[07Dec2025 23:17:16.092] [Server thread/DEBUG] [org.enginehub.piston.impl.CommandParser/]: [0rm74i39dnz2g]: Finished looking at arguments. Finalizing command.
[07Dec2025 23:17:20.857] [Server thread/DEBUG] [org.enginehub.piston.impl.CommandParser/]: [0nhr7a3uduwmk]: started parsing
[07Dec2025 23:17:20.857] [Server thread/DEBUG] [org.enginehub.piston.impl.CommandParser/]: [0nhr7a3uduwmk]: Consuming argument `glass`
[07Dec2025 23:17:20.857] [Server thread/DEBUG] [org.enginehub.piston.impl.CommandParser/]: [0nhr7a3uduwmk]: Finished looking at arguments. Finalizing command.
[07Dec2025 23:17:20.857] [Server thread/DEBUG] [org.enginehub.piston.impl.CommandParser/]: [1ryv964b86gc5]: started parsing
[07Dec2025 23:17:20.857] [Server thread/DEBUG] [org.enginehub.piston.impl.CommandParser/]: [1ryv964b86gc5]: Consuming argument `glass`
[07Dec2025 23:17:20.857] [Server thread/DEBUG] [org.enginehub.piston.impl.CommandParser/]: [1ryv964b86gc5]: Finished looking at arguments. Finalizing command.
[07Dec2025 23:17:21.156] [Server thread/INFO] [net.minecraft.server.network.ServerGamePacketListenerImpl/]: Xplix issued server command: //set glass
[07Dec2025 23:17:21.156] [Server thread/DEBUG] [org.enginehub.piston.impl.CommandParser/]: [1a4t2pq7c7sa3]: started parsing
[07Dec2025 23:17:21.156] [Server thread/DEBUG] [org.enginehub.piston.impl.CommandParser/]: [1a4t2pq7c7sa3]: Consuming argument `glass`
[07Dec2025 23:17:21.156] [Server thread/DEBUG] [org.enginehub.piston.impl.CommandParser/]: [1a4t2pq7c7sa3]: Finished looking at arguments. Finalizing command.
[07Dec2025 23:17:25.812] [Server thread/DEBUG] [org.enginehub.piston.impl.CommandParser/]: [07t7lkuipuyg2]: started parsing
[07Dec2025 23:17:25.812] [Server thread/DEBUG] [org.enginehub.piston.impl.CommandParser/]: [07t7lkuipuyg2]: Consuming argument `glass`
[07Dec2025 23:17:25.813] [Server thread/DEBUG] [org.enginehub.piston.impl.CommandParser/]: [07t7lkuipuyg2]: Finished looking at arguments. Finalizing command.
[07Dec2025 23:17:25.813] [Server thread/DEBUG] [org.enginehub.piston.impl.CommandParser/]: [0ccb32c74kcji]: started parsing
[07Dec2025 23:17:25.813] [Server thread/DEBUG] [org.enginehub.piston.impl.CommandParser/]: [0ccb32c74kcji]: Consuming argument `glass`
[07Dec2025 23:17:25.813] [Server thread/DEBUG] [org.enginehub.piston.impl.CommandParser/]: [0ccb32c74kcji]: Finished looking at arguments. Finalizing command.
[07Dec2025 23:17:26.072] [Server thread/INFO] [net.minecraft.server.network.ServerGamePacketListenerImpl/]: Xplix issued server command: //set glass
[07Dec2025 23:17:26.073] [Server thread/DEBUG] [org.enginehub.piston.impl.CommandParser/]: [1tfwnnj4t2vsq]: started parsing
[07Dec2025 23:17:26.073] [Server thread/DEBUG] [org.enginehub.piston.impl.CommandParser/]: [1tfwnnj4t2vsq]: Consuming argument `glass`
[07Dec2025 23:17:26.073] [Server thread/DEBUG] [org.enginehub.piston.impl.CommandParser/]: [1tfwnnj4t2vsq]: Finished looking at arguments. Finalizing command.
[07Dec2025 23:17:37.096] [Server thread/DEBUG] [org.enginehub.piston.impl.CommandParser/]: [1nrh33et3tduq]: started parsing
[07Dec2025 23:17:37.096] [Server thread/DEBUG] [org.enginehub.piston.impl.CommandParser/]: [1nrh33et3tduq]: Consuming argument `glass`
[07Dec2025 23:17:37.096] [Server thread/DEBUG] [org.enginehub.piston.impl.CommandParser/]: [1nrh33et3tduq]: Finished looking at arguments. Finalizing command.
[07Dec2025 23:17:37.097] [Server thread/DEBUG] [org.enginehub.piston.impl.CommandParser/]: [0ttf2pekthybi]: started parsing
[07Dec2025 23:17:37.097] [Server thread/DEBUG] [org.enginehub.piston.impl.CommandParser/]: [0ttf2pekthybi]: Consuming argument `glass`
[07Dec2025 23:17:37.097] [Server thread/DEBUG] [org.enginehub.piston.impl.CommandParser/]: [0ttf2pekthybi]: Finished looking at arguments. Finalizing command.
[07Dec2025 23:17:37.365] [Server thread/INFO] [net.minecraft.server.network.ServerGamePacketListenerImpl/]: Xplix issued server command: //set glass
[07Dec2025 23:17:37.366] [Server thread/DEBUG] [org.enginehub.piston.impl.CommandParser/]: [0w4j1h35hj80k]: started parsing
[07Dec2025 23:17:37.366] [Server thread/DEBUG] [org.enginehub.piston.impl.CommandParser/]: [0w4j1h35hj80k]: Consuming argument `glass`
[07Dec2025 23:17:37.366] [Server thread/DEBUG] [org.enginehub.piston.impl.CommandParser/]: [0w4j1h35hj80k]: Finished looking at arguments. Finalizing command.
[07Dec2025 23:17:42.636] [Server thread/DEBUG] [org.enginehub.piston.impl.CommandParser/]: [0ihkdzy7pv7zr]: started parsing
[07Dec2025 23:17:42.636] [Server thread/DEBUG] [org.enginehub.piston.impl.CommandParser/]: [0ihkdzy7pv7zr]: Consuming argument `glass`
[07Dec2025 23:17:42.636] [Server thread/DEBUG] [org.enginehub.piston.impl.CommandParser/]: [0ihkdzy7pv7zr]: Finished looking at arguments. Finalizing command.
[07Dec2025 23:17:42.637] [Server thread/DEBUG] [org.enginehub.piston.impl.CommandParser/]: [1qj11zmgeb6o7]: started parsing
[07Dec2025 23:17:42.637] [Server thread/DEBUG] [org.enginehub.piston.impl.CommandParser/]: [1qj11zmgeb6o7]: Consuming argument `glass`
[07Dec2025 23:17:42.637] [Server thread/DEBUG] [org.enginehub.piston.impl.CommandParser/]: [1qj11zmgeb6o7]: Finished looking at arguments. Finalizing command.
[07Dec2025 23:17:42.932] [Server thread/INFO] [net.minecraft.server.network.ServerGamePacketListenerImpl/]: Xplix issued server command: //set glass
[07Dec2025 23:17:42.932] [Server thread/DEBUG] [org.enginehub.piston.impl.CommandParser/]: [1cae4wum4pwta]: started parsing
[07Dec2025 23:17:42.932] [Server thread/DEBUG] [org.enginehub.piston.impl.CommandParser/]: [1cae4wum4pwta]: Consuming argument `glass`
[07Dec2025 23:17:42.932] [Server thread/DEBUG] [org.enginehub.piston.impl.CommandParser/]: [1cae4wum4pwta]: Finished looking at arguments. Finalizing command.
[07Dec2025 23:17:46.437] [Server thread/DEBUG] [org.enginehub.piston.impl.CommandParser/]: [076thrpybd8ag]: started parsing
[07Dec2025 23:17:46.437] [Server thread/DEBUG] [org.enginehub.piston.impl.CommandParser/]: [076thrpybd8ag]: Consuming argument `glass`
[07Dec2025 23:17:46.438] [Server thread/DEBUG] [org.enginehub.piston.impl.CommandParser/]: [076thrpybd8ag]: Finished looking at arguments. Finalizing command.
[07Dec2025 23:17:46.438] [Server thread/DEBUG] [org.enginehub.piston.impl.CommandParser/]: [0fcymtj5fo0gn]: started parsing
[07Dec2025 23:17:46.438] [Server thread/DEBUG] [org.enginehub.piston.impl.CommandParser/]: [0fcymtj5fo0gn]: Consuming argument `glass`
[07Dec2025 23:17:46.438] [Server thread/DEBUG] [org.enginehub.piston.impl.CommandParser/]: [0fcymtj5fo0gn]: Finished looking at arguments. Finalizing command.
[07Dec2025 23:17:46.672] [Server thread/INFO] [net.minecraft.server.network.ServerGamePacketListenerImpl/]: Xplix issued server command: //set glass
[07Dec2025 23:17:46.673] [Server thread/DEBUG] [org.enginehub.piston.impl.CommandParser/]: [1p6p5bo80pwyb]: started parsing
[07Dec2025 23:17:46.673] [Server thread/DEBUG] [org.enginehub.piston.impl.CommandParser/]: [1p6p5bo80pwyb]: Consuming argument `glass`
[07Dec2025 23:17:46.673] [Server thread/DEBUG] [org.enginehub.piston.impl.CommandParser/]: [1p6p5bo80pwyb]: Finished looking at arguments. Finalizing command.
[07Dec2025 23:17:51.033] [Server thread/DEBUG] [org.enginehub.piston.impl.CommandParser/]: [03zbicb3hylii]: started parsing
[07Dec2025 23:17:51.033] [Server thread/DEBUG] [org.enginehub.piston.impl.CommandParser/]: [03zbicb3hylii]: Consuming argument `glass`
[07Dec2025 23:17:51.033] [Server thread/DEBUG] [org.enginehub.piston.impl.CommandParser/]: [03zbicb3hylii]: Finished looking at arguments. Finalizing command.
[07Dec2025 23:17:51.033] [Server thread/DEBUG] [org.enginehub.piston.impl.CommandParser/]: [1obcgs4cg5aqq]: started parsing
[07Dec2025 23:17:51.033] [Server thread/DEBUG] [org.enginehub.piston.impl.CommandParser/]: [1obcgs4cg5aqq]: Consuming argument `glass`
[07Dec2025 23:17:51.034] [Server thread/DEBUG] [org.enginehub.piston.impl.CommandParser/]: [1obcgs4cg5aqq]: Finished looking at arguments. Finalizing command.
[07Dec2025 23:17:51.352] [Server thread/INFO] [net.minecraft.server.network.ServerGamePacketListenerImpl/]: Xplix issued server command: //set glass
[07Dec2025 23:17:51.352] [Server thread/DEBUG] [org.enginehub.piston.impl.CommandParser/]: [10anwcj4u2d7x]: started parsing
[07Dec2025 23:17:51.352] [Server thread/DEBUG] [org.enginehub.piston.impl.CommandParser/]: [10anwcj4u2d7x]: Consuming argument `glass`
[07Dec2025 23:17:51.352] [Server thread/DEBUG] [org.enginehub.piston.impl.CommandParser/]: [10anwcj4u2d7x]: Finished looking at arguments. Finalizing command.
[07Dec2025 23:17:54.716] [Server thread/DEBUG] [org.enginehub.piston.impl.CommandParser/]: [0kuy0ibtjcad4]: started parsing
[07Dec2025 23:17:54.716] [Server thread/DEBUG] [org.enginehub.piston.impl.CommandParser/]: [0kuy0ibtjcad4]: Consuming argument `glass`
[07Dec2025 23:17:54.716] [Server thread/DEBUG] [org.enginehub.piston.impl.CommandParser/]: [0kuy0ibtjcad4]: Finished looking at arguments. Finalizing command.
[07Dec2025 23:17:54.716] [Server thread/DEBUG] [org.enginehub.piston.impl.CommandParser/]: [1nhahaxcrujx9]: started parsing
[07Dec2025 23:17:54.716] [Server thread/DEBUG] [org.enginehub.piston.impl.CommandParser/]: [1nhahaxcrujx9]: Consuming argument `glass`
[07Dec2025 23:17:54.716] [Server thread/DEBUG] [org.enginehub.piston.impl.CommandParser/]: [1nhahaxcrujx9]: Finished looking at arguments. Finalizing command.
[07Dec2025 23:17:55.085] [Server thread/INFO] [net.minecraft.server.network.ServerGamePacketListenerImpl/]: Xplix issued server command: //set glass
[07Dec2025 23:17:55.085] [Server thread/DEBUG] [org.enginehub.piston.impl.CommandParser/]: [1apm5hqcgq5u9]: started parsing
[07Dec2025 23:17:55.085] [Server thread/DEBUG] [org.enginehub.piston.impl.CommandParser/]: [1apm5hqcgq5u9]: Consuming argument `glass`
[07Dec2025 23:17:55.085] [Server thread/DEBUG] [org.enginehub.piston.impl.CommandParser/]: [1apm5hqcgq5u9]: Finished looking at arguments. Finalizing command.
[07Dec2025 23:17:56.427] [Server thread/INFO] [net.minecraft.server.network.ServerGamePacketListenerImpl/]: Xplix issued server command: /gamemode spectator
[07Dec2025 23:17:56.427] [Server thread/INFO] [net.minecraft.server.MinecraftServer/]: [Xplix: Set own game mode to Spectator Mode]
[07Dec2025 23:17:58.975] [Server thread/INFO] [net.minecraft.server.network.ServerGamePacketListenerImpl/]: Xplix issued server command: /gamemode adventure
[07Dec2025 23:17:58.976] [Server thread/INFO] [net.minecraft.server.MinecraftServer/]: [Xplix: Set own game mode to Adventure Mode]
[07Dec2025 23:18:00.683] [Server thread/INFO] [net.minecraft.server.network.ServerGamePacketListenerImpl/]: Xplix issued server command: /gamemode creative
[07Dec2025 23:18:00.683] [Server thread/INFO] [net.minecraft.server.MinecraftServer/]: [Xplix: Set own game mode to Creative Mode]
[07Dec2025 23:18:11.019] [Server thread/DEBUG] [org.enginehub.piston.impl.CommandParser/]: [0izwhgwg036ec]: started parsing
[07Dec2025 23:18:11.019] [Server thread/DEBUG] [org.enginehub.piston.impl.CommandParser/]: [0izwhgwg036ec]: Consuming argument `glass`
[07Dec2025 23:18:11.020] [Server thread/DEBUG] [org.enginehub.piston.impl.CommandParser/]: [0izwhgwg036ec]: Finished looking at arguments. Finalizing command.
[07Dec2025 23:18:11.020] [Server thread/DEBUG] [org.enginehub.piston.impl.CommandParser/]: [1aa21se9e5st3]: started parsing
[07Dec2025 23:18:11.020] [Server thread/DEBUG] [org.enginehub.piston.impl.CommandParser/]: [1aa21se9e5st3]: Consuming argument `glass`
[07Dec2025 23:18:11.020] [Server thread/DEBUG] [org.enginehub.piston.impl.CommandParser/]: [1aa21se9e5st3]: Finished looking at arguments. Finalizing command.
[07Dec2025 23:18:11.315] [Server thread/INFO] [net.minecraft.server.network.ServerGamePacketListenerImpl/]: Xplix issued server command: //set glass
[07Dec2025 23:18:11.315] [Server thread/DEBUG] [org.enginehub.piston.impl.CommandParser/]: [0tac4wv5rzzb9]: started parsing
[07Dec2025 23:18:11.315] [Server thread/DEBUG] [org.enginehub.piston.impl.CommandParser/]: [0tac4wv5rzzb9]: Consuming argument `glass`
[07Dec2025 23:18:11.315] [Server thread/DEBUG] [org.enginehub.piston.impl.CommandParser/]: [0tac4wv5rzzb9]: Finished looking at arguments. Finalizing command.
[07Dec2025 23:18:57.478] [Server thread/DEBUG] [net.minecraftforge.common.ForgeHooks/WP]: Gathering id map for writing to world save Squid Alpaca Games
[07Dec2025 23:18:57.482] [Server thread/DEBUG] [net.minecraftforge.common.ForgeHooks/WP]: ID Map collection complete Squid Alpaca Games
[07Dec2025 23:19:36.500] [Async Chat Thread - #26/INFO] [net.minecraft.server.MinecraftServer/]: [Not Secure] <Xplix> oe y si hago una mecanica donde cuando un jugador este en el agua le salga abajo la barra espaciadora par que cuando le de mas rapido valla mas rapido en el agua
[07Dec2025 23:19:46.467] [Async Chat Thread - #26/INFO] [net.minecraft.server.MinecraftServer/]: [Not Secure] <BasseeMC> DALE
[07Dec2025 23:19:54.658] [Server thread/INFO] [net.minecraft.server.network.ServerGamePacketListenerImpl/]: Xplix issued server command: /gamemode adventure
[07Dec2025 23:19:54.659] [Server thread/INFO] [net.minecraft.server.MinecraftServer/]: [Xplix: Set own game mode to Adventure Mode]
[07Dec2025 23:19:57.676] [Async Chat Thread - #25/INFO] [net.minecraft.server.MinecraftServer/]: [Not Secure] <BasseeMC> iba a decirte que hicieras algo asi
[07Dec2025 23:19:59.285] [Server thread/INFO] [net.minecraft.server.network.ServerGamePacketListenerImpl/]: Xplix issued server command: /gamemode creative
[07Dec2025 23:19:59.285] [Server thread/INFO] [net.minecraft.server.MinecraftServer/]: [Xplix: Set own game mode to Creative Mode]
[07Dec2025 23:20:01.866] [Async Chat Thread - #26/INFO] [net.minecraft.server.MinecraftServer/]: [Not Secure] <Xplix> ok
[07Dec2025 23:20:02.837] [Async Chat Thread - #25/INFO] [net.minecraft.server.MinecraftServer/]: [Not Secure] <BasseeMC> eso esta GOD
[07Dec2025 23:20:05.017] [Async Chat Thread - #25/INFO] [net.minecraft.server.MinecraftServer/]: [Not Secure] <BasseeMC> pero maje
[07Dec2025 23:20:09.119] [Async Chat Thread - #26/INFO] [net.minecraft.server.MinecraftServer/]: [Not Secure] <BasseeMC> el vidrio :,0
[07Dec2025 23:20:16.414] [Server thread/INFO] [net.minecraft.server.network.ServerGamePacketListenerImpl/]: Xplix issued server command: /effect give @a minecraft:regeneration infinite
[07Dec2025 23:20:16.415] [Server thread/INFO] [net.minecraft.server.MinecraftServer/]: [Xplix: Applied effect Regeneration to 2 targets]
[07Dec2025 23:20:21.192] [Server thread/INFO] [net.minecraft.server.network.ServerGamePacketListenerImpl/]: Xplix issued server command: /effect give @a minecraft:saturation infinite
[07Dec2025 23:20:21.193] [Server thread/INFO] [net.minecraft.server.MinecraftServer/]: [Xplix: Applied effect Saturation to 2 targets]
[07Dec2025 23:20:29.221] [Server thread/INFO] [net.minecraft.server.network.ServerGamePacketListenerImpl/]: Xplix issued server command: /gamemode adventure
[07Dec2025 23:20:29.221] [Server thread/INFO] [net.minecraft.server.MinecraftServer/]: [Xplix: Set own game mode to Adventure Mode]
[07Dec2025 23:20:45.699] [Server thread/INFO] [net.minecraft.server.network.ServerGamePacketListenerImpl/]: Xplix issued server command: /gamemode creative
[07Dec2025 23:20:45.699] [Server thread/INFO] [net.minecraft.server.MinecraftServer/]: [Xplix: Set own game mode to Creative Mode]
[07Dec2025 23:20:56.788] [Async Chat Thread - #25/INFO] [net.minecraft.server.MinecraftServer/]: [Not Secure] <BasseeMC> hay que conectar TODOS
[07Dec2025 23:21:49.434] [Async Chat Thread - #26/INFO] [net.minecraft.server.MinecraftServer/]: [Not Secure] <Xplix> ok vamos conectando
[07Dec2025 23:22:23.042] [Async Chat Thread - #25/INFO] [net.minecraft.server.MinecraftServer/]: [Not Secure] <BasseeMC> solo debe de haber un hueco por cada tubo
[07Dec2025 23:22:52.672] [Async Chat Thread - #25/INFO] [net.minecraft.server.MinecraftServer/]: [Not Secure] <Xplix> solo tebe haber un tubto osea para todas las picinas no?
[07Dec2025 23:22:57.184] [Async Chat Thread - #26/INFO] [net.minecraft.server.MinecraftServer/]: [Not Secure] <BasseeMC> si
[07Dec2025 23:23:04.255] [Async Chat Thread - #25/INFO] [net.minecraft.server.MinecraftServer/]: [Not Secure] <BasseeMC> y que se conecten todos
[07Dec2025 23:23:07.401] [Async Chat Thread - #26/INFO] [net.minecraft.server.MinecraftServer/]: [Not Secure] <Xplix> ok
[07Dec2025 23:23:10.159] [Async Chat Thread - #25/INFO] [net.minecraft.server.MinecraftServer/]: [Not Secure] <BasseeMC> en un solo punto
[07Dec2025 23:23:11.980] [Async Chat Thread - #26/INFO] [net.minecraft.server.MinecraftServer/]: [Not Secure] <Xplix> ok
[07Dec2025 23:23:14.485] [Server thread/INFO] [net.minecraft.server.network.ServerGamePacketListenerImpl/]: BasseeMC issued server command: /gamemode spectator
[07Dec2025 23:23:14.487] [Server thread/INFO] [net.minecraft.server.MinecraftServer/]: [BasseeMC: Set own game mode to Spectator Mode]
[07Dec2025 23:23:26.154] [Server thread/DEBUG] [org.enginehub.piston.impl.CommandParser/]: [04xs75cshcjgv]: started parsing
[07Dec2025 23:23:26.154] [Server thread/DEBUG] [org.enginehub.piston.impl.CommandParser/]: [04xs75cshcjgv]: Consuming argument `glass`
[07Dec2025 23:23:26.154] [Server thread/DEBUG] [org.enginehub.piston.impl.CommandParser/]: [04xs75cshcjgv]: Finished looking at arguments. Finalizing command.
[07Dec2025 23:23:26.188] [Server thread/DEBUG] [org.enginehub.piston.impl.CommandParser/]: [0tictn7fzd3wg]: started parsing
[07Dec2025 23:23:26.188] [Server thread/DEBUG] [org.enginehub.piston.impl.CommandParser/]: [0tictn7fzd3wg]: Consuming argument `glass`
[07Dec2025 23:23:26.188] [Server thread/DEBUG] [org.enginehub.piston.impl.CommandParser/]: [0tictn7fzd3wg]: Finished looking at arguments. Finalizing command.
[07Dec2025 23:23:27.124] [Server thread/INFO] [net.minecraft.server.network.ServerGamePacketListenerImpl/]: Xplix issued server command: //set glass
[07Dec2025 23:23:27.125] [Server thread/DEBUG] [org.enginehub.piston.impl.CommandParser/]: [1ntcc4wrf3zrx]: started parsing
[07Dec2025 23:23:27.125] [Server thread/DEBUG] [org.enginehub.piston.impl.CommandParser/]: [1ntcc4wrf3zrx]: Consuming argument `glass`
[07Dec2025 23:23:27.125] [Server thread/DEBUG] [org.enginehub.piston.impl.CommandParser/]: [1ntcc4wrf3zrx]: Finished looking at arguments. Finalizing command.
[07Dec2025 23:23:30.357] [Server thread/DEBUG] [org.enginehub.piston.impl.CommandParser/]: [18a2khuj8grer]: started parsing
[07Dec2025 23:23:30.357] [Server thread/DEBUG] [org.enginehub.piston.impl.CommandParser/]: [18a2khuj8grer]: Consuming argument `glass`
[07Dec2025 23:23:30.357] [Server thread/DEBUG] [org.enginehub.piston.impl.CommandParser/]: [18a2khuj8grer]: Finished looking at arguments. Finalizing command.
[07Dec2025 23:23:30.357] [Server thread/DEBUG] [org.enginehub.piston.impl.CommandParser/]: [04mzewgcufdpf]: started parsing
[07Dec2025 23:23:30.357] [Server thread/DEBUG] [org.enginehub.piston.impl.CommandParser/]: [04mzewgcufdpf]: Consuming argument `glass`
[07Dec2025 23:23:30.358] [Server thread/DEBUG] [org.enginehub.piston.impl.CommandParser/]: [04mzewgcufdpf]: Finished looking at arguments. Finalizing command.
[07Dec2025 23:23:30.630] [Server thread/INFO] [net.minecraft.server.network.ServerGamePacketListenerImpl/]: Xplix issued server command: //set glass
[07Dec2025 23:23:30.631] [Server thread/DEBUG] [org.enginehub.piston.impl.CommandParser/]: [0oq5m7d9v1rlb]: started parsing
[07Dec2025 23:23:30.631] [Server thread/DEBUG] [org.enginehub.piston.impl.CommandParser/]: [0oq5m7d9v1rlb]: Consuming argument `glass`
[07Dec2025 23:23:30.631] [Server thread/DEBUG] [org.enginehub.piston.impl.CommandParser/]: [0oq5m7d9v1rlb]: Finished looking at arguments. Finalizing command.
[07Dec2025 23:23:49.593] [Server thread/DEBUG] [org.enginehub.piston.impl.CommandParser/]: [1veqw833ztjc0]: started parsing
[07Dec2025 23:23:49.593] [Server thread/DEBUG] [org.enginehub.piston.impl.CommandParser/]: [1veqw833ztjc0]: Consuming argument `glass`
[07Dec2025 23:23:49.593] [Server thread/DEBUG] [org.enginehub.piston.impl.CommandParser/]: [1veqw833ztjc0]: Finished looking at arguments. Finalizing command.
[07Dec2025 23:23:49.593] [Server thread/DEBUG] [org.enginehub.piston.impl.CommandParser/]: [0fokxuepsks16]: started parsing
[07Dec2025 23:23:49.593] [Server thread/DEBUG] [org.enginehub.piston.impl.CommandParser/]: [0fokxuepsks16]: Consuming argument `glass`
[07Dec2025 23:23:49.593] [Server thread/DEBUG] [org.enginehub.piston.impl.CommandParser/]: [0fokxuepsks16]: Finished looking at arguments. Finalizing command.
[07Dec2025 23:23:49.857] [Server thread/INFO] [net.minecraft.server.network.ServerGamePacketListenerImpl/]: Xplix issued server command: //set glass
[07Dec2025 23:23:49.857] [Server thread/DEBUG] [org.enginehub.piston.impl.CommandParser/]: [127slxfw8rqf5]: started parsing
[07Dec2025 23:23:49.857] [Server thread/DEBUG] [org.enginehub.piston.impl.CommandParser/]: [127slxfw8rqf5]: Consuming argument `glass`
[07Dec2025 23:23:49.857] [Server thread/DEBUG] [org.enginehub.piston.impl.CommandParser/]: [127slxfw8rqf5]: Finished looking at arguments. Finalizing command.
[07Dec2025 23:23:57.420] [Server thread/DEBUG] [net.minecraftforge.common.ForgeHooks/WP]: Gathering id map for writing to world save Squid Alpaca Games
[07Dec2025 23:23:57.424] [Server thread/DEBUG] [net.minecraftforge.common.ForgeHooks/WP]: ID Map collection complete Squid Alpaca Games
[07Dec2025 23:24:03.205] [Server thread/DEBUG] [org.enginehub.piston.impl.CommandParser/]: [0twcg263deu1c]: started parsing
[07Dec2025 23:24:03.205] [Server thread/DEBUG] [org.enginehub.piston.impl.CommandParser/]: [0twcg263deu1c]: Consuming argument `glass`
[07Dec2025 23:24:03.205] [Server thread/DEBUG] [org.enginehub.piston.impl.CommandParser/]: [0twcg263deu1c]: Finished looking at arguments. Finalizing command.
[07Dec2025 23:24:03.205] [Server thread/DEBUG] [org.enginehub.piston.impl.CommandParser/]: [0xatl14k337ua]: started parsing
[07Dec2025 23:24:03.205] [Server thread/DEBUG] [org.enginehub.piston.impl.CommandParser/]: [0xatl14k337ua]: Consuming argument `glass`
[07Dec2025 23:24:03.205] [Server thread/DEBUG] [org.enginehub.piston.impl.CommandParser/]: [0xatl14k337ua]: Finished looking at arguments. Finalizing command.
[07Dec2025 23:24:03.489] [Server thread/INFO] [net.minecraft.server.network.ServerGamePacketListenerImpl/]: Xplix issued server command: //set glass
[07Dec2025 23:24:03.489] [Server thread/DEBUG] [org.enginehub.piston.impl.CommandParser/]: [17ahnyl4v2ktq]: started parsing
[07Dec2025 23:24:03.489] [Server thread/DEBUG] [org.enginehub.piston.impl.CommandParser/]: [17ahnyl4v2ktq]: Consuming argument `glass`
[07Dec2025 23:24:03.489] [Server thread/DEBUG] [org.enginehub.piston.impl.CommandParser/]: [17ahnyl4v2ktq]: Finished looking at arguments. Finalizing command.
[07Dec2025 23:24:06.809] [Server thread/DEBUG] [org.enginehub.piston.impl.CommandParser/]: [080x3mq8bsdoa]: started parsing
[07Dec2025 23:24:06.809] [Server thread/DEBUG] [org.enginehub.piston.impl.CommandParser/]: [080x3mq8bsdoa]: Consuming argument `glass`
[07Dec2025 23:24:06.809] [Server thread/DEBUG] [org.enginehub.piston.impl.CommandParser/]: [080x3mq8bsdoa]: Finished looking at arguments. Finalizing command.
[07Dec2025 23:24:06.810] [Server thread/DEBUG] [org.enginehub.piston.impl.CommandParser/]: [0i6ml2x3cw1jx]: started parsing
[07Dec2025 23:24:06.810] [Server thread/DEBUG] [org.enginehub.piston.impl.CommandParser/]: [0i6ml2x3cw1jx]: Consuming argument `glass`
[07Dec2025 23:24:06.810] [Server thread/DEBUG] [org.enginehub.piston.impl.CommandParser/]: [0i6ml2x3cw1jx]: Finished looking at arguments. Finalizing command.
[07Dec2025 23:24:07.037] [Server thread/INFO] [net.minecraft.server.network.ServerGamePacketListenerImpl/]: Xplix issued server command: //set glass
[07Dec2025 23:24:07.037] [Server thread/DEBUG] [org.enginehub.piston.impl.CommandParser/]: [0vs527d7nzpdy]: started parsing
[07Dec2025 23:24:07.037] [Server thread/DEBUG] [org.enginehub.piston.impl.CommandParser/]: [0vs527d7nzpdy]: Consuming argument `glass`
[07Dec2025 23:24:07.038] [Server thread/DEBUG] [org.enginehub.piston.impl.CommandParser/]: [0vs527d7nzpdy]: Finished looking at arguments. Finalizing command.
[07Dec2025 23:24:10.782] [Server thread/INFO] [net.minecraft.server.network.ServerGamePacketListenerImpl/]: BasseeMC issued server command: /tp BasseeMC Xplix
[07Dec2025 23:24:10.783] [Server thread/INFO] [net.minecraft.server.MinecraftServer/]: [BasseeMC: Teleported BasseeMC to Xplix]
[07Dec2025 23:24:22.819] [Server thread/DEBUG] [org.enginehub.piston.impl.CommandParser/]: [0kbue5m86419x]: started parsing
[07Dec2025 23:24:22.819] [Server thread/DEBUG] [org.enginehub.piston.impl.CommandParser/]: [0kbue5m86419x]: Consuming argument `glass`
[07Dec2025 23:24:22.819] [Server thread/DEBUG] [org.enginehub.piston.impl.CommandParser/]: [0kbue5m86419x]: Finished looking at arguments. Finalizing command.
[07Dec2025 23:24:22.819] [Server thread/DEBUG] [org.enginehub.piston.impl.CommandParser/]: [13054qxj3e3lp]: started parsing
[07Dec2025 23:24:22.819] [Server thread/DEBUG] [org.enginehub.piston.impl.CommandParser/]: [13054qxj3e3lp]: Consuming argument `glass`
[07Dec2025 23:24:22.820] [Server thread/DEBUG] [org.enginehub.piston.impl.CommandParser/]: [13054qxj3e3lp]: Finished looking at arguments. Finalizing command.
[07Dec2025 23:24:23.134] [Server thread/INFO] [net.minecraft.server.network.ServerGamePacketListenerImpl/]: Xplix issued server command: //set glass
[07Dec2025 23:24:23.135] [Server thread/DEBUG] [org.enginehub.piston.impl.CommandParser/]: [03b4po5tyg3fl]: started parsing
[07Dec2025 23:24:23.135] [Server thread/DEBUG] [org.enginehub.piston.impl.CommandParser/]: [03b4po5tyg3fl]: Consuming argument `glass`
[07Dec2025 23:24:23.135] [Server thread/DEBUG] [org.enginehub.piston.impl.CommandParser/]: [03b4po5tyg3fl]: Finished looking at arguments. Finalizing command.
[07Dec2025 23:24:27.829] [Server thread/DEBUG] [org.enginehub.piston.impl.CommandParser/]: [1r3h58ze8ywe4]: started parsing
[07Dec2025 23:24:27.829] [Server thread/DEBUG] [org.enginehub.piston.impl.CommandParser/]: [1r3h58ze8ywe4]: Consuming argument `glass`
[07Dec2025 23:24:27.829] [Server thread/DEBUG] [org.enginehub.piston.impl.CommandParser/]: [1r3h58ze8ywe4]: Finished looking at arguments. Finalizing command.
[07Dec2025 23:24:27.829] [Server thread/DEBUG] [org.enginehub.piston.impl.CommandParser/]: [1msdps0z2d797]: started parsing
[07Dec2025 23:24:27.829] [Server thread/DEBUG] [org.enginehub.piston.impl.CommandParser/]: [1msdps0z2d797]: Consuming argument `glass`
[07Dec2025 23:24:27.829] [Server thread/DEBUG] [org.enginehub.piston.impl.CommandParser/]: [1msdps0z2d797]: Finished looking at arguments. Finalizing command.
[07Dec2025 23:24:28.162] [Server thread/INFO] [net.minecraft.server.network.ServerGamePacketListenerImpl/]: Xplix issued server command: //set glass
[07Dec2025 23:24:28.162] [Server thread/DEBUG] [org.enginehub.piston.impl.CommandParser/]: [0sx0b7289jd8h]: started parsing
[07Dec2025 23:24:28.162] [Server thread/DEBUG] [org.enginehub.piston.impl.CommandParser/]: [0sx0b7289jd8h]: Consuming argument `glass`
[07Dec2025 23:24:28.162] [Server thread/DEBUG] [org.enginehub.piston.impl.CommandParser/]: [0sx0b7289jd8h]: Finished looking at arguments. Finalizing command.
[07Dec2025 23:24:40.451] [Server thread/INFO] [net.minecraft.server.network.ServerGamePacketListenerImpl/]: BasseeMC issued server command: /gamemode creative
[07Dec2025 23:24:40.451] [Server thread/INFO] [net.minecraft.server.MinecraftServer/]: [BasseeMC: Set own game mode to Creative Mode]
[07Dec2025 23:24:41.936] [Server thread/DEBUG] [org.enginehub.piston.impl.CommandParser/]: [00nsgj9lixvfx]: started parsing
[07Dec2025 23:24:41.936] [Server thread/DEBUG] [org.enginehub.piston.impl.CommandParser/]: [00nsgj9lixvfx]: Consuming argument `glass`
[07Dec2025 23:24:41.936] [Server thread/DEBUG] [org.enginehub.piston.impl.CommandParser/]: [00nsgj9lixvfx]: Finished looking at arguments. Finalizing command.
[07Dec2025 23:24:41.937] [Server thread/DEBUG] [org.enginehub.piston.impl.CommandParser/]: [0d40vfnn3cmze]: started parsing
[07Dec2025 23:24:41.937] [Server thread/DEBUG] [org.enginehub.piston.impl.CommandParser/]: [0d40vfnn3cmze]: Consuming argument `glass`
[07Dec2025 23:24:41.937] [Server thread/DEBUG] [org.enginehub.piston.impl.CommandParser/]: [0d40vfnn3cmze]: Finished looking at arguments. Finalizing command.
[07Dec2025 23:24:42.169] [Server thread/INFO] [net.minecraft.server.network.ServerGamePacketListenerImpl/]: Xplix issued server command: //set glass
[07Dec2025 23:24:42.170] [Server thread/DEBUG] [org.enginehub.piston.impl.CommandParser/]: [13kh6y80ijsyr]: started parsing
[07Dec2025 23:24:42.170] [Server thread/DEBUG] [org.enginehub.piston.impl.CommandParser/]: [13kh6y80ijsyr]: Consuming argument `glass`
[07Dec2025 23:24:42.170] [Server thread/DEBUG] [org.enginehub.piston.impl.CommandParser/]: [13kh6y80ijsyr]: Finished looking at arguments. Finalizing command.
[07Dec2025 23:24:46.682] [Server thread/DEBUG] [org.enginehub.piston.impl.CommandParser/]: [08dyliyn4kex6]: started parsing
[07Dec2025 23:24:46.682] [Server thread/DEBUG] [org.enginehub.piston.impl.CommandParser/]: [08dyliyn4kex6]: Consuming argument `glass`
[07Dec2025 23:24:46.682] [Server thread/DEBUG] [org.enginehub.piston.impl.CommandParser/]: [08dyliyn4kex6]: Finished looking at arguments. Finalizing command.
[07Dec2025 23:24:46.682] [Server thread/DEBUG] [org.enginehub.piston.impl.CommandParser/]: [16k49ny9yh0ft]: started parsing
[07Dec2025 23:24:46.682] [Server thread/DEBUG] [org.enginehub.piston.impl.CommandParser/]: [16k49ny9yh0ft]: Consuming argument `glass`
[07Dec2025 23:24:46.682] [Server thread/DEBUG] [org.enginehub.piston.impl.CommandParser/]: [16k49ny9yh0ft]: Finished looking at arguments. Finalizing command.
[07Dec2025 23:24:46.960] [Server thread/INFO] [net.minecraft.server.network.ServerGamePacketListenerImpl/]: Xplix issued server command: //set glass
[07Dec2025 23:24:46.960] [Server thread/DEBUG] [org.enginehub.piston.impl.CommandParser/]: [1p42m2ijia7mr]: started parsing
[07Dec2025 23:24:46.960] [Server thread/DEBUG] [org.enginehub.piston.impl.CommandParser/]: [1p42m2ijia7mr]: Consuming argument `glass`
[07Dec2025 23:24:46.960] [Server thread/DEBUG] [org.enginehub.piston.impl.CommandParser/]: [1p42m2ijia7mr]: Finished looking at arguments. Finalizing command.
[07Dec2025 23:25:20.645] [Server thread/INFO] [net.minecraft.server.network.ServerGamePacketListenerImpl/]: BasseeMC issued server command: /gamemode spectator
[07Dec2025 23:25:20.646] [Server thread/INFO] [net.minecraft.server.MinecraftServer/]: [BasseeMC: Set own game mode to Spectator Mode]
[07Dec2025 23:25:33.644] [Server thread/INFO] [net.minecraft.server.network.ServerGamePacketListenerImpl/]: BasseeMC issued server command: /gamemode creative
[07Dec2025 23:25:33.644] [Server thread/INFO] [net.minecraft.server.MinecraftServer/]: [BasseeMC: Set own game mode to Creative Mode]
[07Dec2025 23:25:45.817] [Async Chat Thread - #28/INFO] [net.minecraft.server.MinecraftServer/]: [Not Secure] <BasseeMC> ven
[07Dec2025 23:25:49.782] [Server thread/DEBUG] [org.enginehub.piston.impl.CommandParser/]: [0m5we3uh1pwwa]: started parsing
[07Dec2025 23:25:49.782] [Server thread/DEBUG] [org.enginehub.piston.impl.CommandParser/]: [0m5we3uh1pwwa]: Consuming argument `glass`
[07Dec2025 23:25:49.782] [Server thread/DEBUG] [org.enginehub.piston.impl.CommandParser/]: [0m5we3uh1pwwa]: Finished looking at arguments. Finalizing command.
[07Dec2025 23:25:49.783] [Server thread/DEBUG] [org.enginehub.piston.impl.CommandParser/]: [10pahuq0wjsso]: started parsing
[07Dec2025 23:25:49.783] [Server thread/DEBUG] [org.enginehub.piston.impl.CommandParser/]: [10pahuq0wjsso]: Consuming argument `glass`
[07Dec2025 23:25:49.783] [Server thread/DEBUG] [org.enginehub.piston.impl.CommandParser/]: [10pahuq0wjsso]: Finished looking at arguments. Finalizing command.
[07Dec2025 23:25:50.329] [Server thread/INFO] [net.minecraft.server.network.ServerGamePacketListenerImpl/]: Xplix issued server command: //set glass
[07Dec2025 23:25:50.329] [Server thread/DEBUG] [org.enginehub.piston.impl.CommandParser/]: [1raerx8vyn76z]: started parsing
[07Dec2025 23:25:50.329] [Server thread/DEBUG] [org.enginehub.piston.impl.CommandParser/]: [1raerx8vyn76z]: Consuming argument `glass`
[07Dec2025 23:25:50.329] [Server thread/DEBUG] [org.enginehub.piston.impl.CommandParser/]: [1raerx8vyn76z]: Finished looking at arguments. Finalizing command.
[07Dec2025 23:25:53.837] [Server thread/DEBUG] [org.enginehub.piston.impl.CommandParser/]: [1f1vxwca3g7l2]: started parsing
[07Dec2025 23:25:53.837] [Server thread/DEBUG] [org.enginehub.piston.impl.CommandParser/]: [1f1vxwca3g7l2]: Consuming argument `glass`
[07Dec2025 23:25:53.837] [Server thread/DEBUG] [org.enginehub.piston.impl.CommandParser/]: [1f1vxwca3g7l2]: Finished looking at arguments. Finalizing command.
[07Dec2025 23:25:53.837] [Server thread/DEBUG] [org.enginehub.piston.impl.CommandParser/]: [0ikj0udesb48x]: started parsing
[07Dec2025 23:25:53.837] [Server thread/DEBUG] [org.enginehub.piston.impl.CommandParser/]: [0ikj0udesb48x]: Consuming argument `glass`
[07Dec2025 23:25:53.837] [Server thread/DEBUG] [org.enginehub.piston.impl.CommandParser/]: [0ikj0udesb48x]: Finished looking at arguments. Finalizing command.
[07Dec2025 23:25:54.116] [Server thread/INFO] [net.minecraft.server.network.ServerGamePacketListenerImpl/]: Xplix issued server command: //set glass
[07Dec2025 23:25:54.116] [Server thread/DEBUG] [org.enginehub.piston.impl.CommandParser/]: [0rtr0b8ck874k]: started parsing
[07Dec2025 23:25:54.116] [Server thread/DEBUG] [org.enginehub.piston.impl.CommandParser/]: [0rtr0b8ck874k]: Consuming argument `glass`
[07Dec2025 23:25:54.116] [Server thread/DEBUG] [org.enginehub.piston.impl.CommandParser/]: [0rtr0b8ck874k]: Finished looking at arguments. Finalizing command.
[07Dec2025 23:26:18.877] [Server thread/DEBUG] [org.enginehub.piston.impl.CommandParser/]: [1s0e1nfhmg92p]: started parsing
[07Dec2025 23:26:18.877] [Server thread/DEBUG] [org.enginehub.piston.impl.CommandParser/]: [1s0e1nfhmg92p]: Consuming argument `glass`
[07Dec2025 23:26:18.877] [Server thread/DEBUG] [org.enginehub.piston.impl.CommandParser/]: [1s0e1nfhmg92p]: Finished looking at arguments. Finalizing command.
[07Dec2025 23:26:18.877] [Server thread/DEBUG] [org.enginehub.piston.impl.CommandParser/]: [129y6io2t2nuy]: started parsing
[07Dec2025 23:26:18.877] [Server thread/DEBUG] [org.enginehub.piston.impl.CommandParser/]: [129y6io2t2nuy]: Consuming argument `glass`
[07Dec2025 23:26:18.877] [Server thread/DEBUG] [org.enginehub.piston.impl.CommandParser/]: [129y6io2t2nuy]: Finished looking at arguments. Finalizing command.
[07Dec2025 23:26:19.157] [Server thread/INFO] [net.minecraft.server.network.ServerGamePacketListenerImpl/]: Xplix issued server command: //set glass
[07Dec2025 23:26:19.157] [Server thread/DEBUG] [org.enginehub.piston.impl.CommandParser/]: [061o8evbflujs]: started parsing
[07Dec2025 23:26:19.157] [Server thread/DEBUG] [org.enginehub.piston.impl.CommandParser/]: [061o8evbflujs]: Consuming argument `glass`
[07Dec2025 23:26:19.157] [Server thread/DEBUG] [org.enginehub.piston.impl.CommandParser/]: [061o8evbflujs]: Finished looking at arguments. Finalizing command.
[07Dec2025 23:26:23.875] [Server thread/DEBUG] [org.enginehub.piston.impl.CommandParser/]: [07g5kakrczjtx]: started parsing
[07Dec2025 23:26:23.875] [Server thread/DEBUG] [org.enginehub.piston.impl.CommandParser/]: [07g5kakrczjtx]: Consuming argument `glass`
[07Dec2025 23:26:23.875] [Server thread/DEBUG] [org.enginehub.piston.impl.CommandParser/]: [07g5kakrczjtx]: Finished looking at arguments. Finalizing command.
[07Dec2025 23:26:23.876] [Server thread/DEBUG] [org.enginehub.piston.impl.CommandParser/]: [1nskaz6kcj3kw]: started parsing
[07Dec2025 23:26:23.876] [Server thread/DEBUG] [org.enginehub.piston.impl.CommandParser/]: [1nskaz6kcj3kw]: Consuming argument `glass`
[07Dec2025 23:26:23.876] [Server thread/DEBUG] [org.enginehub.piston.impl.CommandParser/]: [1nskaz6kcj3kw]: Finished looking at arguments. Finalizing command.
[07Dec2025 23:26:24.233] [Server thread/INFO] [net.minecraft.server.network.ServerGamePacketListenerImpl/]: Xplix issued server command: //set glass
[07Dec2025 23:26:24.234] [Server thread/DEBUG] [org.enginehub.piston.impl.CommandParser/]: [0qkesdyn3ryl2]: started parsing
[07Dec2025 23:26:24.234] [Server thread/DEBUG] [org.enginehub.piston.impl.CommandParser/]: [0qkesdyn3ryl2]: Consuming argument `glass`
[07Dec2025 23:26:24.234] [Server thread/DEBUG] [org.enginehub.piston.impl.CommandParser/]: [0qkesdyn3ryl2]: Finished looking at arguments. Finalizing command.
[07Dec2025 23:26:27.628] [Server thread/DEBUG] [org.enginehub.piston.impl.CommandParser/]: [1ce0v6sq2u42c]: started parsing
[07Dec2025 23:26:27.628] [Server thread/DEBUG] [org.enginehub.piston.impl.CommandParser/]: [1ce0v6sq2u42c]: Consuming argument `glass`
[07Dec2025 23:26:27.629] [Server thread/DEBUG] [org.enginehub.piston.impl.CommandParser/]: [1ce0v6sq2u42c]: Finished looking at arguments. Finalizing command.
[07Dec2025 23:26:27.629] [Server thread/DEBUG] [org.enginehub.piston.impl.CommandParser/]: [1sql5pxdqblgk]: started parsing
[07Dec2025 23:26:27.629] [Server thread/DEBUG] [org.enginehub.piston.impl.CommandParser/]: [1sql5pxdqblgk]: Consuming argument `glass`
[07Dec2025 23:26:27.629] [Server thread/DEBUG] [org.enginehub.piston.impl.CommandParser/]: [1sql5pxdqblgk]: Finished looking at arguments. Finalizing command.
[07Dec2025 23:26:27.892] [Server thread/INFO] [net.minecraft.server.network.ServerGamePacketListenerImpl/]: Xplix issued server command: //set glass
[07Dec2025 23:26:27.892] [Server thread/DEBUG] [org.enginehub.piston.impl.CommandParser/]: [11cip3awr8e4t]: started parsing
[07Dec2025 23:26:27.892] [Server thread/DEBUG] [org.enginehub.piston.impl.CommandParser/]: [11cip3awr8e4t]: Consuming argument `glass`
[07Dec2025 23:26:27.892] [Server thread/DEBUG] [org.enginehub.piston.impl.CommandParser/]: [11cip3awr8e4t]: Finished looking at arguments. Finalizing command.
[07Dec2025 23:26:34.302] [Server thread/DEBUG] [org.enginehub.piston.impl.CommandParser/]: [1o7vnb4nks71e]: started parsing
[07Dec2025 23:26:34.302] [Server thread/DEBUG] [org.enginehub.piston.impl.CommandParser/]: [1o7vnb4nks71e]: Consuming argument `glass`
[07Dec2025 23:26:34.302] [Server thread/DEBUG] [org.enginehub.piston.impl.CommandParser/]: [1o7vnb4nks71e]: Finished looking at arguments. Finalizing command.
[07Dec2025 23:26:34.302] [Server thread/DEBUG] [org.enginehub.piston.impl.CommandParser/]: [0ddniwx0sip99]: started parsing
[07Dec2025 23:26:34.302] [Server thread/DEBUG] [org.enginehub.piston.impl.CommandParser/]: [0ddniwx0sip99]: Consuming argument `glass`
[07Dec2025 23:26:34.302] [Server thread/DEBUG] [org.enginehub.piston.impl.CommandParser/]: [0ddniwx0sip99]: Finished looking at arguments. Finalizing command.
[07Dec2025 23:26:34.587] [Server thread/INFO] [net.minecraft.server.network.ServerGamePacketListenerImpl/]: Xplix issued server command: //set glass
[07Dec2025 23:26:34.588] [Server thread/DEBUG] [org.enginehub.piston.impl.CommandParser/]: [0or66l2xmg5xa]: started parsing
[07Dec2025 23:26:34.588] [Server thread/DEBUG] [org.enginehub.piston.impl.CommandParser/]: [0or66l2xmg5xa]: Consuming argument `glass`
[07Dec2025 23:26:34.589] [Server thread/DEBUG] [org.enginehub.piston.impl.CommandParser/]: [0or66l2xmg5xa]: Finished looking at arguments. Finalizing command.
[07Dec2025 23:26:41.978] [Server thread/DEBUG] [org.enginehub.piston.impl.CommandParser/]: [1ox1921nzbfxt]: started parsing
[07Dec2025 23:26:41.978] [Server thread/DEBUG] [org.enginehub.piston.impl.CommandParser/]: [1ox1921nzbfxt]: Consuming argument `glass`
[07Dec2025 23:26:41.978] [Server thread/DEBUG] [org.enginehub.piston.impl.CommandParser/]: [1ox1921nzbfxt]: Finished looking at arguments. Finalizing command.
[07Dec2025 23:26:41.978] [Server thread/DEBUG] [org.enginehub.piston.impl.CommandParser/]: [1l1nvviqov2n7]: started parsing
[07Dec2025 23:26:41.978] [Server thread/DEBUG] [org.enginehub.piston.impl.CommandParser/]: [1l1nvviqov2n7]: Consuming argument `glass`
[07Dec2025 23:26:41.978] [Server thread/DEBUG] [org.enginehub.piston.impl.CommandParser/]: [1l1nvviqov2n7]: Finished looking at arguments. Finalizing command.
[07Dec2025 23:26:42.223] [Server thread/INFO] [net.minecraft.server.network.ServerGamePacketListenerImpl/]: Xplix issued server command: //set glass
[07Dec2025 23:26:42.224] [Server thread/DEBUG] [org.enginehub.piston.impl.CommandParser/]: [1tfz5itsflhv4]: started parsing
[07Dec2025 23:26:42.224] [Server thread/DEBUG] [org.enginehub.piston.impl.CommandParser/]: [1tfz5itsflhv4]: Consuming argument `glass`
[07Dec2025 23:26:42.224] [Server thread/DEBUG] [org.enginehub.piston.impl.CommandParser/]: [1tfz5itsflhv4]: Finished looking at arguments. Finalizing command.
[07Dec2025 23:26:58.037] [Server thread/DEBUG] [org.enginehub.piston.impl.CommandParser/]: [1ljfc87x9hdb1]: started parsing
[07Dec2025 23:26:58.038] [Server thread/DEBUG] [org.enginehub.piston.impl.CommandParser/]: [1ljfc87x9hdb1]: Consuming argument `glass`
[07Dec2025 23:26:58.038] [Server thread/DEBUG] [org.enginehub.piston.impl.CommandParser/]: [1ljfc87x9hdb1]: Finished looking at arguments. Finalizing command.
[07Dec2025 23:26:58.038] [Server thread/DEBUG] [org.enginehub.piston.impl.CommandParser/]: [1f4mw145sqlyp]: started parsing
[07Dec2025 23:26:58.038] [Server thread/DEBUG] [org.enginehub.piston.impl.CommandParser/]: [1f4mw145sqlyp]: Consuming argument `glass`
[07Dec2025 23:26:58.039] [Server thread/DEBUG] [org.enginehub.piston.impl.CommandParser/]: [1f4mw145sqlyp]: Finished looking at arguments. Finalizing command.
[07Dec2025 23:26:58.365] [Server thread/INFO] [net.minecraft.server.network.ServerGamePacketListenerImpl/]: Xplix issued server command: //set glass
[07Dec2025 23:26:58.366] [Server thread/DEBUG] [org.enginehub.piston.impl.CommandParser/]: [1r1p2zdayrfx3]: started parsing
[07Dec2025 23:26:58.366] [Server thread/DEBUG] [org.enginehub.piston.impl.CommandParser/]: [1r1p2zdayrfx3]: Consuming argument `glass`
[07Dec2025 23:26:58.366] [Server thread/DEBUG] [org.enginehub.piston.impl.CommandParser/]: [1r1p2zdayrfx3]: Finished looking at arguments. Finalizing command.
[07Dec2025 23:27:03.373] [Server thread/DEBUG] [org.enginehub.piston.impl.CommandParser/]: [016jk8zx4v62x]: started parsing
[07Dec2025 23:27:03.373] [Server thread/DEBUG] [org.enginehub.piston.impl.CommandParser/]: [016jk8zx4v62x]: Consuming argument `glass`
[07Dec2025 23:27:03.373] [Server thread/DEBUG] [org.enginehub.piston.impl.CommandParser/]: [016jk8zx4v62x]: Finished looking at arguments. Finalizing command.
[07Dec2025 23:27:03.373] [Server thread/DEBUG] [org.enginehub.piston.impl.CommandParser/]: [0c3k4g56ekblh]: started parsing
[07Dec2025 23:27:03.373] [Server thread/DEBUG] [org.enginehub.piston.impl.CommandParser/]: [0c3k4g56ekblh]: Consuming argument `glass`
[07Dec2025 23:27:03.373] [Server thread/DEBUG] [org.enginehub.piston.impl.CommandParser/]: [0c3k4g56ekblh]: Finished looking at arguments. Finalizing command.
[07Dec2025 23:27:03.674] [Server thread/INFO] [net.minecraft.server.network.ServerGamePacketListenerImpl/]: Xplix issued server command: //set glass
[07Dec2025 23:27:03.674] [Server thread/DEBUG] [org.enginehub.piston.impl.CommandParser/]: [0rccmzle6fuw5]: started parsing
[07Dec2025 23:27:03.674] [Server thread/DEBUG] [org.enginehub.piston.impl.CommandParser/]: [0rccmzle6fuw5]: Consuming argument `glass`
[07Dec2025 23:27:03.674] [Server thread/DEBUG] [org.enginehub.piston.impl.CommandParser/]: [0rccmzle6fuw5]: Finished looking at arguments. Finalizing command.
[07Dec2025 23:27:14.451] [Server thread/DEBUG] [org.enginehub.piston.impl.CommandParser/]: [02jywgr3j1isa]: started parsing
[07Dec2025 23:27:14.451] [Server thread/DEBUG] [org.enginehub.piston.impl.CommandParser/]: [02jywgr3j1isa]: Consuming argument `glass`
[07Dec2025 23:27:14.451] [Server thread/DEBUG] [org.enginehub.piston.impl.CommandParser/]: [02jywgr3j1isa]: Finished looking at arguments. Finalizing command.
[07Dec2025 23:27:14.452] [Server thread/DEBUG] [org.enginehub.piston.impl.CommandParser/]: [0gm97sd9prhgo]: started parsing
[07Dec2025 23:27:14.452] [Server thread/DEBUG] [org.enginehub.piston.impl.CommandParser/]: [0gm97sd9prhgo]: Consuming argument `glass`
[07Dec2025 23:27:14.452] [Server thread/DEBUG] [org.enginehub.piston.impl.CommandParser/]: [0gm97sd9prhgo]: Finished looking at arguments. Finalizing command.
[07Dec2025 23:27:14.924] [Server thread/DEBUG] [org.enginehub.piston.impl.CommandParser/]: [1b2y5e7iithdf]: started parsing
[07Dec2025 23:27:14.924] [Server thread/DEBUG] [org.enginehub.piston.impl.CommandParser/]: [1b2y5e7iithdf]: Consuming argument `glass}`
[07Dec2025 23:27:14.925] [Server thread/INFO] [net.minecraft.server.network.ServerGamePacketListenerImpl/]: Xplix issued server command: //set glass}
[07Dec2025 23:27:14.926] [Server thread/DEBUG] [org.enginehub.piston.impl.CommandParser/]: [0yddgbxst6f3h]: started parsing
[07Dec2025 23:27:14.926] [Server thread/DEBUG] [org.enginehub.piston.impl.CommandParser/]: [0yddgbxst6f3h]: Consuming argument `glass}`
[07Dec2025 23:27:16.834] [Server thread/DEBUG] [org.enginehub.piston.impl.CommandParser/]: [042rosez3fhtk]: started parsing
[07Dec2025 23:27:16.834] [Server thread/DEBUG] [org.enginehub.piston.impl.CommandParser/]: [042rosez3fhtk]: Consuming argument `glass}`
[07Dec2025 23:27:16.835] [Server thread/DEBUG] [org.enginehub.piston.impl.CommandParser/]: [0vbjl5fzq1g73]: started parsing
[07Dec2025 23:27:16.835] [Server thread/DEBUG] [org.enginehub.piston.impl.CommandParser/]: [0vbjl5fzq1g73]: Consuming argument `glass}`
[07Dec2025 23:27:17.534] [Server thread/DEBUG] [org.enginehub.piston.impl.CommandParser/]: [12zrdlnhpoznv]: started parsing
[07Dec2025 23:27:17.534] [Server thread/DEBUG] [org.enginehub.piston.impl.CommandParser/]: [12zrdlnhpoznv]: Consuming argument `glass`
[07Dec2025 23:27:17.534] [Server thread/DEBUG] [org.enginehub.piston.impl.CommandParser/]: [12zrdlnhpoznv]: Finished looking at arguments. Finalizing command.
[07Dec2025 23:27:17.854] [Server thread/INFO] [net.minecraft.server.network.ServerGamePacketListenerImpl/]: Xplix issued server command: //set glass
[07Dec2025 23:27:17.855] [Server thread/DEBUG] [org.enginehub.piston.impl.CommandParser/]: [1i619f6i3gmg0]: started parsing
[07Dec2025 23:27:17.855] [Server thread/DEBUG] [org.enginehub.piston.impl.CommandParser/]: [1i619f6i3gmg0]: Consuming argument `glass`
[07Dec2025 23:27:17.855] [Server thread/DEBUG] [org.enginehub.piston.impl.CommandParser/]: [1i619f6i3gmg0]: Finished looking at arguments. Finalizing command.
[07Dec2025 23:27:27.067] [Server thread/DEBUG] [org.enginehub.piston.impl.CommandParser/]: [1nsoguni926cz]: started parsing
[07Dec2025 23:27:27.067] [Server thread/DEBUG] [org.enginehub.piston.impl.CommandParser/]: [1nsoguni926cz]: Consuming argument `glass`
[07Dec2025 23:27:27.067] [Server thread/DEBUG] [org.enginehub.piston.impl.CommandParser/]: [1nsoguni926cz]: Finished looking at arguments. Finalizing command.
[07Dec2025 23:27:27.068] [Server thread/DEBUG] [org.enginehub.piston.impl.CommandParser/]: [0lvm4e5cdqgyh]: started parsing
[07Dec2025 23:27:27.068] [Server thread/DEBUG] [org.enginehub.piston.impl.CommandParser/]: [0lvm4e5cdqgyh]: Consuming argument `glass`
[07Dec2025 23:27:27.068] [Server thread/DEBUG] [org.enginehub.piston.impl.CommandParser/]: [0lvm4e5cdqgyh]: Finished looking at arguments. Finalizing command.
[07Dec2025 23:27:27.570] [Server thread/INFO] [net.minecraft.server.network.ServerGamePacketListenerImpl/]: Xplix issued server command: //set glass
[07Dec2025 23:27:27.570] [Server thread/DEBUG] [org.enginehub.piston.impl.CommandParser/]: [0clpm0976wgx6]: started parsing
[07Dec2025 23:27:27.570] [Server thread/DEBUG] [org.enginehub.piston.impl.CommandParser/]: [0clpm0976wgx6]: Consuming argument `glass`
[07Dec2025 23:27:27.570] [Server thread/DEBUG] [org.enginehub.piston.impl.CommandParser/]: [0clpm0976wgx6]: Finished looking at arguments. Finalizing command.
[07Dec2025 23:27:32.760] [Server thread/DEBUG] [org.enginehub.piston.impl.CommandParser/]: [0rwazag17s11x]: started parsing
[07Dec2025 23:27:32.760] [Server thread/DEBUG] [org.enginehub.piston.impl.CommandParser/]: [0rwazag17s11x]: Consuming argument `glass`
[07Dec2025 23:27:32.760] [Server thread/DEBUG] [org.enginehub.piston.impl.CommandParser/]: [0rwazag17s11x]: Finished looking at arguments. Finalizing command.
[07Dec2025 23:27:32.760] [Server thread/DEBUG] [org.enginehub.piston.impl.CommandParser/]: [0ng50e4igdf3w]: started parsing
[07Dec2025 23:27:32.761] [Server thread/DEBUG] [org.enginehub.piston.impl.CommandParser/]: [0ng50e4igdf3w]: Consuming argument `glass`
[07Dec2025 23:27:32.761] [Server thread/DEBUG] [org.enginehub.piston.impl.CommandParser/]: [0ng50e4igdf3w]: Finished looking at arguments. Finalizing command.
[07Dec2025 23:27:33.094] [Server thread/INFO] [net.minecraft.server.network.ServerGamePacketListenerImpl/]: Xplix issued server command: //set glass
[07Dec2025 23:27:33.094] [Server thread/DEBUG] [org.enginehub.piston.impl.CommandParser/]: [0ukj1b5bxkxz2]: started parsing
[07Dec2025 23:27:33.094] [Server thread/DEBUG] [org.enginehub.piston.impl.CommandParser/]: [0ukj1b5bxkxz2]: Consuming argument `glass`
[07Dec2025 23:27:33.094] [Server thread/DEBUG] [org.enginehub.piston.impl.CommandParser/]: [0ukj1b5bxkxz2]: Finished looking at arguments. Finalizing command.
[07Dec2025 23:27:37.107] [Server thread/DEBUG] [org.enginehub.piston.impl.CommandParser/]: [1rh8uxnkwn87l]: started parsing
[07Dec2025 23:27:37.108] [Server thread/DEBUG] [org.enginehub.piston.impl.CommandParser/]: [1rh8uxnkwn87l]: Consuming argument `glass`
[07Dec2025 23:27:37.108] [Server thread/DEBUG] [org.enginehub.piston.impl.CommandParser/]: [1rh8uxnkwn87l]: Finished looking at arguments. Finalizing command.
[07Dec2025 23:27:37.108] [Server thread/DEBUG] [org.enginehub.piston.impl.CommandParser/]: [091anudzboy1j]: started parsing
[07Dec2025 23:27:37.108] [Server thread/DEBUG] [org.enginehub.piston.impl.CommandParser/]: [091anudzboy1j]: Consuming argument `glass`
[07Dec2025 23:27:37.108] [Server thread/DEBUG] [org.enginehub.piston.impl.CommandParser/]: [091anudzboy1j]: Finished looking at arguments. Finalizing command.
[07Dec2025 23:27:37.451] [Server thread/INFO] [net.minecraft.server.network.ServerGamePacketListenerImpl/]: Xplix issued server command: //set glass
[07Dec2025 23:27:37.451] [Server thread/DEBUG] [org.enginehub.piston.impl.CommandParser/]: [0goo6lpp0jj7e]: started parsing
[07Dec2025 23:27:37.451] [Server thread/DEBUG] [org.enginehub.piston.impl.CommandParser/]: [0goo6lpp0jj7e]: Consuming argument `glass`
[07Dec2025 23:27:37.451] [Server thread/DEBUG] [org.enginehub.piston.impl.CommandParser/]: [0goo6lpp0jj7e]: Finished looking at arguments. Finalizing command.
[07Dec2025 23:28:20.325] [Server thread/DEBUG] [org.enginehub.piston.impl.CommandParser/]: [0dloxmdhe103m]: started parsing
[07Dec2025 23:28:20.325] [Server thread/DEBUG] [org.enginehub.piston.impl.CommandParser/]: [0dloxmdhe103m]: Consuming argument `glass`
[07Dec2025 23:28:20.325] [Server thread/DEBUG] [org.enginehub.piston.impl.CommandParser/]: [0dloxmdhe103m]: Finished looking at arguments. Finalizing command.
[07Dec2025 23:28:20.326] [Server thread/DEBUG] [org.enginehub.piston.impl.CommandParser/]: [1xskotq3bmqt8]: started parsing
[07Dec2025 23:28:20.326] [Server thread/DEBUG] [org.enginehub.piston.impl.CommandParser/]: [1xskotq3bmqt8]: Consuming argument `glass`
[07Dec2025 23:28:20.326] [Server thread/DEBUG] [org.enginehub.piston.impl.CommandParser/]: [1xskotq3bmqt8]: Finished looking at arguments. Finalizing command.
[07Dec2025 23:28:20.630] [Server thread/INFO] [net.minecraft.server.network.ServerGamePacketListenerImpl/]: Xplix issued server command: //set glass
[07Dec2025 23:28:20.630] [Server thread/DEBUG] [org.enginehub.piston.impl.CommandParser/]: [1ri5t3hdgnrrg]: started parsing
[07Dec2025 23:28:20.630] [Server thread/DEBUG] [org.enginehub.piston.impl.CommandParser/]: [1ri5t3hdgnrrg]: Consuming argument `glass`
[07Dec2025 23:28:20.630] [Server thread/DEBUG] [org.enginehub.piston.impl.CommandParser/]: [1ri5t3hdgnrrg]: Finished looking at arguments. Finalizing command.
[07Dec2025 23:28:27.324] [Server thread/INFO] [net.minecraft.server.network.ServerGamePacketListenerImpl/]: BasseeMC issued server command: /gamemode spectator
[07Dec2025 23:28:27.329] [Server thread/INFO] [net.minecraft.server.MinecraftServer/]: [BasseeMC: Set own game mode to Spectator Mode]
[07Dec2025 23:28:43.014] [Server thread/INFO] [net.minecraft.server.network.ServerGamePacketListenerImpl/]: BasseeMC issued server command: /gamemode creative
[07Dec2025 23:28:43.015] [Server thread/INFO] [net.minecraft.server.MinecraftServer/]: [BasseeMC: Set own game mode to Creative Mode]
[07Dec2025 23:28:46.742] [Server thread/DEBUG] [org.enginehub.piston.impl.CommandParser/]: [07vh23ylyj9su]: started parsing
[07Dec2025 23:28:46.742] [Server thread/DEBUG] [org.enginehub.piston.impl.CommandParser/]: [07vh23ylyj9su]: Consuming argument `glass`
[07Dec2025 23:28:46.742] [Server thread/DEBUG] [org.enginehub.piston.impl.CommandParser/]: [07vh23ylyj9su]: Finished looking at arguments. Finalizing command.
[07Dec2025 23:28:46.743] [Server thread/DEBUG] [org.enginehub.piston.impl.CommandParser/]: [08jpjn4m6kehf]: started parsing
[07Dec2025 23:28:46.743] [Server thread/DEBUG] [org.enginehub.piston.impl.CommandParser/]: [08jpjn4m6kehf]: Consuming argument `glass`
[07Dec2025 23:28:46.743] [Server thread/DEBUG] [org.enginehub.piston.impl.CommandParser/]: [08jpjn4m6kehf]: Finished looking at arguments. Finalizing command.
[07Dec2025 23:28:47.055] [Server thread/INFO] [net.minecraft.server.network.ServerGamePacketListenerImpl/]: Xplix issued server command: //set glass
[07Dec2025 23:28:47.056] [Server thread/DEBUG] [org.enginehub.piston.impl.CommandParser/]: [0zjtn7es4bc9c]: started parsing
[07Dec2025 23:28:47.056] [Server thread/DEBUG] [org.enginehub.piston.impl.CommandParser/]: [0zjtn7es4bc9c]: Consuming argument `glass`
[07Dec2025 23:28:47.056] [Server thread/DEBUG] [org.enginehub.piston.impl.CommandParser/]: [0zjtn7es4bc9c]: Finished looking at arguments. Finalizing command.
[07Dec2025 23:28:50.527] [Server thread/DEBUG] [org.enginehub.piston.impl.CommandParser/]: [1uztlon6b2lef]: started parsing
[07Dec2025 23:28:50.527] [Server thread/DEBUG] [org.enginehub.piston.impl.CommandParser/]: [1uztlon6b2lef]: Consuming argument `glass`
[07Dec2025 23:28:50.527] [Server thread/DEBUG] [org.enginehub.piston.impl.CommandParser/]: [1uztlon6b2lef]: Finished looking at arguments. Finalizing command.
[07Dec2025 23:28:50.527] [Server thread/DEBUG] [org.enginehub.piston.impl.CommandParser/]: [0eah9cmv8x0c0]: started parsing
[07Dec2025 23:28:50.527] [Server thread/DEBUG] [org.enginehub.piston.impl.CommandParser/]: [0eah9cmv8x0c0]: Consuming argument `glass`
[07Dec2025 23:28:50.527] [Server thread/DEBUG] [org.enginehub.piston.impl.CommandParser/]: [0eah9cmv8x0c0]: Finished looking at arguments. Finalizing command.
[07Dec2025 23:28:50.771] [Server thread/INFO] [net.minecraft.server.network.ServerGamePacketListenerImpl/]: BasseeMC issued server command: /gamemode spectator
[07Dec2025 23:28:50.772] [Server thread/INFO] [net.minecraft.server.MinecraftServer/]: [BasseeMC: Set own game mode to Spectator Mode]
[07Dec2025 23:28:50.850] [Server thread/INFO] [net.minecraft.server.network.ServerGamePacketListenerImpl/]: Xplix issued server command: //set glass
[07Dec2025 23:28:50.850] [Server thread/DEBUG] [org.enginehub.piston.impl.CommandParser/]: [07luktbeuxyne]: started parsing
[07Dec2025 23:28:50.850] [Server thread/DEBUG] [org.enginehub.piston.impl.CommandParser/]: [07luktbeuxyne]: Consuming argument `glass`
[07Dec2025 23:28:50.850] [Server thread/DEBUG] [org.enginehub.piston.impl.CommandParser/]: [07luktbeuxyne]: Finished looking at arguments. Finalizing command.
[07Dec2025 23:28:56.897] [Server thread/DEBUG] [org.enginehub.piston.impl.CommandParser/]: [0qleicsxh8w7x]: started parsing
[07Dec2025 23:28:56.897] [Server thread/DEBUG] [org.enginehub.piston.impl.CommandParser/]: [0qleicsxh8w7x]: Consuming argument `glass`
[07Dec2025 23:28:56.897] [Server thread/DEBUG] [org.enginehub.piston.impl.CommandParser/]: [0qleicsxh8w7x]: Finished looking at arguments. Finalizing command.
[07Dec2025 23:28:56.897] [Server thread/DEBUG] [org.enginehub.piston.impl.CommandParser/]: [1smphf5i9xfic]: started parsing
[07Dec2025 23:28:56.897] [Server thread/DEBUG] [org.enginehub.piston.impl.CommandParser/]: [1smphf5i9xfic]: Consuming argument `glass`
[07Dec2025 23:28:56.897] [Server thread/DEBUG] [org.enginehub.piston.impl.CommandParser/]: [1smphf5i9xfic]: Finished looking at arguments. Finalizing command.
[07Dec2025 23:28:57.045] [Server thread/DEBUG] [net.minecraftforge.common.ForgeHooks/WP]: Gathering id map for writing to world save Squid Alpaca Games
[07Dec2025 23:28:57.049] [Server thread/DEBUG] [net.minecraftforge.common.ForgeHooks/WP]: ID Map collection complete Squid Alpaca Games
[07Dec2025 23:28:57.145] [Server thread/INFO] [net.minecraft.server.network.ServerGamePacketListenerImpl/]: Xplix issued server command: //set glass
[07Dec2025 23:28:57.145] [Server thread/DEBUG] [org.enginehub.piston.impl.CommandParser/]: [14jw91tw86g4d]: started parsing
[07Dec2025 23:28:57.145] [Server thread/DEBUG] [org.enginehub.piston.impl.CommandParser/]: [14jw91tw86g4d]: Consuming argument `glass`
[07Dec2025 23:28:57.145] [Server thread/DEBUG] [org.enginehub.piston.impl.CommandParser/]: [14jw91tw86g4d]: Finished looking at arguments. Finalizing command.
[07Dec2025 23:29:02.836] [Server thread/DEBUG] [org.enginehub.piston.impl.CommandParser/]: [0b6ybqni4z31k]: started parsing
[07Dec2025 23:29:02.836] [Server thread/DEBUG] [org.enginehub.piston.impl.CommandParser/]: [0b6ybqni4z31k]: Consuming argument `glass`
[07Dec2025 23:29:02.841] [Server thread/DEBUG] [org.enginehub.piston.impl.CommandParser/]: [0b6ybqni4z31k]: Finished looking at arguments. Finalizing command.
[07Dec2025 23:29:02.871] [Server thread/DEBUG] [org.enginehub.piston.impl.CommandParser/]: [1uk5f55jr5d92]: started parsing
[07Dec2025 23:29:02.871] [Server thread/DEBUG] [org.enginehub.piston.impl.CommandParser/]: [1uk5f55jr5d92]: Consuming argument `glass`
[07Dec2025 23:29:02.871] [Server thread/DEBUG] [org.enginehub.piston.impl.CommandParser/]: [1uk5f55jr5d92]: Finished looking at arguments. Finalizing command.
[07Dec2025 23:29:03.103] [Server thread/INFO] [net.minecraft.server.network.ServerGamePacketListenerImpl/]: Xplix issued server command: //set glass
[07Dec2025 23:29:03.103] [Server thread/DEBUG] [org.enginehub.piston.impl.CommandParser/]: [0ryweepnuqld8]: started parsing
[07Dec2025 23:29:03.103] [Server thread/DEBUG] [org.enginehub.piston.impl.CommandParser/]: [0ryweepnuqld8]: Consuming argument `glass`
[07Dec2025 23:29:03.103] [Server thread/DEBUG] [org.enginehub.piston.impl.CommandParser/]: [0ryweepnuqld8]: Finished looking at arguments. Finalizing command.
[07Dec2025 23:29:12.995] [Server thread/DEBUG] [org.enginehub.piston.impl.CommandParser/]: [0j9dpp4j62wfz]: started parsing
[07Dec2025 23:29:12.995] [Server thread/DEBUG] [org.enginehub.piston.impl.CommandParser/]: [0j9dpp4j62wfz]: Consuming argument `glass`
[07Dec2025 23:29:12.995] [Server thread/DEBUG] [org.enginehub.piston.impl.CommandParser/]: [0j9dpp4j62wfz]: Finished looking at arguments. Finalizing command.
[07Dec2025 23:29:12.995] [Server thread/DEBUG] [org.enginehub.piston.impl.CommandParser/]: [1er5tb6v3n3mv]: started parsing
[07Dec2025 23:29:12.995] [Server thread/DEBUG] [org.enginehub.piston.impl.CommandParser/]: [1er5tb6v3n3mv]: Consuming argument `glass`
[07Dec2025 23:29:12.995] [Server thread/DEBUG] [org.enginehub.piston.impl.CommandParser/]: [1er5tb6v3n3mv]: Finished looking at arguments. Finalizing command.
[07Dec2025 23:29:13.296] [Server thread/INFO] [net.minecraft.server.network.ServerGamePacketListenerImpl/]: Xplix issued server command: //set glass
[07Dec2025 23:29:13.296] [Server thread/DEBUG] [org.enginehub.piston.impl.CommandParser/]: [0gvwmqw13q36l]: started parsing
[07Dec2025 23:29:13.296] [Server thread/DEBUG] [org.enginehub.piston.impl.CommandParser/]: [0gvwmqw13q36l]: Consuming argument `glass`
[07Dec2025 23:29:13.296] [Server thread/DEBUG] [org.enginehub.piston.impl.CommandParser/]: [0gvwmqw13q36l]: Finished looking at arguments. Finalizing command.
[07Dec2025 23:29:17.098] [Server thread/DEBUG] [org.enginehub.piston.impl.CommandParser/]: [0h3gdj2y7sjf1]: started parsing
[07Dec2025 23:29:17.098] [Server thread/DEBUG] [org.enginehub.piston.impl.CommandParser/]: [0h3gdj2y7sjf1]: Consuming argument `glass`
[07Dec2025 23:29:17.098] [Server thread/DEBUG] [org.enginehub.piston.impl.CommandParser/]: [0h3gdj2y7sjf1]: Finished looking at arguments. Finalizing command.
[07Dec2025 23:29:17.098] [Server thread/DEBUG] [org.enginehub.piston.impl.CommandParser/]: [08rcv41pb4lkx]: started parsing
[07Dec2025 23:29:17.098] [Server thread/DEBUG] [org.enginehub.piston.impl.CommandParser/]: [08rcv41pb4lkx]: Consuming argument `glass`
[07Dec2025 23:29:17.098] [Server thread/DEBUG] [org.enginehub.piston.impl.CommandParser/]: [08rcv41pb4lkx]: Finished looking at arguments. Finalizing command.
[07Dec2025 23:29:17.374] [Server thread/INFO] [net.minecraft.server.network.ServerGamePacketListenerImpl/]: Xplix issued server command: //set glass
[07Dec2025 23:29:17.374] [Server thread/DEBUG] [org.enginehub.piston.impl.CommandParser/]: [139zlsz83grhq]: started parsing
[07Dec2025 23:29:17.374] [Server thread/DEBUG] [org.enginehub.piston.impl.CommandParser/]: [139zlsz83grhq]: Consuming argument `glass`
[07Dec2025 23:29:17.374] [Server thread/DEBUG] [org.enginehub.piston.impl.CommandParser/]: [139zlsz83grhq]: Finished looking at arguments. Finalizing command.
[07Dec2025 23:29:19.580] [Server thread/INFO] [net.minecraft.server.network.ServerGamePacketListenerImpl/]: BasseeMC issued server command: /gamemode creative
[07Dec2025 23:29:19.581] [Server thread/INFO] [net.minecraft.server.MinecraftServer/]: [BasseeMC: Set own game mode to Creative Mode]
[07Dec2025 23:29:21.446] [Server thread/DEBUG] [org.enginehub.piston.impl.CommandParser/]: [0r0md193hrgpx]: started parsing
[07Dec2025 23:29:21.446] [Server thread/DEBUG] [org.enginehub.piston.impl.CommandParser/]: [0r0md193hrgpx]: Consuming argument `glass`
[07Dec2025 23:29:21.447] [Server thread/DEBUG] [org.enginehub.piston.impl.CommandParser/]: [0r0md193hrgpx]: Finished looking at arguments. Finalizing command.
[07Dec2025 23:29:21.447] [Server thread/DEBUG] [org.enginehub.piston.impl.CommandParser/]: [0xazq2f6fey30]: started parsing
[07Dec2025 23:29:21.447] [Server thread/DEBUG] [org.enginehub.piston.impl.CommandParser/]: [0xazq2f6fey30]: Consuming argument `glass`
[07Dec2025 23:29:21.447] [Server thread/DEBUG] [org.enginehub.piston.impl.CommandParser/]: [0xazq2f6fey30]: Finished looking at arguments. Finalizing command.
[07Dec2025 23:29:22.073] [Server thread/INFO] [net.minecraft.server.network.ServerGamePacketListenerImpl/]: Xplix issued server command: //set glass
[07Dec2025 23:29:22.074] [Server thread/DEBUG] [org.enginehub.piston.impl.CommandParser/]: [0du2dy4hvsnh3]: started parsing
[07Dec2025 23:29:22.074] [Server thread/DEBUG] [org.enginehub.piston.impl.CommandParser/]: [0du2dy4hvsnh3]: Consuming argument `glass`
[07Dec2025 23:29:22.074] [Server thread/DEBUG] [org.enginehub.piston.impl.CommandParser/]: [0du2dy4hvsnh3]: Finished looking at arguments. Finalizing command.
[07Dec2025 23:29:32.685] [Server thread/DEBUG] [org.enginehub.piston.impl.CommandParser/]: [19uobi65c12nj]: started parsing
[07Dec2025 23:29:32.686] [Server thread/DEBUG] [org.enginehub.piston.impl.CommandParser/]: [19uobi65c12nj]: Consuming argument `glass`
[07Dec2025 23:29:32.686] [Server thread/DEBUG] [org.enginehub.piston.impl.CommandParser/]: [19uobi65c12nj]: Finished looking at arguments. Finalizing command.
[07Dec2025 23:29:32.686] [Server thread/DEBUG] [org.enginehub.piston.impl.CommandParser/]: [0pksf4ltkvu7o]: started parsing
[07Dec2025 23:29:32.686] [Server thread/DEBUG] [org.enginehub.piston.impl.CommandParser/]: [0pksf4ltkvu7o]: Consuming argument `glass`
[07Dec2025 23:29:32.686] [Server thread/DEBUG] [org.enginehub.piston.impl.CommandParser/]: [0pksf4ltkvu7o]: Finished looking at arguments. Finalizing command.
[07Dec2025 23:29:32.993] [Server thread/INFO] [net.minecraft.server.network.ServerGamePacketListenerImpl/]: Xplix issued server command: //set glass
[07Dec2025 23:29:32.993] [Server thread/DEBUG] [org.enginehub.piston.impl.CommandParser/]: [02hyf8j5nzu30]: started parsing
[07Dec2025 23:29:32.993] [Server thread/DEBUG] [org.enginehub.piston.impl.CommandParser/]: [02hyf8j5nzu30]: Consuming argument `glass`
[07Dec2025 23:29:32.994] [Server thread/DEBUG] [org.enginehub.piston.impl.CommandParser/]: [02hyf8j5nzu30]: Finished looking at arguments. Finalizing command.
[07Dec2025 23:29:43.464] [Server thread/DEBUG] [org.enginehub.piston.impl.CommandParser/]: [1swpp54juhx3r]: started parsing
[07Dec2025 23:29:43.464] [Server thread/DEBUG] [org.enginehub.piston.impl.CommandParser/]: [1swpp54juhx3r]: Consuming argument `glass`
[07Dec2025 23:29:43.464] [Server thread/DEBUG] [org.enginehub.piston.impl.CommandParser/]: [1swpp54juhx3r]: Finished looking at arguments. Finalizing command.
[07Dec2025 23:29:43.464] [Server thread/DEBUG] [org.enginehub.piston.impl.CommandParser/]: [0kohuqvpdspph]: started parsing
[07Dec2025 23:29:43.464] [Server thread/DEBUG] [org.enginehub.piston.impl.CommandParser/]: [0kohuqvpdspph]: Consuming argument `glass`
[07Dec2025 23:29:43.464] [Server thread/DEBUG] [org.enginehub.piston.impl.CommandParser/]: [0kohuqvpdspph]: Finished looking at arguments. Finalizing command.
[07Dec2025 23:29:44.274] [Server thread/INFO] [net.minecraft.server.network.ServerGamePacketListenerImpl/]: Xplix issued server command: //set glass
[07Dec2025 23:29:44.275] [Server thread/DEBUG] [org.enginehub.piston.impl.CommandParser/]: [0i1m7183deefv]: started parsing
[07Dec2025 23:29:44.275] [Server thread/DEBUG] [org.enginehub.piston.impl.CommandParser/]: [0i1m7183deefv]: Consuming argument `glass`
[07Dec2025 23:29:44.275] [Server thread/DEBUG] [org.enginehub.piston.impl.CommandParser/]: [0i1m7183deefv]: Finished looking at arguments. Finalizing command.
[07Dec2025 23:29:49.296] [Server thread/DEBUG] [org.enginehub.piston.impl.CommandParser/]: [116me7xg3ngtx]: started parsing
[07Dec2025 23:29:49.296] [Server thread/DEBUG] [org.enginehub.piston.impl.CommandParser/]: [116me7xg3ngtx]: Consuming argument `glass`
[07Dec2025 23:29:49.296] [Server thread/DEBUG] [org.enginehub.piston.impl.CommandParser/]: [116me7xg3ngtx]: Finished looking at arguments. Finalizing command.
[07Dec2025 23:29:49.296] [Server thread/DEBUG] [org.enginehub.piston.impl.CommandParser/]: [193diyn7u1wry]: started parsing
[07Dec2025 23:29:49.296] [Server thread/DEBUG] [org.enginehub.piston.impl.CommandParser/]: [193diyn7u1wry]: Consuming argument `glass`
[07Dec2025 23:29:49.296] [Server thread/DEBUG] [org.enginehub.piston.impl.CommandParser/]: [193diyn7u1wry]: Finished looking at arguments. Finalizing command.
[07Dec2025 23:29:49.640] [Server thread/INFO] [net.minecraft.server.network.ServerGamePacketListenerImpl/]: Xplix issued server command: //set glass
[07Dec2025 23:29:49.640] [Server thread/DEBUG] [org.enginehub.piston.impl.CommandParser/]: [02xuvrlzt6wzs]: started parsing
[07Dec2025 23:29:49.640] [Server thread/DEBUG] [org.enginehub.piston.impl.CommandParser/]: [02xuvrlzt6wzs]: Consuming argument `glass`
[07Dec2025 23:29:49.640] [Server thread/DEBUG] [org.enginehub.piston.impl.CommandParser/]: [02xuvrlzt6wzs]: Finished looking at arguments. Finalizing command.
[07Dec2025 23:30:08.732] [Server thread/DEBUG] [org.enginehub.piston.impl.CommandParser/]: [1um8iakb1cum7]: started parsing
[07Dec2025 23:30:08.732] [Server thread/DEBUG] [org.enginehub.piston.impl.CommandParser/]: [1um8iakb1cum7]: Consuming argument `glass`
[07Dec2025 23:30:08.732] [Server thread/DEBUG] [org.enginehub.piston.impl.CommandParser/]: [1um8iakb1cum7]: Finished looking at arguments. Finalizing command.
[07Dec2025 23:30:08.733] [Server thread/DEBUG] [org.enginehub.piston.impl.CommandParser/]: [0cwgoj2e468j6]: started parsing
[07Dec2025 23:30:08.733] [Server thread/DEBUG] [org.enginehub.piston.impl.CommandParser/]: [0cwgoj2e468j6]: Consuming argument `glass`
[07Dec2025 23:30:08.733] [Server thread/DEBUG] [org.enginehub.piston.impl.CommandParser/]: [0cwgoj2e468j6]: Finished looking at arguments. Finalizing command.
[07Dec2025 23:30:09.037] [Server thread/INFO] [net.minecraft.server.network.ServerGamePacketListenerImpl/]: Xplix issued server command: //set glass
[07Dec2025 23:30:09.038] [Server thread/DEBUG] [org.enginehub.piston.impl.CommandParser/]: [1o67re0dbxuwu]: started parsing
[07Dec2025 23:30:09.038] [Server thread/DEBUG] [org.enginehub.piston.impl.CommandParser/]: [1o67re0dbxuwu]: Consuming argument `glass`
[07Dec2025 23:30:09.038] [Server thread/DEBUG] [org.enginehub.piston.impl.CommandParser/]: [1o67re0dbxuwu]: Finished looking at arguments. Finalizing command.
[07Dec2025 23:30:12.598] [Server thread/DEBUG] [org.enginehub.piston.impl.CommandParser/]: [15fst59spylsl]: started parsing
[07Dec2025 23:30:12.598] [Server thread/DEBUG] [org.enginehub.piston.impl.CommandParser/]: [15fst59spylsl]: Consuming argument `glass`
[07Dec2025 23:30:12.598] [Server thread/DEBUG] [org.enginehub.piston.impl.CommandParser/]: [15fst59spylsl]: Finished looking at arguments. Finalizing command.
[07Dec2025 23:30:12.599] [Server thread/DEBUG] [org.enginehub.piston.impl.CommandParser/]: [1dh6zoh3pfzxq]: started parsing
[07Dec2025 23:30:12.599] [Server thread/DEBUG] [org.enginehub.piston.impl.CommandParser/]: [1dh6zoh3pfzxq]: Consuming argument `glass`
[07Dec2025 23:30:12.599] [Server thread/DEBUG] [org.enginehub.piston.impl.CommandParser/]: [1dh6zoh3pfzxq]: Finished looking at arguments. Finalizing command.
[07Dec2025 23:30:12.888] [Server thread/INFO] [net.minecraft.server.network.ServerGamePacketListenerImpl/]: Xplix issued server command: //set glass
[07Dec2025 23:30:12.888] [Server thread/DEBUG] [org.enginehub.piston.impl.CommandParser/]: [17hsbjgwjvuad]: started parsing
[07Dec2025 23:30:12.888] [Server thread/DEBUG] [org.enginehub.piston.impl.CommandParser/]: [17hsbjgwjvuad]: Consuming argument `glass`
[07Dec2025 23:30:12.888] [Server thread/DEBUG] [org.enginehub.piston.impl.CommandParser/]: [17hsbjgwjvuad]: Finished looking at arguments. Finalizing command.
[07Dec2025 23:30:36.144] [Server thread/DEBUG] [org.enginehub.piston.impl.CommandParser/]: [15w3ukhigvjhv]: started parsing
[07Dec2025 23:30:36.144] [Server thread/DEBUG] [org.enginehub.piston.impl.CommandParser/]: [15w3ukhigvjhv]: Consuming argument `glass`
[07Dec2025 23:30:36.144] [Server thread/DEBUG] [org.enginehub.piston.impl.CommandParser/]: [15w3ukhigvjhv]: Finished looking at arguments. Finalizing command.
[07Dec2025 23:30:36.144] [Server thread/DEBUG] [org.enginehub.piston.impl.CommandParser/]: [19te14yv3yk7v]: started parsing
[07Dec2025 23:30:36.145] [Server thread/DEBUG] [org.enginehub.piston.impl.CommandParser/]: [19te14yv3yk7v]: Consuming argument `glass`
[07Dec2025 23:30:36.145] [Server thread/DEBUG] [org.enginehub.piston.impl.CommandParser/]: [19te14yv3yk7v]: Finished looking at arguments. Finalizing command.
[07Dec2025 23:30:36.469] [Server thread/INFO] [net.minecraft.server.network.ServerGamePacketListenerImpl/]: Xplix issued server command: //set glass
[07Dec2025 23:30:36.469] [Server thread/DEBUG] [org.enginehub.piston.impl.CommandParser/]: [1ju7z9x805qsm]: started parsing
[07Dec2025 23:30:36.469] [Server thread/DEBUG] [org.enginehub.piston.impl.CommandParser/]: [1ju7z9x805qsm]: Consuming argument `glass`
[07Dec2025 23:30:36.469] [Server thread/DEBUG] [org.enginehub.piston.impl.CommandParser/]: [1ju7z9x805qsm]: Finished looking at arguments. Finalizing command.
[07Dec2025 23:30:40.706] [Server thread/DEBUG] [org.enginehub.piston.impl.CommandParser/]: [0glxmbshajwy7]: started parsing
[07Dec2025 23:30:40.706] [Server thread/DEBUG] [org.enginehub.piston.impl.CommandParser/]: [0glxmbshajwy7]: Consuming argument `glass`
[07Dec2025 23:30:40.706] [Server thread/DEBUG] [org.enginehub.piston.impl.CommandParser/]: [0glxmbshajwy7]: Finished looking at arguments. Finalizing command.
[07Dec2025 23:30:40.706] [Server thread/DEBUG] [org.enginehub.piston.impl.CommandParser/]: [0vjmtk09bqm70]: started parsing
[07Dec2025 23:30:40.706] [Server thread/DEBUG] [org.enginehub.piston.impl.CommandParser/]: [0vjmtk09bqm70]: Consuming argument `glass`
[07Dec2025 23:30:40.706] [Server thread/DEBUG] [org.enginehub.piston.impl.CommandParser/]: [0vjmtk09bqm70]: Finished looking at arguments. Finalizing command.
[07Dec2025 23:30:40.960] [Server thread/INFO] [net.minecraft.server.network.ServerGamePacketListenerImpl/]: Xplix issued server command: //set glass
[07Dec2025 23:30:40.961] [Server thread/DEBUG] [org.enginehub.piston.impl.CommandParser/]: [0ehqrin54t7is]: started parsing
[07Dec2025 23:30:40.961] [Server thread/DEBUG] [org.enginehub.piston.impl.CommandParser/]: [0ehqrin54t7is]: Consuming argument `glass`
[07Dec2025 23:30:40.961] [Server thread/DEBUG] [org.enginehub.piston.impl.CommandParser/]: [0ehqrin54t7is]: Finished looking at arguments. Finalizing command.
[07Dec2025 23:30:48.974] [Server thread/INFO] [net.minecraft.server.network.ServerGamePacketListenerImpl/]: Xplix issued server command: /gamemode spectator
[07Dec2025 23:30:48.974] [Server thread/INFO] [net.minecraft.server.MinecraftServer/]: [Xplix: Set own game mode to Spectator Mode]
[07Dec2025 23:31:09.722] [Server thread/INFO] [net.minecraft.server.network.ServerGamePacketListenerImpl/]: Xplix issued server command: /gamemode creative
[07Dec2025 23:31:09.723] [Server thread/INFO] [net.minecraft.server.MinecraftServer/]: [Xplix: Set own game mode to Creative Mode]
[07Dec2025 23:32:02.967] [Server thread/DEBUG] [org.enginehub.piston.impl.CommandParser/]: [13mc51v41ig9p]: started parsing
[07Dec2025 23:32:02.967] [Server thread/DEBUG] [org.enginehub.piston.impl.CommandParser/]: [13mc51v41ig9p]: Consuming argument `glass`
[07Dec2025 23:32:02.968] [Server thread/DEBUG] [org.enginehub.piston.impl.CommandParser/]: [13mc51v41ig9p]: Finished looking at arguments. Finalizing command.
[07Dec2025 23:32:02.968] [Server thread/DEBUG] [org.enginehub.piston.impl.CommandParser/]: [0cjdpahmjzq0p]: started parsing
[07Dec2025 23:32:02.968] [Server thread/DEBUG] [org.enginehub.piston.impl.CommandParser/]: [0cjdpahmjzq0p]: Consuming argument `glass`
[07Dec2025 23:32:02.968] [Server thread/DEBUG] [org.enginehub.piston.impl.CommandParser/]: [0cjdpahmjzq0p]: Finished looking at arguments. Finalizing command.
[07Dec2025 23:32:03.323] [Server thread/INFO] [net.minecraft.server.network.ServerGamePacketListenerImpl/]: Xplix issued server command: //set glass
[07Dec2025 23:32:03.324] [Server thread/DEBUG] [org.enginehub.piston.impl.CommandParser/]: [139xijnjt0yet]: started parsing
[07Dec2025 23:32:03.324] [Server thread/DEBUG] [org.enginehub.piston.impl.CommandParser/]: [139xijnjt0yet]: Consuming argument `glass`
[07Dec2025 23:32:03.324] [Server thread/DEBUG] [org.enginehub.piston.impl.CommandParser/]: [139xijnjt0yet]: Finished looking at arguments. Finalizing command.
[07Dec2025 23:32:07.675] [Server thread/DEBUG] [org.enginehub.piston.impl.CommandParser/]: [0mc7l18syexzy]: started parsing
[07Dec2025 23:32:07.675] [Server thread/DEBUG] [org.enginehub.piston.impl.CommandParser/]: [0mc7l18syexzy]: Consuming argument `glass`
[07Dec2025 23:32:07.675] [Server thread/DEBUG] [org.enginehub.piston.impl.CommandParser/]: [0mc7l18syexzy]: Finished looking at arguments. Finalizing command.
[07Dec2025 23:32:07.675] [Server thread/DEBUG] [org.enginehub.piston.impl.CommandParser/]: [0swhckjilwrky]: started parsing
[07Dec2025 23:32:07.675] [Server thread/DEBUG] [org.enginehub.piston.impl.CommandParser/]: [0swhckjilwrky]: Consuming argument `glass`
[07Dec2025 23:32:07.675] [Server thread/DEBUG] [org.enginehub.piston.impl.CommandParser/]: [0swhckjilwrky]: Finished looking at arguments. Finalizing command.
[07Dec2025 23:32:08.037] [Server thread/INFO] [net.minecraft.server.network.ServerGamePacketListenerImpl/]: Xplix issued server command: //set glass
[07Dec2025 23:32:08.037] [Server thread/DEBUG] [org.enginehub.piston.impl.CommandParser/]: [19nu3v5kre40a]: started parsing
[07Dec2025 23:32:08.037] [Server thread/DEBUG] [org.enginehub.piston.impl.CommandParser/]: [19nu3v5kre40a]: Consuming argument `glass`
[07Dec2025 23:32:08.037] [Server thread/DEBUG] [org.enginehub.piston.impl.CommandParser/]: [19nu3v5kre40a]: Finished looking at arguments. Finalizing command.
[07Dec2025 23:32:13.337] [Server thread/DEBUG] [org.enginehub.piston.impl.CommandParser/]: [179p7ul8ywqpr]: started parsing
[07Dec2025 23:32:13.337] [Server thread/DEBUG] [org.enginehub.piston.impl.CommandParser/]: [179p7ul8ywqpr]: Consuming argument `glass`
[07Dec2025 23:32:13.337] [Server thread/DEBUG] [org.enginehub.piston.impl.CommandParser/]: [179p7ul8ywqpr]: Finished looking at arguments. Finalizing command.
[07Dec2025 23:32:13.337] [Server thread/DEBUG] [org.enginehub.piston.impl.CommandParser/]: [1vr7t8dv1pmrw]: started parsing
[07Dec2025 23:32:13.337] [Server thread/DEBUG] [org.enginehub.piston.impl.CommandParser/]: [1vr7t8dv1pmrw]: Consuming argument `glass`
[07Dec2025 23:32:13.337] [Server thread/DEBUG] [org.enginehub.piston.impl.CommandParser/]: [1vr7t8dv1pmrw]: Finished looking at arguments. Finalizing command.
[07Dec2025 23:32:13.670] [Server thread/INFO] [net.minecraft.server.network.ServerGamePacketListenerImpl/]: Xplix issued server command: //set glass
[07Dec2025 23:32:13.670] [Server thread/DEBUG] [org.enginehub.piston.impl.CommandParser/]: [0m0sl64lvdjt7]: started parsing
[07Dec2025 23:32:13.670] [Server thread/DEBUG] [org.enginehub.piston.impl.CommandParser/]: [0m0sl64lvdjt7]: Consuming argument `glass`
[07Dec2025 23:32:13.670] [Server thread/DEBUG] [org.enginehub.piston.impl.CommandParser/]: [0m0sl64lvdjt7]: Finished looking at arguments. Finalizing command.
[07Dec2025 23:32:17.278] [Server thread/DEBUG] [org.enginehub.piston.impl.CommandParser/]: [07m67m0h2qejp]: started parsing
[07Dec2025 23:32:17.278] [Server thread/DEBUG] [org.enginehub.piston.impl.CommandParser/]: [07m67m0h2qejp]: Consuming argument `glass`
[07Dec2025 23:32:17.278] [Server thread/DEBUG] [org.enginehub.piston.impl.CommandParser/]: [07m67m0h2qejp]: Finished looking at arguments. Finalizing command.
[07Dec2025 23:32:17.278] [Server thread/DEBUG] [org.enginehub.piston.impl.CommandParser/]: [1ok2mp7iyp23p]: started parsing
[07Dec2025 23:32:17.278] [Server thread/DEBUG] [org.enginehub.piston.impl.CommandParser/]: [1ok2mp7iyp23p]: Consuming argument `glass`
[07Dec2025 23:32:17.278] [Server thread/DEBUG] [org.enginehub.piston.impl.CommandParser/]: [1ok2mp7iyp23p]: Finished looking at arguments. Finalizing command.
[07Dec2025 23:32:17.593] [Server thread/INFO] [net.minecraft.server.network.ServerGamePacketListenerImpl/]: Xplix issued server command: //set glass
[07Dec2025 23:32:17.593] [Server thread/DEBUG] [org.enginehub.piston.impl.CommandParser/]: [0f667l2z403fx]: started parsing
[07Dec2025 23:32:17.593] [Server thread/DEBUG] [org.enginehub.piston.impl.CommandParser/]: [0f667l2z403fx]: Consuming argument `glass`
[07Dec2025 23:32:17.593] [Server thread/DEBUG] [org.enginehub.piston.impl.CommandParser/]: [0f667l2z403fx]: Finished looking at arguments. Finalizing command.
[07Dec2025 23:32:20.838] [Server thread/DEBUG] [org.enginehub.piston.impl.CommandParser/]: [1auo3okarqp34]: started parsing
[07Dec2025 23:32:20.838] [Server thread/DEBUG] [org.enginehub.piston.impl.CommandParser/]: [1auo3okarqp34]: Consuming argument `glass`
[07Dec2025 23:32:20.838] [Server thread/DEBUG] [org.enginehub.piston.impl.CommandParser/]: [1auo3okarqp34]: Finished looking at arguments. Finalizing command.
[07Dec2025 23:32:20.838] [Server thread/DEBUG] [org.enginehub.piston.impl.CommandParser/]: [1qsuz440n7oqw]: started parsing
[07Dec2025 23:32:20.838] [Server thread/DEBUG] [org.enginehub.piston.impl.CommandParser/]: [1qsuz440n7oqw]: Consuming argument `glass`
[07Dec2025 23:32:20.838] [Server thread/DEBUG] [org.enginehub.piston.impl.CommandParser/]: [1qsuz440n7oqw]: Finished looking at arguments. Finalizing command.
[07Dec2025 23:32:21.173] [Server thread/INFO] [net.minecraft.server.network.ServerGamePacketListenerImpl/]: Xplix issued server command: //set glass
[07Dec2025 23:32:21.174] [Server thread/DEBUG] [org.enginehub.piston.impl.CommandParser/]: [1wuqfjojqhqep]: started parsing
[07Dec2025 23:32:21.174] [Server thread/DEBUG] [org.enginehub.piston.impl.CommandParser/]: [1wuqfjojqhqep]: Consuming argument `glass`
[07Dec2025 23:32:21.174] [Server thread/DEBUG] [org.enginehub.piston.impl.CommandParser/]: [1wuqfjojqhqep]: Finished looking at arguments. Finalizing command.
[07Dec2025 23:32:26.474] [Server thread/DEBUG] [org.enginehub.piston.impl.CommandParser/]: [1rdm2sdgkdqvi]: started parsing
[07Dec2025 23:32:26.474] [Server thread/DEBUG] [org.enginehub.piston.impl.CommandParser/]: [1rdm2sdgkdqvi]: Consuming argument `glass`
[07Dec2025 23:32:26.474] [Server thread/DEBUG] [org.enginehub.piston.impl.CommandParser/]: [1rdm2sdgkdqvi]: Finished looking at arguments. Finalizing command.
[07Dec2025 23:32:26.474] [Server thread/DEBUG] [org.enginehub.piston.impl.CommandParser/]: [0nnrzgwsfbu3d]: started parsing
[07Dec2025 23:32:26.474] [Server thread/DEBUG] [org.enginehub.piston.impl.CommandParser/]: [0nnrzgwsfbu3d]: Consuming argument `glass`
[07Dec2025 23:32:26.475] [Server thread/DEBUG] [org.enginehub.piston.impl.CommandParser/]: [0nnrzgwsfbu3d]: Finished looking at arguments. Finalizing command.
[07Dec2025 23:32:27.311] [Server thread/INFO] [net.minecraft.server.network.ServerGamePacketListenerImpl/]: Xplix issued server command: //set glass
[07Dec2025 23:32:27.311] [Server thread/DEBUG] [org.enginehub.piston.impl.CommandParser/]: [1q3h53ts8rif1]: started parsing
[07Dec2025 23:32:27.311] [Server thread/DEBUG] [org.enginehub.piston.impl.CommandParser/]: [1q3h53ts8rif1]: Consuming argument `glass`
[07Dec2025 23:32:27.311] [Server thread/DEBUG] [org.enginehub.piston.impl.CommandParser/]: [1q3h53ts8rif1]: Finished looking at arguments. Finalizing command.
[07Dec2025 23:32:35.696] [Async Chat Thread - #30/INFO] [net.minecraft.server.MinecraftServer/]: [Not Secure] <BasseeMC> god
[07Dec2025 23:32:39.743] [Async Chat Thread - #29/INFO] [net.minecraft.server.MinecraftServer/]: [Not Secure] <BasseeMC> ahora
[07Dec2025 23:32:41.012] [Server thread/DEBUG] [org.enginehub.piston.impl.CommandParser/]: [0p467evf3o7s8]: started parsing
[07Dec2025 23:32:41.012] [Server thread/DEBUG] [org.enginehub.piston.impl.CommandParser/]: [0p467evf3o7s8]: Consuming argument `glass`
[07Dec2025 23:32:41.012] [Server thread/DEBUG] [org.enginehub.piston.impl.CommandParser/]: [0p467evf3o7s8]: Finished looking at arguments. Finalizing command.
[07Dec2025 23:32:41.012] [Server thread/DEBUG] [org.enginehub.piston.impl.CommandParser/]: [1e67tpi5nmp4w]: started parsing
[07Dec2025 23:32:41.012] [Server thread/DEBUG] [org.enginehub.piston.impl.CommandParser/]: [1e67tpi5nmp4w]: Consuming argument `glass`
[07Dec2025 23:32:41.012] [Server thread/DEBUG] [org.enginehub.piston.impl.CommandParser/]: [1e67tpi5nmp4w]: Finished looking at arguments. Finalizing command.
[07Dec2025 23:32:41.375] [Server thread/INFO] [net.minecraft.server.network.ServerGamePacketListenerImpl/]: Xplix issued server command: //set glass
[07Dec2025 23:32:41.376] [Server thread/DEBUG] [org.enginehub.piston.impl.CommandParser/]: [025fmleuwk6s9]: started parsing
[07Dec2025 23:32:41.376] [Server thread/DEBUG] [org.enginehub.piston.impl.CommandParser/]: [025fmleuwk6s9]: Consuming argument `glass`
[07Dec2025 23:32:41.376] [Server thread/DEBUG] [org.enginehub.piston.impl.CommandParser/]: [025fmleuwk6s9]: Finished looking at arguments. Finalizing command.
[07Dec2025 23:32:46.803] [Server thread/DEBUG] [org.enginehub.piston.impl.CommandParser/]: [0sesutmku060n]: started parsing
[07Dec2025 23:32:46.803] [Server thread/DEBUG] [org.enginehub.piston.impl.CommandParser/]: [0sesutmku060n]: Consuming argument `glass`
[07Dec2025 23:32:46.803] [Server thread/DEBUG] [org.enginehub.piston.impl.CommandParser/]: [0sesutmku060n]: Finished looking at arguments. Finalizing command.
[07Dec2025 23:32:46.804] [Server thread/DEBUG] [org.enginehub.piston.impl.CommandParser/]: [1dcn9pqz3v03c]: started parsing
[07Dec2025 23:32:46.804] [Server thread/DEBUG] [org.enginehub.piston.impl.CommandParser/]: [1dcn9pqz3v03c]: Consuming argument `glass`
[07Dec2025 23:32:46.804] [Server thread/DEBUG] [org.enginehub.piston.impl.CommandParser/]: [1dcn9pqz3v03c]: Finished looking at arguments. Finalizing command.
[07Dec2025 23:32:47.121] [Server thread/INFO] [net.minecraft.server.network.ServerGamePacketListenerImpl/]: Xplix issued server command: //set glass
[07Dec2025 23:32:47.122] [Server thread/DEBUG] [org.enginehub.piston.impl.CommandParser/]: [0qoq5hu636plv]: started parsing
[07Dec2025 23:32:47.122] [Server thread/DEBUG] [org.enginehub.piston.impl.CommandParser/]: [0qoq5hu636plv]: Consuming argument `glass`
[07Dec2025 23:32:47.122] [Server thread/DEBUG] [org.enginehub.piston.impl.CommandParser/]: [0qoq5hu636plv]: Finished looking at arguments. Finalizing command.
[07Dec2025 23:32:51.055] [Async Chat Thread - #30/INFO] [net.minecraft.server.MinecraftServer/]: [Not Secure] <BasseeMC> hay que iluminar los tuneles
[07Dec2025 23:32:59.199] [Async Chat Thread - #29/INFO] [net.minecraft.server.MinecraftServer/]: [Not Secure] <BasseeMC> que todo tenga luz
[07Dec2025 23:33:00.095] [Async Chat Thread - #30/INFO] [net.minecraft.server.MinecraftServer/]: [Not Secure] <Xplix> ok
[07Dec2025 23:33:13.818] [Server thread/INFO] [net.minecraft.server.network.ServerGamePacketListenerImpl/]: BasseeMC issued server command: /tp Xplix BasseeMC
[07Dec2025 23:33:13.819] [Server thread/INFO] [net.minecraft.server.MinecraftServer/]: [BasseeMC: Teleported Xplix to BasseeMC]
[07Dec2025 23:33:56.637] [Server thread/DEBUG] [net.minecraftforge.common.ForgeHooks/WP]: Gathering id map for writing to world save Squid Alpaca Games
[07Dec2025 23:33:56.641] [Server thread/DEBUG] [net.minecraftforge.common.ForgeHooks/WP]: ID Map collection complete Squid Alpaca Games
[07Dec2025 23:34:20.431] [Server thread/INFO] [net.minecraft.server.network.ServerGamePacketListenerImpl/]: Xplix issued server command: /give @a light
[07Dec2025 23:34:20.434] [Server thread/INFO] [net.minecraft.server.MinecraftServer/]: [Xplix: Gave 1 [Light] to 2]
[07Dec2025 23:34:25.181] [Server thread/INFO] [net.minecraft.server.network.ServerGamePacketListenerImpl/]: BasseeMC issued server command: /tp BasseeMC Xplix
[07Dec2025 23:34:25.182] [Server thread/INFO] [net.minecraft.server.MinecraftServer/]: [BasseeMC: Teleported BasseeMC to Xplix]
[07Dec2025 23:34:28.700] [Server thread/INFO] [net.minecraft.server.network.ServerGamePacketListenerImpl/]: Xplix issued server command: /gamemode spectator
[07Dec2025 23:34:28.700] [Server thread/INFO] [net.minecraft.server.MinecraftServer/]: [Xplix: Set own game mode to Spectator Mode]
[07Dec2025 23:34:30.215] [Server thread/INFO] [net.minecraft.server.network.ServerGamePacketListenerImpl/]: Xplix issued server command: /gamemode creative
[07Dec2025 23:34:30.215] [Server thread/INFO] [net.minecraft.server.MinecraftServer/]: [Xplix: Set own game mode to Creative Mode]
[07Dec2025 23:34:39.182] [Async Chat Thread - #32/INFO] [net.minecraft.server.MinecraftServer/]: [Not Secure] <BasseeMC> hazlo como lo hicimos arriba
[07Dec2025 23:34:44.434] [Async Chat Thread - #31/INFO] [net.minecraft.server.MinecraftServer/]: [Not Secure] <BasseeMC> poner todo de luz
[07Dec2025 23:34:51.677] [Async Chat Thread - #32/INFO] [net.minecraft.server.MinecraftServer/]: [Not Secure] <Xplix> ok
[07Dec2025 23:35:02.321] [Server thread/DEBUG] [org.enginehub.piston.impl.CommandParser/]: [1ci9l6os1v450]: started parsing
[07Dec2025 23:35:02.321] [Server thread/DEBUG] [org.enginehub.piston.impl.CommandParser/]: [1ci9l6os1v450]: Consuming argument ``
[07Dec2025 23:35:02.840] [Server thread/DEBUG] [org.enginehub.piston.impl.CommandParser/]: [0ycoc2ktesqdy]: started parsing
[07Dec2025 23:35:02.840] [Server thread/DEBUG] [org.enginehub.piston.impl.CommandParser/]: [0ycoc2ktesqdy]: Consuming argument `l`
[07Dec2025 23:35:03.060] [Server thread/DEBUG] [org.enginehub.piston.impl.CommandParser/]: [02qhq53skshn5]: started parsing
[07Dec2025 23:35:03.060] [Server thread/DEBUG] [org.enginehub.piston.impl.CommandParser/]: [02qhq53skshn5]: Consuming argument `li`
[07Dec2025 23:35:03.279] [Server thread/DEBUG] [org.enginehub.piston.impl.CommandParser/]: [01rk856oh1nzf]: started parsing
[07Dec2025 23:35:03.279] [Server thread/DEBUG] [org.enginehub.piston.impl.CommandParser/]: [01rk856oh1nzf]: Consuming argument `lig`
[07Dec2025 23:35:03.372] [Server thread/DEBUG] [org.enginehub.piston.impl.CommandParser/]: [0loj8bqpmzwta]: started parsing
[07Dec2025 23:35:03.372] [Server thread/DEBUG] [org.enginehub.piston.impl.CommandParser/]: [0loj8bqpmzwta]: Consuming argument `ligh`
[07Dec2025 23:35:03.522] [Server thread/DEBUG] [org.enginehub.piston.impl.CommandParser/]: [07lbg5lv8xh80]: started parsing
[07Dec2025 23:35:03.522] [Server thread/DEBUG] [org.enginehub.piston.impl.CommandParser/]: [07lbg5lv8xh80]: Consuming argument `light`
[07Dec2025 23:35:03.522] [Server thread/DEBUG] [org.enginehub.piston.impl.CommandParser/]: [07lbg5lv8xh80]: Finished looking at arguments. Finalizing command.
[07Dec2025 23:35:03.818] [Server thread/INFO] [net.minecraft.server.network.ServerGamePacketListenerImpl/]: Xplix issued server command: //set light
[07Dec2025 23:35:03.818] [Server thread/DEBUG] [org.enginehub.piston.impl.CommandParser/]: [0yfo9epdg6jmj]: started parsing
[07Dec2025 23:35:03.818] [Server thread/DEBUG] [org.enginehub.piston.impl.CommandParser/]: [0yfo9epdg6jmj]: Consuming argument `light`
[07Dec2025 23:35:03.818] [Server thread/DEBUG] [org.enginehub.piston.impl.CommandParser/]: [0yfo9epdg6jmj]: Finished looking at arguments. Finalizing command.
[07Dec2025 23:35:08.068] [Server thread/DEBUG] [org.enginehub.piston.impl.CommandParser/]: [1m0ucight6sya]: started parsing
[07Dec2025 23:35:08.068] [Server thread/DEBUG] [org.enginehub.piston.impl.CommandParser/]: [1m0ucight6sya]: Consuming argument `light`
[07Dec2025 23:35:08.068] [Server thread/DEBUG] [org.enginehub.piston.impl.CommandParser/]: [1m0ucight6sya]: Finished looking at arguments. Finalizing command.
[07Dec2025 23:35:08.068] [Server thread/DEBUG] [org.enginehub.piston.impl.CommandParser/]: [1kg6t8dtsdce2]: started parsing
[07Dec2025 23:35:08.068] [Server thread/DEBUG] [org.enginehub.piston.impl.CommandParser/]: [1kg6t8dtsdce2]: Consuming argument `light`
[07Dec2025 23:35:08.068] [Server thread/DEBUG] [org.enginehub.piston.impl.CommandParser/]: [1kg6t8dtsdce2]: Finished looking at arguments. Finalizing command.
[07Dec2025 23:35:08.946] [Server thread/DEBUG] [org.enginehub.piston.impl.CommandParser/]: [0zk8k534ut488]: started parsing
[07Dec2025 23:35:08.946] [Server thread/DEBUG] [org.enginehub.piston.impl.CommandParser/]: [0zk8k534ut488]: Consuming argument `ligh`
[07Dec2025 23:35:09.127] [Server thread/DEBUG] [org.enginehub.piston.impl.CommandParser/]: [0c30652llhl0o]: started parsing
[07Dec2025 23:35:09.127] [Server thread/DEBUG] [org.enginehub.piston.impl.CommandParser/]: [0c30652llhl0o]: Consuming argument `lig`
[07Dec2025 23:35:09.281] [Server thread/DEBUG] [org.enginehub.piston.impl.CommandParser/]: [18t6pwo11ytug]: started parsing
[07Dec2025 23:35:09.281] [Server thread/DEBUG] [org.enginehub.piston.impl.CommandParser/]: [18t6pwo11ytug]: Consuming argument `li`
[07Dec2025 23:35:09.316] [Async Chat Thread - #31/INFO] [net.minecraft.server.MinecraftServer/]: [Not Secure] <BasseeMC> mierda
[07Dec2025 23:35:09.445] [Server thread/DEBUG] [org.enginehub.piston.impl.CommandParser/]: [0frdb2uws1n1h]: started parsing
[07Dec2025 23:35:09.445] [Server thread/DEBUG] [org.enginehub.piston.impl.CommandParser/]: [0frdb2uws1n1h]: Consuming argument `l`
[07Dec2025 23:35:09.594] [Server thread/DEBUG] [org.enginehub.piston.impl.CommandParser/]: [027o6sdf87pg6]: started parsing
[07Dec2025 23:35:09.594] [Server thread/DEBUG] [org.enginehub.piston.impl.CommandParser/]: [027o6sdf87pg6]: Consuming argument ``
[07Dec2025 23:35:11.696] [Server thread/INFO] [net.minecraft.server.network.ServerGamePacketListenerImpl/]: Xplix issued server command: //undo
[07Dec2025 23:35:11.696] [Server thread/DEBUG] [org.enginehub.piston.impl.CommandParser/]: [0p2xhrzlfr5dh]: started parsing
[07Dec2025 23:35:11.696] [Server thread/DEBUG] [org.enginehub.piston.impl.CommandParser/]: [0p2xhrzlfr5dh]: Finished looking at arguments. Finalizing command.
[07Dec2025 23:35:17.310] [Async Chat Thread - #32/INFO] [net.minecraft.server.MinecraftServer/]: [Not Secure] <BasseeMC> ya
[07Dec2025 23:35:18.743] [Async Chat Thread - #31/INFO] [net.minecraft.server.MinecraftServer/]: [Not Secure] <Xplix> noo se puede
[07Dec2025 23:35:31.751] [Async Chat Thread - #32/INFO] [net.minecraft.server.MinecraftServer/]: [Not Secure] <BasseeMC> hay que hacerlo manua
[07Dec2025 23:35:34.545] [Async Chat Thread - #32/INFO] [net.minecraft.server.MinecraftServer/]: [Not Secure] <BasseeMC> manual
[07Dec2025 23:35:36.923] [Async Chat Thread - #31/INFO] [net.minecraft.server.MinecraftServer/]: [Not Secure] <BasseeMC> ayudame
[07Dec2025 23:35:38.405] [Async Chat Thread - #31/INFO] [net.minecraft.server.MinecraftServer/]: [Not Secure] <BasseeMC> aca
[07Dec2025 23:37:09.304] [Async Chat Thread - #34/INFO] [net.minecraft.server.MinecraftServer/]: [Not Secure] <Xplix> voy hacer miniatajos
[07Dec2025 23:37:18.237] [Async Chat Thread - #33/INFO] [net.minecraft.server.MinecraftServer/]: [Not Secure] <BasseeMC> u god
[07Dec2025 23:37:21.367] [Async Chat Thread - #34/INFO] [net.minecraft.server.MinecraftServer/]: [Not Secure] <Xplix> voy hacer miniatajos
[07Dec2025 23:37:26.526] [Server thread/DEBUG] [org.enginehub.piston.impl.CommandParser/]: [1rblot5pqgw2z]: started parsing
[07Dec2025 23:37:26.526] [Server thread/DEBUG] [org.enginehub.piston.impl.CommandParser/]: [1rblot5pqgw2z]: Consuming argument `light`
[07Dec2025 23:37:26.527] [Server thread/DEBUG] [org.enginehub.piston.impl.CommandParser/]: [1rblot5pqgw2z]: Finished looking at arguments. Finalizing command.
[07Dec2025 23:37:26.527] [Server thread/DEBUG] [org.enginehub.piston.impl.CommandParser/]: [1jydjefayqplh]: started parsing
[07Dec2025 23:37:26.527] [Server thread/DEBUG] [org.enginehub.piston.impl.CommandParser/]: [1jydjefayqplh]: Consuming argument `light`
[07Dec2025 23:37:26.527] [Server thread/DEBUG] [org.enginehub.piston.impl.CommandParser/]: [1jydjefayqplh]: Finished looking at arguments. Finalizing command.
[07Dec2025 23:37:27.905] [Server thread/DEBUG] [org.enginehub.piston.impl.CommandParser/]: [1pr2k6tr2s4jn]: started parsing
[07Dec2025 23:37:27.905] [Server thread/DEBUG] [org.enginehub.piston.impl.CommandParser/]: [1pr2k6tr2s4jn]: Consuming argument `glass`
[07Dec2025 23:37:27.906] [Server thread/DEBUG] [org.enginehub.piston.impl.CommandParser/]: [1pr2k6tr2s4jn]: Finished looking at arguments. Finalizing command.
[07Dec2025 23:37:27.906] [Server thread/DEBUG] [org.enginehub.piston.impl.CommandParser/]: [0nlq2sww9ahkq]: started parsing
[07Dec2025 23:37:27.906] [Server thread/DEBUG] [org.enginehub.piston.impl.CommandParser/]: [0nlq2sww9ahkq]: Consuming argument `glass`
[07Dec2025 23:37:27.906] [Server thread/DEBUG] [org.enginehub.piston.impl.CommandParser/]: [0nlq2sww9ahkq]: Finished looking at arguments. Finalizing command.
[07Dec2025 23:37:28.227] [Server thread/DEBUG] [org.enginehub.piston.impl.CommandParser/]: [1vjrlp51ti045]: started parsing
[07Dec2025 23:37:28.227] [Server thread/DEBUG] [org.enginehub.piston.impl.CommandParser/]: [1vjrlp51ti045]: Consuming argument `glass}`
[07Dec2025 23:37:28.227] [Server thread/DEBUG] [org.enginehub.piston.impl.CommandParser/]: [15wqlmf0n9qch]: started parsing
[07Dec2025 23:37:28.227] [Server thread/DEBUG] [org.enginehub.piston.impl.CommandParser/]: [15wqlmf0n9qch]: Consuming argument `glass}`
[07Dec2025 23:37:28.545] [Server thread/DEBUG] [org.enginehub.piston.impl.CommandParser/]: [0g8h4973r2npx]: started parsing
[07Dec2025 23:37:28.545] [Server thread/DEBUG] [org.enginehub.piston.impl.CommandParser/]: [0g8h4973r2npx]: Consuming argument `glass`
[07Dec2025 23:37:28.545] [Server thread/DEBUG] [org.enginehub.piston.impl.CommandParser/]: [0g8h4973r2npx]: Finished looking at arguments. Finalizing command.
[07Dec2025 23:37:28.545] [Server thread/DEBUG] [org.enginehub.piston.impl.CommandParser/]: [0wj2g4pcjxsua]: started parsing
[07Dec2025 23:37:28.545] [Server thread/DEBUG] [org.enginehub.piston.impl.CommandParser/]: [0wj2g4pcjxsua]: Consuming argument `glass`
[07Dec2025 23:37:28.545] [Server thread/DEBUG] [org.enginehub.piston.impl.CommandParser/]: [0wj2g4pcjxsua]: Finished looking at arguments. Finalizing command.
[07Dec2025 23:37:28.933] [Server thread/INFO] [net.minecraft.server.network.ServerGamePacketListenerImpl/]: Xplix issued server command: //set glass
[07Dec2025 23:37:28.933] [Server thread/DEBUG] [org.enginehub.piston.impl.CommandParser/]: [0v03g8el43e4a]: started parsing
[07Dec2025 23:37:28.934] [Server thread/DEBUG] [org.enginehub.piston.impl.CommandParser/]: [0v03g8el43e4a]: Consuming argument `glass`
[07Dec2025 23:37:28.934] [Server thread/DEBUG] [org.enginehub.piston.impl.CommandParser/]: [0v03g8el43e4a]: Finished looking at arguments. Finalizing command.
[07Dec2025 23:37:39.405] [Server thread/DEBUG] [org.enginehub.piston.impl.CommandParser/]: [01qsz313h2ijo]: started parsing
[07Dec2025 23:37:39.405] [Server thread/DEBUG] [org.enginehub.piston.impl.CommandParser/]: [01qsz313h2ijo]: Consuming argument `glass`
[07Dec2025 23:37:39.405] [Server thread/DEBUG] [org.enginehub.piston.impl.CommandParser/]: [01qsz313h2ijo]: Finished looking at arguments. Finalizing command.
[07Dec2025 23:37:39.405] [Server thread/DEBUG] [org.enginehub.piston.impl.CommandParser/]: [0crz7c923jkd8]: started parsing
[07Dec2025 23:37:39.405] [Server thread/DEBUG] [org.enginehub.piston.impl.CommandParser/]: [0crz7c923jkd8]: Consuming argument `glass`
[07Dec2025 23:37:39.405] [Server thread/DEBUG] [org.enginehub.piston.impl.CommandParser/]: [0crz7c923jkd8]: Finished looking at arguments. Finalizing command.
[07Dec2025 23:37:39.700] [Server thread/INFO] [net.minecraft.server.network.ServerGamePacketListenerImpl/]: Xplix issued server command: //set glass
[07Dec2025 23:37:39.701] [Server thread/DEBUG] [org.enginehub.piston.impl.CommandParser/]: [0qh6ht9owkf1c]: started parsing
[07Dec2025 23:37:39.701] [Server thread/DEBUG] [org.enginehub.piston.impl.CommandParser/]: [0qh6ht9owkf1c]: Consuming argument `glass`
[07Dec2025 23:37:39.701] [Server thread/DEBUG] [org.enginehub.piston.impl.CommandParser/]: [0qh6ht9owkf1c]: Finished looking at arguments. Finalizing command.
[07Dec2025 23:37:50.757] [Server thread/DEBUG] [org.enginehub.piston.impl.CommandParser/]: [0kvnc3pvg7175]: started parsing
[07Dec2025 23:37:50.757] [Server thread/DEBUG] [org.enginehub.piston.impl.CommandParser/]: [0kvnc3pvg7175]: Consuming argument `glass`
[07Dec2025 23:37:50.757] [Server thread/DEBUG] [org.enginehub.piston.impl.CommandParser/]: [0kvnc3pvg7175]: Finished looking at arguments. Finalizing command.
[07Dec2025 23:37:50.757] [Server thread/DEBUG] [org.enginehub.piston.impl.CommandParser/]: [08fefu496s9id]: started parsing
[07Dec2025 23:37:50.757] [Server thread/DEBUG] [org.enginehub.piston.impl.CommandParser/]: [08fefu496s9id]: Consuming argument `glass`
[07Dec2025 23:37:50.757] [Server thread/DEBUG] [org.enginehub.piston.impl.CommandParser/]: [08fefu496s9id]: Finished looking at arguments. Finalizing command.
[07Dec2025 23:37:51.305] [Server thread/INFO] [net.minecraft.server.network.ServerGamePacketListenerImpl/]: Xplix issued server command: //set glass
[07Dec2025 23:37:51.305] [Server thread/DEBUG] [org.enginehub.piston.impl.CommandParser/]: [0gxb3mnwilpdf]: started parsing
[07Dec2025 23:37:51.305] [Server thread/DEBUG] [org.enginehub.piston.impl.CommandParser/]: [0gxb3mnwilpdf]: Consuming argument `glass`
[07Dec2025 23:37:51.305] [Server thread/DEBUG] [org.enginehub.piston.impl.CommandParser/]: [0gxb3mnwilpdf]: Finished looking at arguments. Finalizing command.
[07Dec2025 23:37:56.898] [Server thread/DEBUG] [org.enginehub.piston.impl.CommandParser/]: [0v5ol33c1i0ab]: started parsing
[07Dec2025 23:37:56.898] [Server thread/DEBUG] [org.enginehub.piston.impl.CommandParser/]: [0v5ol33c1i0ab]: Consuming argument `glass`
[07Dec2025 23:37:56.898] [Server thread/DEBUG] [org.enginehub.piston.impl.CommandParser/]: [0v5ol33c1i0ab]: Finished looking at arguments. Finalizing command.
[07Dec2025 23:37:56.898] [Server thread/DEBUG] [org.enginehub.piston.impl.CommandParser/]: [0hco04py3lq0a]: started parsing
[07Dec2025 23:37:56.898] [Server thread/DEBUG] [org.enginehub.piston.impl.CommandParser/]: [0hco04py3lq0a]: Consuming argument `glass`
[07Dec2025 23:37:56.898] [Server thread/DEBUG] [org.enginehub.piston.impl.CommandParser/]: [0hco04py3lq0a]: Finished looking at arguments. Finalizing command.
[07Dec2025 23:37:57.136] [Server thread/INFO] [net.minecraft.server.network.ServerGamePacketListenerImpl/]: Xplix issued server command: //set glass
[07Dec2025 23:37:57.136] [Server thread/DEBUG] [org.enginehub.piston.impl.CommandParser/]: [1oqvy0h6aj4ot]: started parsing
[07Dec2025 23:37:57.136] [Server thread/DEBUG] [org.enginehub.piston.impl.CommandParser/]: [1oqvy0h6aj4ot]: Consuming argument `glass`
[07Dec2025 23:37:57.136] [Server thread/DEBUG] [org.enginehub.piston.impl.CommandParser/]: [1oqvy0h6aj4ot]: Finished looking at arguments. Finalizing command.
[07Dec2025 23:38:03.274] [Server thread/DEBUG] [org.enginehub.piston.impl.CommandParser/]: [0deorvxt6r5vi]: started parsing
[07Dec2025 23:38:03.274] [Server thread/DEBUG] [org.enginehub.piston.impl.CommandParser/]: [0deorvxt6r5vi]: Consuming argument `glass`
[07Dec2025 23:38:03.275] [Server thread/DEBUG] [org.enginehub.piston.impl.CommandParser/]: [0deorvxt6r5vi]: Finished looking at arguments. Finalizing command.
[07Dec2025 23:38:03.275] [Server thread/DEBUG] [org.enginehub.piston.impl.CommandParser/]: [05o9xzrbsbnug]: started parsing
[07Dec2025 23:38:03.275] [Server thread/DEBUG] [org.enginehub.piston.impl.CommandParser/]: [05o9xzrbsbnug]: Consuming argument `glass`
[07Dec2025 23:38:03.275] [Server thread/DEBUG] [org.enginehub.piston.impl.CommandParser/]: [05o9xzrbsbnug]: Finished looking at arguments. Finalizing command.
[07Dec2025 23:38:03.584] [Server thread/INFO] [net.minecraft.server.network.ServerGamePacketListenerImpl/]: Xplix issued server command: //set glass
[07Dec2025 23:38:03.584] [Server thread/DEBUG] [org.enginehub.piston.impl.CommandParser/]: [1k61d2nbcs8qk]: started parsing
[07Dec2025 23:38:03.584] [Server thread/DEBUG] [org.enginehub.piston.impl.CommandParser/]: [1k61d2nbcs8qk]: Consuming argument `glass`
[07Dec2025 23:38:03.584] [Server thread/DEBUG] [org.enginehub.piston.impl.CommandParser/]: [1k61d2nbcs8qk]: Finished looking at arguments. Finalizing command.
[07Dec2025 23:38:06.845] [Server thread/DEBUG] [org.enginehub.piston.impl.CommandParser/]: [0ldiz92mehozr]: started parsing
[07Dec2025 23:38:06.845] [Server thread/DEBUG] [org.enginehub.piston.impl.CommandParser/]: [0ldiz92mehozr]: Consuming argument `glass`
[07Dec2025 23:38:06.846] [Server thread/DEBUG] [org.enginehub.piston.impl.CommandParser/]: [0ldiz92mehozr]: Finished looking at arguments. Finalizing command.
[07Dec2025 23:38:06.846] [Server thread/DEBUG] [org.enginehub.piston.impl.CommandParser/]: [0060rcxrg8y32]: started parsing
[07Dec2025 23:38:06.846] [Server thread/DEBUG] [org.enginehub.piston.impl.CommandParser/]: [0060rcxrg8y32]: Consuming argument `glass`
[07Dec2025 23:38:06.846] [Server thread/DEBUG] [org.enginehub.piston.impl.CommandParser/]: [0060rcxrg8y32]: Finished looking at arguments. Finalizing command.
[07Dec2025 23:38:07.174] [Server thread/INFO] [net.minecraft.server.network.ServerGamePacketListenerImpl/]: Xplix issued server command: //set glass
[07Dec2025 23:38:07.174] [Server thread/DEBUG] [org.enginehub.piston.impl.CommandParser/]: [16jn39qbgi1w5]: started parsing
[07Dec2025 23:38:07.174] [Server thread/DEBUG] [org.enginehub.piston.impl.CommandParser/]: [16jn39qbgi1w5]: Consuming argument `glass`
[07Dec2025 23:38:07.174] [Server thread/DEBUG] [org.enginehub.piston.impl.CommandParser/]: [16jn39qbgi1w5]: Finished looking at arguments. Finalizing command.
[07Dec2025 23:38:13.470] [Server thread/DEBUG] [org.enginehub.piston.impl.CommandParser/]: [0w29efhw428fz]: started parsing
[07Dec2025 23:38:13.470] [Server thread/DEBUG] [org.enginehub.piston.impl.CommandParser/]: [0w29efhw428fz]: Consuming argument `glass`
[07Dec2025 23:38:13.470] [Server thread/DEBUG] [org.enginehub.piston.impl.CommandParser/]: [0w29efhw428fz]: Finished looking at arguments. Finalizing command.
[07Dec2025 23:38:13.470] [Server thread/DEBUG] [org.enginehub.piston.impl.CommandParser/]: [1rjsd16pn9c7n]: started parsing
[07Dec2025 23:38:13.470] [Server thread/DEBUG] [org.enginehub.piston.impl.CommandParser/]: [1rjsd16pn9c7n]: Consuming argument `glass`
[07Dec2025 23:38:13.470] [Server thread/DEBUG] [org.enginehub.piston.impl.CommandParser/]: [1rjsd16pn9c7n]: Finished looking at arguments. Finalizing command.
[07Dec2025 23:38:13.771] [Server thread/INFO] [net.minecraft.server.network.ServerGamePacketListenerImpl/]: Xplix issued server command: //set glass
[07Dec2025 23:38:13.772] [Server thread/DEBUG] [org.enginehub.piston.impl.CommandParser/]: [1888h3vl9396k]: started parsing
[07Dec2025 23:38:13.772] [Server thread/DEBUG] [org.enginehub.piston.impl.CommandParser/]: [1888h3vl9396k]: Consuming argument `glass`
[07Dec2025 23:38:13.772] [Server thread/DEBUG] [org.enginehub.piston.impl.CommandParser/]: [1888h3vl9396k]: Finished looking at arguments. Finalizing command.
[07Dec2025 23:38:17.699] [Server thread/DEBUG] [org.enginehub.piston.impl.CommandParser/]: [0iap7a65hi1ru]: started parsing
[07Dec2025 23:38:17.699] [Server thread/DEBUG] [org.enginehub.piston.impl.CommandParser/]: [0iap7a65hi1ru]: Consuming argument `glass`
[07Dec2025 23:38:17.699] [Server thread/DEBUG] [org.enginehub.piston.impl.CommandParser/]: [0iap7a65hi1ru]: Finished looking at arguments. Finalizing command.
[07Dec2025 23:38:17.699] [Server thread/DEBUG] [org.enginehub.piston.impl.CommandParser/]: [1viwejutrgzwy]: started parsing
[07Dec2025 23:38:17.699] [Server thread/DEBUG] [org.enginehub.piston.impl.CommandParser/]: [1viwejutrgzwy]: Consuming argument `glass`
[07Dec2025 23:38:17.699] [Server thread/DEBUG] [org.enginehub.piston.impl.CommandParser/]: [1viwejutrgzwy]: Finished looking at arguments. Finalizing command.
[07Dec2025 23:38:18.221] [Server thread/INFO] [net.minecraft.server.network.ServerGamePacketListenerImpl/]: Xplix issued server command: //set glass
[07Dec2025 23:38:18.221] [Server thread/DEBUG] [org.enginehub.piston.impl.CommandParser/]: [1ht424in2zqe7]: started parsing
[07Dec2025 23:38:18.221] [Server thread/DEBUG] [org.enginehub.piston.impl.CommandParser/]: [1ht424in2zqe7]: Consuming argument `glass`
[07Dec2025 23:38:18.221] [Server thread/DEBUG] [org.enginehub.piston.impl.CommandParser/]: [1ht424in2zqe7]: Finished looking at arguments. Finalizing command.
[07Dec2025 23:38:20.213] [Server thread/DEBUG] [org.enginehub.piston.impl.CommandParser/]: [00znu4xyiwfjg]: started parsing
[07Dec2025 23:38:20.213] [Server thread/DEBUG] [org.enginehub.piston.impl.CommandParser/]: [00znu4xyiwfjg]: Consuming argument `glass`
[07Dec2025 23:38:20.213] [Server thread/DEBUG] [org.enginehub.piston.impl.CommandParser/]: [00znu4xyiwfjg]: Finished looking at arguments. Finalizing command.
[07Dec2025 23:38:20.213] [Server thread/DEBUG] [org.enginehub.piston.impl.CommandParser/]: [0ctib94dzm23h]: started parsing
[07Dec2025 23:38:20.213] [Server thread/DEBUG] [org.enginehub.piston.impl.CommandParser/]: [0ctib94dzm23h]: Consuming argument `glass`
[07Dec2025 23:38:20.213] [Server thread/DEBUG] [org.enginehub.piston.impl.CommandParser/]: [0ctib94dzm23h]: Finished looking at arguments. Finalizing command.
[07Dec2025 23:38:20.953] [Server thread/DEBUG] [org.enginehub.piston.impl.CommandParser/]: [0af3r6rhm8ygb]: started parsing
[07Dec2025 23:38:20.953] [Server thread/DEBUG] [org.enginehub.piston.impl.CommandParser/]: [0af3r6rhm8ygb]: Consuming argument `light`
[07Dec2025 23:38:20.953] [Server thread/DEBUG] [org.enginehub.piston.impl.CommandParser/]: [0af3r6rhm8ygb]: Finished looking at arguments. Finalizing command.
[07Dec2025 23:38:20.953] [Server thread/DEBUG] [org.enginehub.piston.impl.CommandParser/]: [18fi0m03lbidl]: started parsing
[07Dec2025 23:38:20.953] [Server thread/DEBUG] [org.enginehub.piston.impl.CommandParser/]: [18fi0m03lbidl]: Consuming argument `light`
[07Dec2025 23:38:20.953] [Server thread/DEBUG] [org.enginehub.piston.impl.CommandParser/]: [18fi0m03lbidl]: Finished looking at arguments. Finalizing command.
[07Dec2025 23:38:21.833] [Server thread/INFO] [net.minecraft.server.network.ServerGamePacketListenerImpl/]: Xplix issued server command: //undo
[07Dec2025 23:38:21.833] [Server thread/DEBUG] [org.enginehub.piston.impl.CommandParser/]: [0jojondjb5b29]: started parsing
[07Dec2025 23:38:21.833] [Server thread/DEBUG] [org.enginehub.piston.impl.CommandParser/]: [0jojondjb5b29]: Finished looking at arguments. Finalizing command.
[07Dec2025 23:38:26.940] [Server thread/INFO] [net.minecraft.server.network.ServerGamePacketListenerImpl/]: Xplix issued server command: //undo
[07Dec2025 23:38:26.940] [Server thread/DEBUG] [org.enginehub.piston.impl.CommandParser/]: [0srr3r4t0w8x7]: started parsing
[07Dec2025 23:38:26.940] [Server thread/DEBUG] [org.enginehub.piston.impl.CommandParser/]: [0srr3r4t0w8x7]: Finished looking at arguments. Finalizing command.
[07Dec2025 23:38:32.290] [Server thread/DEBUG] [org.enginehub.piston.impl.CommandParser/]: [10sit6e0flth2]: started parsing
[07Dec2025 23:38:32.290] [Server thread/DEBUG] [org.enginehub.piston.impl.CommandParser/]: [10sit6e0flth2]: Consuming argument ``
[07Dec2025 23:38:32.540] [Server thread/DEBUG] [org.enginehub.piston.impl.CommandParser/]: [1xoueodybqrel]: started parsing
[07Dec2025 23:38:32.540] [Server thread/DEBUG] [org.enginehub.piston.impl.CommandParser/]: [1xoueodybqrel]: Consuming argument `g`
[07Dec2025 23:38:32.722] [Server thread/DEBUG] [org.enginehub.piston.impl.CommandParser/]: [0ztlvp92ieayy]: started parsing
[07Dec2025 23:38:32.722] [Server thread/DEBUG] [org.enginehub.piston.impl.CommandParser/]: [0ztlvp92ieayy]: Consuming argument `gl`
[07Dec2025 23:38:33.070] [Server thread/DEBUG] [org.enginehub.piston.impl.CommandParser/]: [0g259lg5p9jj1]: started parsing
[07Dec2025 23:38:33.070] [Server thread/DEBUG] [org.enginehub.piston.impl.CommandParser/]: [0g259lg5p9jj1]: Consuming argument `gla`
[07Dec2025 23:38:33.203] [Server thread/DEBUG] [org.enginehub.piston.impl.CommandParser/]: [07g690f9bdpok]: started parsing
[07Dec2025 23:38:33.203] [Server thread/DEBUG] [org.enginehub.piston.impl.CommandParser/]: [07g690f9bdpok]: Consuming argument `glas`
[07Dec2025 23:38:33.504] [Server thread/DEBUG] [org.enginehub.piston.impl.CommandParser/]: [0dqpyinhnqmmc]: started parsing
[07Dec2025 23:38:33.504] [Server thread/DEBUG] [org.enginehub.piston.impl.CommandParser/]: [0dqpyinhnqmmc]: Consuming argument `glass`
[07Dec2025 23:38:33.504] [Server thread/DEBUG] [org.enginehub.piston.impl.CommandParser/]: [0dqpyinhnqmmc]: Finished looking at arguments. Finalizing command.
[07Dec2025 23:38:33.667] [Server thread/INFO] [net.minecraft.server.network.ServerGamePacketListenerImpl/]: Xplix issued server command: //set glass
[07Dec2025 23:38:33.668] [Server thread/DEBUG] [org.enginehub.piston.impl.CommandParser/]: [10djnk7pzjc5e]: started parsing
[07Dec2025 23:38:33.668] [Server thread/DEBUG] [org.enginehub.piston.impl.CommandParser/]: [10djnk7pzjc5e]: Consuming argument `glass`
[07Dec2025 23:38:33.668] [Server thread/DEBUG] [org.enginehub.piston.impl.CommandParser/]: [10djnk7pzjc5e]: Finished looking at arguments. Finalizing command.
[07Dec2025 23:38:44.518] [Server thread/DEBUG] [org.enginehub.piston.impl.CommandParser/]: [0863b0do3s090]: started parsing
[07Dec2025 23:38:44.518] [Server thread/DEBUG] [org.enginehub.piston.impl.CommandParser/]: [0863b0do3s090]: Consuming argument `glass`
[07Dec2025 23:38:44.518] [Server thread/DEBUG] [org.enginehub.piston.impl.CommandParser/]: [0863b0do3s090]: Finished looking at arguments. Finalizing command.
[07Dec2025 23:38:44.518] [Server thread/DEBUG] [org.enginehub.piston.impl.CommandParser/]: [1hwjqby6rkxti]: started parsing
[07Dec2025 23:38:44.518] [Server thread/DEBUG] [org.enginehub.piston.impl.CommandParser/]: [1hwjqby6rkxti]: Consuming argument `glass`
[07Dec2025 23:38:44.518] [Server thread/DEBUG] [org.enginehub.piston.impl.CommandParser/]: [1hwjqby6rkxti]: Finished looking at arguments. Finalizing command.
[07Dec2025 23:38:44.801] [Server thread/INFO] [net.minecraft.server.network.ServerGamePacketListenerImpl/]: Xplix issued server command: //set glass
[07Dec2025 23:38:44.801] [Server thread/DEBUG] [org.enginehub.piston.impl.CommandParser/]: [1wyape7xnp6mh]: started parsing
[07Dec2025 23:38:44.801] [Server thread/DEBUG] [org.enginehub.piston.impl.CommandParser/]: [1wyape7xnp6mh]: Consuming argument `glass`
[07Dec2025 23:38:44.802] [Server thread/DEBUG] [org.enginehub.piston.impl.CommandParser/]: [1wyape7xnp6mh]: Finished looking at arguments. Finalizing command.
[07Dec2025 23:38:46.457] [Server thread/INFO] [net.minecraft.server.network.ServerGamePacketListenerImpl/]: Xplix issued server command: /gamemode spectator
[07Dec2025 23:38:46.458] [Server thread/INFO] [net.minecraft.server.MinecraftServer/]: [Xplix: Set own game mode to Spectator Mode]
[07Dec2025 23:38:50.713] [Server thread/INFO] [net.minecraft.server.network.ServerGamePacketListenerImpl/]: Xplix issued server command: /gamemode creative
[07Dec2025 23:38:50.713] [Server thread/INFO] [net.minecraft.server.MinecraftServer/]: [Xplix: Set own game mode to Creative Mode]
[07Dec2025 23:38:56.465] [Server thread/DEBUG] [net.minecraftforge.common.ForgeHooks/WP]: Gathering id map for writing to world save Squid Alpaca Games
[07Dec2025 23:38:56.470] [Server thread/DEBUG] [net.minecraftforge.common.ForgeHooks/WP]: ID Map collection complete Squid Alpaca Games
[07Dec2025 23:41:31.665] [Server thread/INFO] [net.minecraft.server.network.ServerGamePacketListenerImpl/]: BasseeMC issued server command: /gamemode adventure
[07Dec2025 23:41:31.666] [Server thread/INFO] [net.minecraft.server.MinecraftServer/]: [BasseeMC: Set own game mode to Adventure Mode]
[07Dec2025 23:41:42.457] [Server thread/INFO] [net.minecraft.server.network.ServerGamePacketListenerImpl/]: BasseeMC issued server command: /gamemode creative
[07Dec2025 23:41:42.458] [Server thread/INFO] [net.minecraft.server.MinecraftServer/]: [BasseeMC: Set own game mode to Creative Mode]
[07Dec2025 23:42:27.393] [Async Chat Thread - #36/INFO] [net.minecraft.server.MinecraftServer/]: [Not Secure] <Xplix> probamos
[07Dec2025 23:42:31.442] [Async Chat Thread - #35/INFO] [net.minecraft.server.MinecraftServer/]: [Not Secure] <BasseeMC> espera
[07Dec2025 23:42:31.956] [Netty Epoll Server IO #7/DEBUG] [net.minecraftforge.network.HandshakeHandler/FMLHANDSHAKE]: Starting new modded impl connection. Found 22 messages to dispatch.
[07Dec2025 23:42:32.151] [User Authenticator #3/INFO] [net.minecraft.server.network.ServerLoginPacketListenerImpl/]: UUID of player silly_have_money is 5e8f223e-eab1-3fde-9f1c-c301a1d80f36
[07Dec2025 23:42:32.156] [Server thread/DEBUG] [net.minecraftforge.network.HandshakeHandler/FMLHANDSHAKE]: Sending ticking packet info 'net.minecraftforge.network.HandshakeMessages$S2CModData' to 'fml:handshake' sequence 0
[07Dec2025 23:42:32.207] [Server thread/DEBUG] [net.minecraftforge.network.HandshakeHandler/FMLHANDSHAKE]: Sending ticking packet info 'net.minecraftforge.network.HandshakeMessages$S2CModList' to 'fml:handshake' sequence 1
[07Dec2025 23:42:32.256] [Server thread/DEBUG] [net.minecraftforge.network.HandshakeHandler/FMLHANDSHAKE]: Sending ticking packet info 'Registry minecraft:command_argument_type' to 'fml:handshake' sequence 2
[07Dec2025 23:42:32.307] [Server thread/DEBUG] [net.minecraftforge.network.HandshakeHandler/FMLHANDSHAKE]: Sending ticking packet info 'Registry minecraft:recipe_serializer' to 'fml:handshake' sequence 3
[07Dec2025 23:42:32.356] [Server thread/DEBUG] [net.minecraftforge.network.HandshakeHandler/FMLHANDSHAKE]: Sending ticking packet info 'Registry minecraft:sound_event' to 'fml:handshake' sequence 4
[07Dec2025 23:42:32.406] [Server thread/DEBUG] [net.minecraftforge.network.HandshakeHandler/FMLHANDSHAKE]: Sending ticking packet info 'Registry minecraft:particle_type' to 'fml:handshake' sequence 5
[07Dec2025 23:42:32.456] [Server thread/DEBUG] [net.minecraftforge.network.HandshakeHandler/FMLHANDSHAKE]: Sending ticking packet info 'Registry minecraft:villager_profession' to 'fml:handshake' sequence 6
[07Dec2025 23:42:32.506] [Server thread/DEBUG] [net.minecraftforge.network.HandshakeHandler/FMLHANDSHAKE]: Sending ticking packet info 'Registry minecraft:item' to 'fml:handshake' sequence 7
[07Dec2025 23:42:32.556] [Server thread/DEBUG] [net.minecraftforge.network.HandshakeHandler/FMLHANDSHAKE]: Sending ticking packet info 'Registry minecraft:potion' to 'fml:handshake' sequence 8
[07Dec2025 23:42:32.606] [Server thread/DEBUG] [net.minecraftforge.network.HandshakeHandler/FMLHANDSHAKE]: Sending ticking packet info 'Registry minecraft:painting_variant' to 'fml:handshake' sequence 9
[07Dec2025 23:42:32.656] [Server thread/DEBUG] [net.minecraftforge.network.HandshakeHandler/FMLHANDSHAKE]: Sending ticking packet info 'Registry forge:fluid_type' to 'fml:handshake' sequence 10
[07Dec2025 23:42:32.707] [Server thread/DEBUG] [net.minecraftforge.network.HandshakeHandler/FMLHANDSHAKE]: Sending ticking packet info 'Registry minecraft:block_entity_type' to 'fml:handshake' sequence 11
[07Dec2025 23:42:32.757] [Server thread/DEBUG] [net.minecraftforge.network.HandshakeHandler/FMLHANDSHAKE]: Sending ticking packet info 'Registry forge:display_contexts' to 'fml:handshake' sequence 12
[07Dec2025 23:42:32.806] [Server thread/DEBUG] [net.minecraftforge.network.HandshakeHandler/FMLHANDSHAKE]: Sending ticking packet info 'Registry minecraft:block' to 'fml:handshake' sequence 13
[07Dec2025 23:42:32.856] [Server thread/DEBUG] [net.minecraftforge.network.HandshakeHandler/FMLHANDSHAKE]: Sending ticking packet info 'Registry forge:entity_data_serializers' to 'fml:handshake' sequence 14
[07Dec2025 23:42:32.905] [Server thread/DEBUG] [net.minecraftforge.network.HandshakeHandler/FMLHANDSHAKE]: Sending ticking packet info 'Registry minecraft:mob_effect' to 'fml:handshake' sequence 15
[07Dec2025 23:42:32.957] [Server thread/DEBUG] [net.minecraftforge.network.HandshakeHandler/FMLHANDSHAKE]: Sending ticking packet info 'Registry minecraft:stat_type' to 'fml:handshake' sequence 16
[07Dec2025 23:42:33.006] [Server thread/DEBUG] [net.minecraftforge.network.HandshakeHandler/FMLHANDSHAKE]: Sending ticking packet info 'Registry minecraft:menu' to 'fml:handshake' sequence 17
[07Dec2025 23:42:33.056] [Server thread/DEBUG] [net.minecraftforge.network.HandshakeHandler/FMLHANDSHAKE]: Sending ticking packet info 'Registry minecraft:enchantment' to 'fml:handshake' sequence 18
[07Dec2025 23:42:33.107] [Server thread/DEBUG] [net.minecraftforge.network.HandshakeHandler/FMLHANDSHAKE]: Sending ticking packet info 'Registry minecraft:fluid' to 'fml:handshake' sequence 19
[07Dec2025 23:42:33.159] [Server thread/DEBUG] [net.minecraftforge.network.HandshakeHandler/FMLHANDSHAKE]: Sending ticking packet info 'Registry minecraft:entity_type' to 'fml:handshake' sequence 20
[07Dec2025 23:42:33.206] [Server thread/DEBUG] [net.minecraftforge.network.HandshakeHandler/FMLHANDSHAKE]: Sending ticking packet info 'Config forge-server.toml' to 'fml:handshake' sequence 21
[07Dec2025 23:42:39.982] [Server thread/INFO] [net.minecraft.server.network.ServerGamePacketListenerImpl/]: Xplix issued server command: /resetpinguiblock
[07Dec2025 23:42:39.983] [Server thread/INFO] [net.minecraft.server.MinecraftServer/]: [Xplix: [PinguiBlock] Estado reseteado correctamente.
• 0 jugador(es) pueden volver a interactuar.
• 0 pingüino(s) removido(s) de las cabezas.
• JUEGO RESETEADO - Usa /iniciarpingui para comenzar]
[07Dec2025 23:42:39.983] [Server thread/INFO] [net.minecraft.server.MinecraftServer/]: Esperen...
[07Dec2025 23:42:59.911] [Server thread/INFO] [net.minecraft.server.network.ServerLoginPacketListenerImpl/]: com.mojang.authlib.GameProfile@2e0c5c5b[id=5e8f223e-eab1-3fde-9f1c-c301a1d80f36,name=silly_have_money,properties={},legacy=false] (/127.121.123.128:36003) lost connection: Disconnected
[07Dec2025 23:43:04.281] [Netty Epoll Server IO #1/DEBUG] [net.minecraftforge.network.HandshakeHandler/FMLHANDSHAKE]: Starting new modded impl connection. Found 22 messages to dispatch.
[07Dec2025 23:43:04.451] [User Authenticator #4/INFO] [net.minecraft.server.network.ServerLoginPacketListenerImpl/]: UUID of player silly_have_money is 5e8f223e-eab1-3fde-9f1c-c301a1d80f36
[07Dec2025 23:43:04.456] [Server thread/DEBUG] [net.minecraftforge.network.HandshakeHandler/FMLHANDSHAKE]: Sending ticking packet info 'net.minecraftforge.network.HandshakeMessages$S2CModData' to 'fml:handshake' sequence 0
[07Dec2025 23:43:04.506] [Server thread/DEBUG] [net.minecraftforge.network.HandshakeHandler/FMLHANDSHAKE]: Sending ticking packet info 'net.minecraftforge.network.HandshakeMessages$S2CModList' to 'fml:handshake' sequence 1
[07Dec2025 23:43:04.555] [Server thread/DEBUG] [net.minecraftforge.network.HandshakeHandler/FMLHANDSHAKE]: Sending ticking packet info 'Registry minecraft:command_argument_type' to 'fml:handshake' sequence 2
[07Dec2025 23:43:04.605] [Server thread/DEBUG] [net.minecraftforge.network.HandshakeHandler/FMLHANDSHAKE]: Sending ticking packet info 'Registry minecraft:recipe_serializer' to 'fml:handshake' sequence 3
[07Dec2025 23:43:04.655] [Server thread/DEBUG] [net.minecraftforge.network.HandshakeHandler/FMLHANDSHAKE]: Sending ticking packet info 'Registry minecraft:sound_event' to 'fml:handshake' sequence 4
[07Dec2025 23:43:04.705] [Server thread/DEBUG] [net.minecraftforge.network.HandshakeHandler/FMLHANDSHAKE]: Sending ticking packet info 'Registry minecraft:particle_type' to 'fml:handshake' sequence 5
[07Dec2025 23:43:04.752] [Netty Epoll Server IO #1/DEBUG] [net.minecraftforge.network.LoginWrapper/FMLHANDSHAKE]: Recieved login wrapper packet event for channel fml:handshake with index 1
[07Dec2025 23:43:04.752] [Netty Epoll Server IO #1/DEBUG] [net.minecraftforge.network.HandshakeHandler/FMLHANDSHAKE]: Received client indexed reply 1 of type net.minecraftforge.network.HandshakeMessages$C2SModListReply
[07Dec2025 23:43:04.752] [Netty Epoll Server IO #1/DEBUG] [net.minecraftforge.network.HandshakeHandler/FMLHANDSHAKE]: Received client connection with modlist [minecraft, plasmovoice, keys_remover, forge, thundernight, owleafutils, healtem]
[07Dec2025 23:43:04.752] [Netty Epoll Server IO #1/DEBUG] [net.minecraftforge.network.NetworkRegistry/NETREGISTRY]: Channel 'fml:loginwrapper' : Version test of 'FML3' from client : ACCEPTED
[07Dec2025 23:43:04.752] [Netty Epoll Server IO #1/DEBUG] [net.minecraftforge.network.NetworkRegistry/NETREGISTRY]: Channel 'owleafutils:main' : Version test of '1' from client : ACCEPTED
[07Dec2025 23:43:04.752] [Netty Epoll Server IO #1/DEBUG] [net.minecraftforge.network.NetworkRegistry/NETREGISTRY]: Channel 'forge:tier_sorting' : Version test of '1.0' from client : ACCEPTED
[07Dec2025 23:43:04.752] [Netty Epoll Server IO #1/DEBUG] [net.minecraftforge.network.NetworkRegistry/NETREGISTRY]: Channel 'fml:handshake' : Version test of 'FML3' from client : ACCEPTED
[07Dec2025 23:43:04.752] [Netty Epoll Server IO #1/DEBUG] [net.minecraftforge.network.NetworkRegistry/NETREGISTRY]: Channel 'plasmo:voice/v2/service' : Version test of 'ALLOWVANILLA 💓💓💓' from client : ACCEPTED
[07Dec2025 23:43:04.752] [Netty Epoll Server IO #1/DEBUG] [net.minecraftforge.network.NetworkRegistry/NETREGISTRY]: Channel 'plasmo:voice/v2' : Version test of 'ALLOWVANILLA 💓💓💓' from client : ACCEPTED
[07Dec2025 23:43:04.752] [Netty Epoll Server IO #1/DEBUG] [net.minecraftforge.network.NetworkRegistry/NETREGISTRY]: Channel 'minecraft:unregister' : Version test of 'FML3' from client : ACCEPTED
[07Dec2025 23:43:04.752] [Netty Epoll Server IO #1/DEBUG] [net.minecraftforge.network.NetworkRegistry/NETREGISTRY]: Channel 'fml:play' : Version test of 'FML3' from client : ACCEPTED
[07Dec2025 23:43:04.752] [Netty Epoll Server IO #1/DEBUG] [net.minecraftforge.network.NetworkRegistry/NETREGISTRY]: Channel 'minecraft:register' : Version test of 'FML3' from client : ACCEPTED
[07Dec2025 23:43:04.752] [Netty Epoll Server IO #1/DEBUG] [net.minecraftforge.network.NetworkRegistry/NETREGISTRY]: Channel 'forge:split' : Version test of '1.1' from client : ACCEPTED
[07Dec2025 23:43:04.752] [Netty Epoll Server IO #1/DEBUG] [net.minecraftforge.network.NetworkRegistry/NETREGISTRY]: Channel 'plasmo:voice/v2/installed' : Version test of 'ALLOWVANILLA 💓💓💓' from client : ACCEPTED
[07Dec2025 23:43:04.753] [Netty Epoll Server IO #1/DEBUG] [net.minecraftforge.network.NetworkRegistry/NETREGISTRY]: Accepting channel list from client
[07Dec2025 23:43:04.753] [Netty Epoll Server IO #1/DEBUG] [net.minecraftforge.network.HandshakeHandler/FMLHANDSHAKE]: Accepted client connection mod list
[07Dec2025 23:43:04.756] [Server thread/DEBUG] [net.minecraftforge.network.HandshakeHandler/FMLHANDSHAKE]: Sending ticking packet info 'Registry minecraft:villager_profession' to 'fml:handshake' sequence 6
[07Dec2025 23:43:04.806] [Server thread/DEBUG] [net.minecraftforge.network.HandshakeHandler/FMLHANDSHAKE]: Sending ticking packet info 'Registry minecraft:item' to 'fml:handshake' sequence 7
[07Dec2025 23:43:04.810] [Netty Epoll Server IO #1/DEBUG] [net.minecraftforge.network.LoginWrapper/FMLHANDSHAKE]: Recieved login wrapper packet event for channel fml:handshake with index 2
[07Dec2025 23:43:04.810] [Netty Epoll Server IO #1/DEBUG] [net.minecraftforge.network.HandshakeHandler/FMLHANDSHAKE]: Received client indexed reply 2 of type net.minecraftforge.network.HandshakeMessages$C2SAcknowledge
[07Dec2025 23:43:04.810] [Netty Epoll Server IO #1/DEBUG] [net.minecraftforge.network.HandshakeHandler/FMLHANDSHAKE]: Received acknowledgement from client
[07Dec2025 23:43:04.832] [Netty Epoll Server IO #1/DEBUG] [net.minecraftforge.network.LoginWrapper/FMLHANDSHAKE]: Recieved login wrapper packet event for channel fml:handshake with index 3
[07Dec2025 23:43:04.832] [Netty Epoll Server IO #1/DEBUG] [net.minecraftforge.network.HandshakeHandler/FMLHANDSHAKE]: Received client indexed reply 3 of type net.minecraftforge.network.HandshakeMessages$C2SAcknowledge
[07Dec2025 23:43:04.832] [Netty Epoll Server IO #1/DEBUG] [net.minecraftforge.network.HandshakeHandler/FMLHANDSHAKE]: Received acknowledgement from client
[07Dec2025 23:43:04.856] [Server thread/DEBUG] [net.minecraftforge.network.HandshakeHandler/FMLHANDSHAKE]: Sending ticking packet info 'Registry minecraft:potion' to 'fml:handshake' sequence 8
[07Dec2025 23:43:04.907] [Server thread/DEBUG] [net.minecraftforge.network.HandshakeHandler/FMLHANDSHAKE]: Sending ticking packet info 'Registry minecraft:painting_variant' to 'fml:handshake' sequence 9
[07Dec2025 23:43:04.956] [Server thread/DEBUG] [net.minecraftforge.network.HandshakeHandler/FMLHANDSHAKE]: Sending ticking packet info 'Registry forge:fluid_type' to 'fml:handshake' sequence 10
[07Dec2025 23:43:05.006] [Server thread/DEBUG] [net.minecraftforge.network.HandshakeHandler/FMLHANDSHAKE]: Sending ticking packet info 'Registry minecraft:block_entity_type' to 'fml:handshake' sequence 11
[07Dec2025 23:43:05.056] [Server thread/DEBUG] [net.minecraftforge.network.HandshakeHandler/FMLHANDSHAKE]: Sending ticking packet info 'Registry forge:display_contexts' to 'fml:handshake' sequence 12
[07Dec2025 23:43:05.106] [Server thread/DEBUG] [net.minecraftforge.network.HandshakeHandler/FMLHANDSHAKE]: Sending ticking packet info 'Registry minecraft:block' to 'fml:handshake' sequence 13
[07Dec2025 23:43:05.156] [Server thread/DEBUG] [net.minecraftforge.network.HandshakeHandler/FMLHANDSHAKE]: Sending ticking packet info 'Registry forge:entity_data_serializers' to 'fml:handshake' sequence 14
[07Dec2025 23:43:05.206] [Server thread/DEBUG] [net.minecraftforge.network.HandshakeHandler/FMLHANDSHAKE]: Sending ticking packet info 'Registry minecraft:mob_effect' to 'fml:handshake' sequence 15
[07Dec2025 23:43:05.258] [Server thread/DEBUG] [net.minecraftforge.network.HandshakeHandler/FMLHANDSHAKE]: Sending ticking packet info 'Registry minecraft:stat_type' to 'fml:handshake' sequence 16
[07Dec2025 23:43:05.306] [Server thread/DEBUG] [net.minecraftforge.network.HandshakeHandler/FMLHANDSHAKE]: Sending ticking packet info 'Registry minecraft:menu' to 'fml:handshake' sequence 17
[07Dec2025 23:43:05.356] [Server thread/DEBUG] [net.minecraftforge.network.HandshakeHandler/FMLHANDSHAKE]: Sending ticking packet info 'Registry minecraft:enchantment' to 'fml:handshake' sequence 18
[07Dec2025 23:43:05.406] [Server thread/DEBUG] [net.minecraftforge.network.HandshakeHandler/FMLHANDSHAKE]: Sending ticking packet info 'Registry minecraft:fluid' to 'fml:handshake' sequence 19
[07Dec2025 23:43:05.457] [Server thread/DEBUG] [net.minecraftforge.network.HandshakeHandler/FMLHANDSHAKE]: Sending ticking packet info 'Registry minecraft:entity_type' to 'fml:handshake' sequence 20
[07Dec2025 23:43:05.506] [Server thread/DEBUG] [net.minecraftforge.network.HandshakeHandler/FMLHANDSHAKE]: Sending ticking packet info 'Config forge-server.toml' to 'fml:handshake' sequence 21
[07Dec2025 23:43:05.817] [Netty Epoll Server IO #1/DEBUG] [net.minecraftforge.network.LoginWrapper/FMLHANDSHAKE]: Recieved login wrapper packet event for channel fml:handshake with index 4
[07Dec2025 23:43:05.817] [Netty Epoll Server IO #1/DEBUG] [net.minecraftforge.network.HandshakeHandler/FMLHANDSHAKE]: Received client indexed reply 4 of type net.minecraftforge.network.HandshakeMessages$C2SAcknowledge
[07Dec2025 23:43:05.817] [Netty Epoll Server IO #1/DEBUG] [net.minecraftforge.network.HandshakeHandler/FMLHANDSHAKE]: Received acknowledgement from client
[07Dec2025 23:43:05.817] [Netty Epoll Server IO #1/DEBUG] [net.minecraftforge.network.LoginWrapper/FMLHANDSHAKE]: Recieved login wrapper packet event for channel fml:handshake with index 5
[07Dec2025 23:43:05.817] [Netty Epoll Server IO #1/DEBUG] [net.minecraftforge.network.HandshakeHandler/FMLHANDSHAKE]: Received client indexed reply 5 of type net.minecraftforge.network.HandshakeMessages$C2SAcknowledge
[07Dec2025 23:43:05.817] [Netty Epoll Server IO #1/DEBUG] [net.minecraftforge.network.HandshakeHandler/FMLHANDSHAKE]: Received acknowledgement from client
[07Dec2025 23:43:05.824] [Netty Epoll Server IO #1/DEBUG] [net.minecraftforge.network.LoginWrapper/FMLHANDSHAKE]: Recieved login wrapper packet event for channel fml:handshake with index 6
[07Dec2025 23:43:05.824] [Netty Epoll Server IO #1/DEBUG] [net.minecraftforge.network.HandshakeHandler/FMLHANDSHAKE]: Received client indexed reply 6 of type net.minecraftforge.network.HandshakeMessages$C2SAcknowledge
[07Dec2025 23:43:05.824] [Netty Epoll Server IO #1/DEBUG] [net.minecraftforge.network.HandshakeHandler/FMLHANDSHAKE]: Received acknowledgement from client
[07Dec2025 23:43:06.286] [Netty Epoll Server IO #1/DEBUG] [net.minecraftforge.network.LoginWrapper/FMLHANDSHAKE]: Recieved login wrapper packet event for channel fml:handshake with index 7
[07Dec2025 23:43:06.286] [Netty Epoll Server IO #1/DEBUG] [net.minecraftforge.network.HandshakeHandler/FMLHANDSHAKE]: Received client indexed reply 7 of type net.minecraftforge.network.HandshakeMessages$C2SAcknowledge
[07Dec2025 23:43:06.286] [Netty Epoll Server IO #1/DEBUG] [net.minecraftforge.network.HandshakeHandler/FMLHANDSHAKE]: Received acknowledgement from client
[07Dec2025 23:43:06.293] [Netty Epoll Server IO #1/DEBUG] [net.minecraftforge.network.LoginWrapper/FMLHANDSHAKE]: Recieved login wrapper packet event for channel fml:handshake with index 8
[07Dec2025 23:43:06.293] [Netty Epoll Server IO #1/DEBUG] [net.minecraftforge.network.HandshakeHandler/FMLHANDSHAKE]: Received client indexed reply 8 of type net.minecraftforge.network.HandshakeMessages$C2SAcknowledge
[07Dec2025 23:43:06.293] [Netty Epoll Server IO #1/DEBUG] [net.minecraftforge.network.HandshakeHandler/FMLHANDSHAKE]: Received acknowledgement from client
[07Dec2025 23:43:06.293] [Netty Epoll Server IO #1/DEBUG] [net.minecraftforge.network.LoginWrapper/FMLHANDSHAKE]: Recieved login wrapper packet event for channel fml:handshake with index 9
[07Dec2025 23:43:06.293] [Netty Epoll Server IO #1/DEBUG] [net.minecraftforge.network.HandshakeHandler/FMLHANDSHAKE]: Received client indexed reply 9 of type net.minecraftforge.network.HandshakeMessages$C2SAcknowledge
[07Dec2025 23:43:06.293] [Netty Epoll Server IO #1/DEBUG] [net.minecraftforge.network.HandshakeHandler/FMLHANDSHAKE]: Received acknowledgement from client
[07Dec2025 23:43:06.299] [Netty Epoll Server IO #1/DEBUG] [net.minecraftforge.network.LoginWrapper/FMLHANDSHAKE]: Recieved login wrapper packet event for channel fml:handshake with index 10
[07Dec2025 23:43:06.299] [Netty Epoll Server IO #1/DEBUG] [net.minecraftforge.network.HandshakeHandler/FMLHANDSHAKE]: Received client indexed reply 10 of type net.minecraftforge.network.HandshakeMessages$C2SAcknowledge
[07Dec2025 23:43:06.299] [Netty Epoll Server IO #1/DEBUG] [net.minecraftforge.network.HandshakeHandler/FMLHANDSHAKE]: Received acknowledgement from client
[07Dec2025 23:43:06.327] [Netty Epoll Server IO #1/DEBUG] [net.minecraftforge.network.LoginWrapper/FMLHANDSHAKE]: Recieved login wrapper packet event for channel fml:handshake with index 11
[07Dec2025 23:43:06.327] [Netty Epoll Server IO #1/DEBUG] [net.minecraftforge.network.HandshakeHandler/FMLHANDSHAKE]: Received client indexed reply 11 of type net.minecraftforge.network.HandshakeMessages$C2SAcknowledge
[07Dec2025 23:43:06.327] [Netty Epoll Server IO #1/DEBUG] [net.minecraftforge.network.HandshakeHandler/FMLHANDSHAKE]: Received acknowledgement from client
[07Dec2025 23:43:06.330] [Netty Epoll Server IO #1/DEBUG] [net.minecraftforge.network.LoginWrapper/FMLHANDSHAKE]: Recieved login wrapper packet event for channel fml:handshake with index 12
[07Dec2025 23:43:06.330] [Netty Epoll Server IO #1/DEBUG] [net.minecraftforge.network.HandshakeHandler/FMLHANDSHAKE]: Received client indexed reply 12 of type net.minecraftforge.network.HandshakeMessages$C2SAcknowledge
[07Dec2025 23:43:06.330] [Netty Epoll Server IO #1/DEBUG] [net.minecraftforge.network.HandshakeHandler/FMLHANDSHAKE]: Received acknowledgement from client
[07Dec2025 23:43:06.696] [Netty Epoll Server IO #1/DEBUG] [net.minecraftforge.network.LoginWrapper/FMLHANDSHAKE]: Recieved login wrapper packet event for channel fml:handshake with index 13
[07Dec2025 23:43:06.696] [Netty Epoll Server IO #1/DEBUG] [net.minecraftforge.network.HandshakeHandler/FMLHANDSHAKE]: Received client indexed reply 13 of type net.minecraftforge.network.HandshakeMessages$C2SAcknowledge
[07Dec2025 23:43:06.696] [Netty Epoll Server IO #1/DEBUG] [net.minecraftforge.network.HandshakeHandler/FMLHANDSHAKE]: Received acknowledgement from client
[07Dec2025 23:43:06.707] [Netty Epoll Server IO #1/DEBUG] [net.minecraftforge.network.LoginWrapper/FMLHANDSHAKE]: Recieved login wrapper packet event for channel fml:handshake with index 14
[07Dec2025 23:43:06.707] [Netty Epoll Server IO #1/DEBUG] [net.minecraftforge.network.HandshakeHandler/FMLHANDSHAKE]: Received client indexed reply 14 of type net.minecraftforge.network.HandshakeMessages$C2SAcknowledge
[07Dec2025 23:43:06.707] [Netty Epoll Server IO #1/DEBUG] [net.minecraftforge.network.HandshakeHandler/FMLHANDSHAKE]: Received acknowledgement from client
[07Dec2025 23:43:06.724] [Netty Epoll Server IO #1/DEBUG] [net.minecraftforge.network.LoginWrapper/FMLHANDSHAKE]: Recieved login wrapper packet event for channel fml:handshake with index 15
[07Dec2025 23:43:06.724] [Netty Epoll Server IO #1/DEBUG] [net.minecraftforge.network.HandshakeHandler/FMLHANDSHAKE]: Received client indexed reply 15 of type net.minecraftforge.network.HandshakeMessages$C2SAcknowledge
[07Dec2025 23:43:06.724] [Netty Epoll Server IO #1/DEBUG] [net.minecraftforge.network.HandshakeHandler/FMLHANDSHAKE]: Received acknowledgement from client
[07Dec2025 23:43:06.731] [Netty Epoll Server IO #1/DEBUG] [net.minecraftforge.network.LoginWrapper/FMLHANDSHAKE]: Recieved login wrapper packet event for channel fml:handshake with index 16
[07Dec2025 23:43:06.731] [Netty Epoll Server IO #1/DEBUG] [net.minecraftforge.network.HandshakeHandler/FMLHANDSHAKE]: Received client indexed reply 16 of type net.minecraftforge.network.HandshakeMessages$C2SAcknowledge
[07Dec2025 23:43:06.731] [Netty Epoll Server IO #1/DEBUG] [net.minecraftforge.network.HandshakeHandler/FMLHANDSHAKE]: Received acknowledgement from client
[07Dec2025 23:43:06.731] [Netty Epoll Server IO #1/DEBUG] [net.minecraftforge.network.LoginWrapper/FMLHANDSHAKE]: Recieved login wrapper packet event for channel fml:handshake with index 17
[07Dec2025 23:43:06.731] [Netty Epoll Server IO #1/DEBUG] [net.minecraftforge.network.HandshakeHandler/FMLHANDSHAKE]: Received client indexed reply 17 of type net.minecraftforge.network.HandshakeMessages$C2SAcknowledge
[07Dec2025 23:43:06.731] [Netty Epoll Server IO #1/DEBUG] [net.minecraftforge.network.HandshakeHandler/FMLHANDSHAKE]: Received acknowledgement from client
[07Dec2025 23:43:06.738] [Netty Epoll Server IO #1/DEBUG] [net.minecraftforge.network.LoginWrapper/FMLHANDSHAKE]: Recieved login wrapper packet event for channel fml:handshake with index 18
[07Dec2025 23:43:06.738] [Netty Epoll Server IO #1/DEBUG] [net.minecraftforge.network.HandshakeHandler/FMLHANDSHAKE]: Received client indexed reply 18 of type net.minecraftforge.network.HandshakeMessages$C2SAcknowledge
[07Dec2025 23:43:06.738] [Netty Epoll Server IO #1/DEBUG] [net.minecraftforge.network.HandshakeHandler/FMLHANDSHAKE]: Received acknowledgement from client
[07Dec2025 23:43:06.743] [Netty Epoll Server IO #1/DEBUG] [net.minecraftforge.network.LoginWrapper/FMLHANDSHAKE]: Recieved login wrapper packet event for channel fml:handshake with index 19
[07Dec2025 23:43:06.743] [Netty Epoll Server IO #1/DEBUG] [net.minecraftforge.network.HandshakeHandler/FMLHANDSHAKE]: Received client indexed reply 19 of type net.minecraftforge.network.HandshakeMessages$C2SAcknowledge
[07Dec2025 23:43:06.743] [Netty Epoll Server IO #1/DEBUG] [net.minecraftforge.network.HandshakeHandler/FMLHANDSHAKE]: Received acknowledgement from client
[07Dec2025 23:43:09.969] [Netty Epoll Server IO #1/DEBUG] [net.minecraftforge.network.LoginWrapper/FMLHANDSHAKE]: Recieved login wrapper packet event for channel fml:handshake with index 20
[07Dec2025 23:43:09.969] [Netty Epoll Server IO #1/DEBUG] [net.minecraftforge.network.HandshakeHandler/FMLHANDSHAKE]: Received client indexed reply 20 of type net.minecraftforge.network.HandshakeMessages$C2SAcknowledge
[07Dec2025 23:43:09.969] [Netty Epoll Server IO #1/DEBUG] [net.minecraftforge.network.HandshakeHandler/FMLHANDSHAKE]: Received acknowledgement from client
[07Dec2025 23:43:10.006] [Netty Epoll Server IO #1/DEBUG] [net.minecraftforge.network.LoginWrapper/FMLHANDSHAKE]: Recieved login wrapper packet event for channel fml:handshake with index 21
[07Dec2025 23:43:10.006] [Netty Epoll Server IO #1/DEBUG] [net.minecraftforge.network.HandshakeHandler/FMLHANDSHAKE]: Received client indexed reply 21 of type net.minecraftforge.network.HandshakeMessages$C2SAcknowledge
[07Dec2025 23:43:10.006] [Netty Epoll Server IO #1/DEBUG] [net.minecraftforge.network.HandshakeHandler/FMLHANDSHAKE]: Received acknowledgement from client
[07Dec2025 23:43:10.007] [Server thread/DEBUG] [net.minecraftforge.network.HandshakeHandler/FMLHANDSHAKE]: Handshake complete!
[07Dec2025 23:43:10.068] [Server thread/INFO] [net.minecraft.server.players.PlayerList/]: silly_have_money[/127.121.123.128:57903] logged in with entity id 6579 at (60.21441568697629, 107.0, 43.235659859262356)
[07Dec2025 23:43:10.068] [Server thread/DEBUG] [net.minecraftforge.network.filters.NetworkFilters/]: Injected net.minecraftforge.network.filters.ForgeConnectionNetworkFilter@21129bd2 into net.minecraft.network.Connection@19067c7d
[07Dec2025 23:43:10.144] [Server thread/INFO] [net.minecraft.server.MinecraftServer/]: silly_have_money joined the game
[07Dec2025 23:43:13.433] [Async Chat Thread - #36/INFO] [net.minecraft.server.MinecraftServer/]: [Not Secure] <BasseeMC> VAMOS
[07Dec2025 23:43:17.052] [Async Chat Thread - #35/INFO] [net.minecraft.server.MinecraftServer/]: [Not Secure] <BasseeMC> tenemos para proba
[07Dec2025 23:43:19.759] [Async Chat Thread - #35/INFO] [net.minecraft.server.MinecraftServer/]: [Not Secure] <BasseeMC> probar
[07Dec2025 23:43:33.434] [Async Chat Thread - #36/INFO] [net.minecraft.server.MinecraftServer/]: [Not Secure] <Xplix> hola putito
[07Dec2025 23:43:36.349] [Async Chat Thread - #35/INFO] [net.minecraft.server.MinecraftServer/]: [Not Secure] <Xplix> xd
[07Dec2025 23:43:44.099] [Server thread/INFO] [net.minecraft.server.network.ServerGamePacketListenerImpl/]: BasseeMC issued server command: /gamemode adventure
[07Dec2025 23:43:44.100] [Server thread/INFO] [net.minecraft.server.MinecraftServer/]: [BasseeMC: Set own game mode to Adventure Mode]
[07Dec2025 23:43:56.464] [Server thread/DEBUG] [net.minecraftforge.common.ForgeHooks/WP]: Gathering id map for writing to world save Squid Alpaca Games
[07Dec2025 23:43:56.468] [Server thread/DEBUG] [net.minecraftforge.common.ForgeHooks/WP]: ID Map collection complete Squid Alpaca Games
[07Dec2025 23:43:56.689] [Async Chat Thread - #36/INFO] [net.minecraft.server.MinecraftServer/]: [Not Secure] <silly_have_money> comome el pene
[07Dec2025 23:44:00.582] [Async Chat Thread - #35/INFO] [net.minecraft.server.MinecraftServer/]: [Not Secure] <Xplix> xdd
[07Dec2025 23:44:03.865] [Async Chat Thread - #36/INFO] [net.minecraft.server.MinecraftServer/]: [Not Secure] <BasseeMC> bro tiene un poco de lag
[07Dec2025 23:44:09.097] [Async Chat Thread - #36/INFO] [net.minecraft.server.MinecraftServer/]: [Not Secure] <Xplix> ya ay que jugar
[07Dec2025 23:44:17.746] [Server thread/INFO] [net.minecraft.server.network.ServerGamePacketListenerImpl/]: Xplix issued server command: /clear @a
[07Dec2025 23:44:17.749] [Server thread/INFO] [net.minecraft.server.MinecraftServer/]: [Xplix: Removed 13 item(s) from 3 players]
[07Dec2025 23:44:21.027] [Server thread/INFO] [net.minecraft.server.network.ServerGamePacketListenerImpl/]: BasseeMC issued server command: /gamemode creative
[07Dec2025 23:44:21.027] [Server thread/INFO] [net.minecraft.server.MinecraftServer/]: [BasseeMC: Set own game mode to Creative Mode]
[07Dec2025 23:44:24.484] [Async Chat Thread - #35/INFO] [net.minecraft.server.MinecraftServer/]: [Not Secure] <silly_have_money> no es muy chico el mapa?
[07Dec2025 23:44:27.045] [Async Chat Thread - #36/INFO] [net.minecraft.server.MinecraftServer/]: [Not Secure] <BasseeMC> dale efectos
[07Dec2025 23:44:33.412] [Async Chat Thread - #35/INFO] [net.minecraft.server.MinecraftServer/]: [Not Secure] <BasseeMC> nop
[07Dec2025 23:44:44.157] [Server thread/INFO] [net.minecraft.server.network.ServerGamePacketListenerImpl/]: Xplix issued server command: /effect give @a minecraft:saturation infinite
[07Dec2025 23:44:44.158] [Server thread/INFO] [net.minecraft.server.MinecraftServer/]: [Xplix: Applied effect Saturation to 3 targets]
[07Dec2025 23:44:48.249] [Server thread/INFO] [net.minecraft.server.network.ServerGamePacketListenerImpl/]: Xplix issued server command: /effect give @a minecraft:regeneration infinite
[07Dec2025 23:44:48.250] [Server thread/INFO] [net.minecraft.server.MinecraftServer/]: [Xplix: Applied effect Regeneration to 3 targets]
[07Dec2025 23:45:14.420] [Server thread/INFO] [net.minecraft.server.network.ServerGamePacketListenerImpl/]: BasseeMC issued server command: /effect give @a minecraft:water_breathing infinite 100 true
[07Dec2025 23:45:14.421] [Server thread/INFO] [net.minecraft.server.MinecraftServer/]: [BasseeMC: Applied effect Water Breathing to 3 targets]
[07Dec2025 23:45:24.759] [Server thread/INFO] [net.minecraft.server.network.ServerGamePacketListenerImpl/]: BasseeMC issued server command: /iniciarpingui
[07Dec2025 23:45:24.759] [Server thread/INFO] [net.minecraft.server.MinecraftServer/]:  Juego Iniciado
[07Dec2025 23:45:24.759] [Server thread/INFO] [net.minecraft.server.MinecraftServer/]: Acumula 3 minutos con el pingüino
[07Dec2025 23:45:24.759] [Server thread/INFO] [net.minecraft.server.MinecraftServer/]: 
[07Dec2025 23:45:24.759] [Server thread/INFO] [net.minecraft.server.MinecraftServer/]: [BasseeMC: [PinguiGame] Juego iniciado correctamente.]
[07Dec2025 23:45:32.712] [Async Chat Thread - #36/INFO] [net.minecraft.server.MinecraftServer/]: [Not Secure] <BasseeMC> solo 1
[07Dec2025 23:45:38.202] [Server thread/INFO] [net.minecraft.server.network.ServerGamePacketListenerImpl/]: BasseeMC issued server command: /gamemode adventure
[07Dec2025 23:45:38.203] [Server thread/INFO] [net.minecraft.server.MinecraftServer/]: [BasseeMC: Set own game mode to Adventure Mode]
[07Dec2025 23:45:39.336] [Server thread/INFO] [net.minecraft.server.network.ServerGamePacketListenerImpl/]: Xplix issued server command: /resetpinguiblock
[07Dec2025 23:45:39.336] [Server thread/INFO] [net.minecraft.server.MinecraftServer/]: [Xplix: [PinguiBlock] Estado reseteado correctamente.
• 0 jugador(es) pueden volver a interactuar.
• 0 pingüino(s) removido(s) de las cabezas.
• JUEGO RESETEADO - Usa /iniciarpingui para comenzar]
[07Dec2025 23:45:39.336] [Server thread/INFO] [net.minecraft.server.MinecraftServer/]: Esperen...
[07Dec2025 23:45:43.306] [Server thread/INFO] [net.minecraft.server.network.ServerGamePacketListenerImpl/]: Xplix issued server command: /gamemode adventure
[07Dec2025 23:45:43.306] [Server thread/INFO] [net.minecraft.server.MinecraftServer/]: [Xplix: Set own game mode to Adventure Mode]
[07Dec2025 23:45:49.524] [Server thread/INFO] [net.minecraft.server.network.ServerGamePacketListenerImpl/]: Xplix issued server command: /gamemode adventure @a
[07Dec2025 23:45:51.575] [Async Chat Thread - #35/INFO] [net.minecraft.server.MinecraftServer/]: [Not Secure] <Xplix> listo
[07Dec2025 23:45:52.828] [Server thread/INFO] [net.minecraft.server.network.ServerGamePacketListenerImpl/]: BasseeMC issued server command: /gamemode creative
[07Dec2025 23:45:52.829] [Server thread/INFO] [net.minecraft.server.MinecraftServer/]: [BasseeMC: Set own game mode to Creative Mode]
[07Dec2025 23:45:53.892] [Server thread/INFO] [net.minecraft.server.network.ServerGamePacketListenerImpl/]: BasseeMC issued server command: /gamemode adventure
[07Dec2025 23:45:53.892] [Server thread/INFO] [net.minecraft.server.MinecraftServer/]: [BasseeMC: Set own game mode to Adventure Mode]
[07Dec2025 23:45:56.450] [Server thread/INFO] [net.minecraft.server.network.ServerGamePacketListenerImpl/]: Xplix issued server command: /iniciarpingui
[07Dec2025 23:45:56.450] [Server thread/INFO] [net.minecraft.server.MinecraftServer/]:  Juego Iniciado
[07Dec2025 23:45:56.450] [Server thread/INFO] [net.minecraft.server.MinecraftServer/]: Acumula 3 minutos con el pingüino
[07Dec2025 23:45:56.450] [Server thread/INFO] [net.minecraft.server.MinecraftServer/]: 
[07Dec2025 23:45:56.450] [Server thread/INFO] [net.minecraft.server.MinecraftServer/]: [Xplix: [PinguiGame] Juego iniciado correctamente.]
[07Dec2025 23:46:05.712] [Async Chat Thread - #36/INFO] [net.minecraft.server.MinecraftServer/]: [Not Secure] <BasseeMC> xd
[07Dec2025 23:46:07.632] [Async Chat Thread - #35/INFO] [net.minecraft.server.MinecraftServer/]: [Not Secure] <Xplix> xd
[07Dec2025 23:46:08.213] [Async Chat Thread - #36/INFO] [net.minecraft.server.MinecraftServer/]: [Not Secure] <silly_have_money> xd
[07Dec2025 23:46:10.050] [Server thread/INFO] [net.minecraft.server.network.ServerGamePacketListenerImpl/]: Xplix issued server command: /gamemode creative
[07Dec2025 23:46:10.050] [Server thread/INFO] [net.minecraft.server.MinecraftServer/]: [Xplix: Set own game mode to Creative Mode]
[07Dec2025 23:46:14.289] [Server thread/INFO] [net.minecraft.server.network.ServerGamePacketListenerImpl/]: BasseeMC issued server command: /gamemode adventure @a
[07Dec2025 23:46:14.290] [Server thread/INFO] [net.minecraft.server.MinecraftServer/]: [BasseeMC: Set Xplix's game mode to Adventure Mode]
[07Dec2025 23:46:19.548] [Async Chat Thread - #35/INFO] [net.minecraft.server.MinecraftServer/]: [Not Secure] <BasseeMC> ?
[07Dec2025 23:46:20.049] [Async Chat Thread - #36/INFO] [net.minecraft.server.MinecraftServer/]: [Not Secure] <Xplix> va
[07Dec2025 23:46:29.939] [Server thread/INFO] [net.minecraft.server.network.ServerGamePacketListenerImpl/]: Xplix issued server command: /finpingui
[07Dec2025 23:46:29.939] [Server thread/INFO] [net.minecraft.server.MinecraftServer/]: 
[07Dec2025 23:46:29.939] [Server thread/INFO] [net.minecraft.server.MinecraftServer/]: Juego Terminado
[07Dec2025 23:46:29.939] [Server thread/INFO] [net.minecraft.server.MinecraftServer/]: Ningún jugador completó 3 minutos
[07Dec2025 23:46:29.939] [Server thread/INFO] [net.minecraft.server.MinecraftServer/]: Todos los jugadores serán eliminados...
[07Dec2025 23:46:29.939] [Server thread/INFO] [net.minecraft.server.MinecraftServer/]: 
[07Dec2025 23:46:29.939] [Server thread/INFO] [net.minecraft.server.MinecraftServer/]: [Xplix: Juego terminado]
[07Dec2025 23:46:34.499] [Server thread/INFO] [net.minecraft.server.network.ServerGamePacketListenerImpl/]: Xplix issued server command: /gamemode creative
[07Dec2025 23:46:34.500] [Server thread/INFO] [net.minecraft.server.MinecraftServer/]: [Xplix: Set own game mode to Creative Mode]
[07Dec2025 23:46:36.741] [Server thread/INFO] [net.minecraft.server.network.ServerGamePacketListenerImpl/]: Xplix issued server command: /resetpinguiblock
[07Dec2025 23:46:36.741] [Server thread/INFO] [net.minecraft.server.MinecraftServer/]: [Xplix: [PinguiBlock] Estado reseteado correctamente.
• 2 jugador(es) pueden volver a interactuar.
• 0 pingüino(s) removido(s) de las cabezas.
• JUEGO RESETEADO - Usa /iniciarpingui para comenzar]
[07Dec2025 23:46:36.741] [Server thread/INFO] [net.minecraft.server.MinecraftServer/]: Esperen...
[07Dec2025 23:46:47.785] [Server thread/INFO] [net.minecraft.server.network.ServerGamePacketListenerImpl/]: BasseeMC issued server command: /gamemode creative
[07Dec2025 23:46:47.786] [Server thread/INFO] [net.minecraft.server.MinecraftServer/]: [BasseeMC: Set own game mode to Creative Mode]
[07Dec2025 23:46:47.801] [Async Chat Thread - #35/INFO] [net.minecraft.server.MinecraftServer/]: [Not Secure] <silly_have_money> esperen dejenme constuir algo
[07Dec2025 23:46:50.606] [Server thread/INFO] [net.minecraft.server.network.ServerGamePacketListenerImpl/]: Xplix issued server command: /iniciarpingui
[07Dec2025 23:46:50.606] [Server thread/INFO] [net.minecraft.server.MinecraftServer/]:  Juego Iniciado
[07Dec2025 23:46:50.606] [Server thread/INFO] [net.minecraft.server.MinecraftServer/]: Acumula 3 minutos con el pingüino
[07Dec2025 23:46:50.606] [Server thread/INFO] [net.minecraft.server.MinecraftServer/]: 
[07Dec2025 23:46:50.606] [Server thread/INFO] [net.minecraft.server.MinecraftServer/]: [Xplix: [PinguiGame] Juego iniciado correctamente.]
[07Dec2025 23:46:54.280] [Server thread/INFO] [net.minecraft.server.network.ServerGamePacketListenerImpl/]: silly_have_money issued server command: /gamemode
[07Dec2025 23:46:56.539] [Async Chat Thread - #36/INFO] [net.minecraft.server.MinecraftServer/]: [Not Secure] <Xplix> golpeame
[07Dec2025 23:46:58.699] [Server thread/INFO] [net.minecraft.server.network.ServerGamePacketListenerImpl/]: BasseeMC issued server command: /tp silly_have_money BasseeMC
[07Dec2025 23:46:58.699] [Server thread/INFO] [net.minecraft.server.MinecraftServer/]: [BasseeMC: Teleported silly_have_money to BasseeMC]
[07Dec2025 23:47:04.956] [Server thread/INFO] [net.minecraft.server.network.ServerGamePacketListenerImpl/]: silly_have_money issued server command: /gamemode creative
[07Dec2025 23:47:04.957] [Server thread/INFO] [net.minecraft.server.MinecraftServer/]: [silly_have_money: Set own game mode to Creative Mode]
[07Dec2025 23:47:06.199] [Server thread/INFO] [net.minecraft.server.network.ServerGamePacketListenerImpl/]: Xplix issued server command: /gamemode adventure
[07Dec2025 23:47:06.199] [Server thread/INFO] [net.minecraft.server.MinecraftServer/]: [Xplix: Set own game mode to Adventure Mode]
[07Dec2025 23:47:13.809] [Async Chat Thread - #35/INFO] [net.minecraft.server.MinecraftServer/]: [Not Secure] <BasseeMC> debe de ser por la luz creo
[07Dec2025 23:47:15.528] [Async Chat Thread - #36/INFO] [net.minecraft.server.MinecraftServer/]: [Not Secure] <Xplix> whats
[07Dec2025 23:47:18.144] [Server thread/INFO] [net.minecraft.server.network.ServerGamePacketListenerImpl/]: Xplix issued server command: /gamemode creative
[07Dec2025 23:47:18.144] [Server thread/INFO] [net.minecraft.server.MinecraftServer/]: [Xplix: Set own game mode to Creative Mode]
[07Dec2025 23:47:18.334] [Async Chat Thread - #35/INFO] [net.minecraft.server.MinecraftServer/]: [Not Secure] <BasseeMC> quitemosla
[07Dec2025 23:47:24.472] [Async Chat Thread - #36/INFO] [net.minecraft.server.MinecraftServer/]: [Not Secure] <BasseeMC> con el hacha
[07Dec2025 23:47:29.715] [Server thread/INFO] [net.minecraft.server.network.ServerGamePacketListenerImpl/]: Xplix issued server command: /resetpinguiblock
[07Dec2025 23:47:29.715] [Server thread/INFO] [net.minecraft.server.MinecraftServer/]: [Xplix: [PinguiBlock] Estado reseteado correctamente.
• 1 jugador(es) pueden volver a interactuar.
• 0 pingüino(s) removido(s) de las cabezas.
• JUEGO RESETEADO - Usa /iniciarpingui para comenzar]
[07Dec2025 23:47:29.715] [Server thread/INFO] [net.minecraft.server.MinecraftServer/]: Esperen...
[07Dec2025 23:47:35.909] [Server thread/INFO] [net.minecraft.server.network.ServerGamePacketListenerImpl/]: Xplix issued server command: /iniciarpingui
[07Dec2025 23:47:35.909] [Server thread/INFO] [net.minecraft.server.MinecraftServer/]:  Juego Iniciado
[07Dec2025 23:47:35.909] [Server thread/INFO] [net.minecraft.server.MinecraftServer/]: Acumula 3 minutos con el pingüino
[07Dec2025 23:47:35.909] [Server thread/INFO] [net.minecraft.server.MinecraftServer/]: 
[07Dec2025 23:47:35.910] [Server thread/INFO] [net.minecraft.server.MinecraftServer/]: [Xplix: [PinguiGame] Juego iniciado correctamente.]
[07Dec2025 23:47:42.381] [Server thread/INFO] [net.minecraft.server.network.ServerGamePacketListenerImpl/]: Xplix issued server command: /gamemode adventure
[07Dec2025 23:47:42.381] [Server thread/INFO] [net.minecraft.server.MinecraftServer/]: [Xplix: Set own game mode to Adventure Mode]
[07Dec2025 23:47:49.632] [Async Chat Thread - #36/INFO] [net.minecraft.server.MinecraftServer/]: [Not Secure] <Xplix> aaaaa
[07Dec2025 23:47:54.039] [Async Chat Thread - #35/INFO] [net.minecraft.server.MinecraftServer/]: [Not Secure] <Xplix> aaa ya se
[07Dec2025 23:47:56.469] [Server thread/INFO] [net.minecraft.server.network.ServerGamePacketListenerImpl/]: Xplix issued server command: /gamemode creative
[07Dec2025 23:47:56.470] [Server thread/INFO] [net.minecraft.server.MinecraftServer/]: [Xplix: Set own game mode to Creative Mode]
[07Dec2025 23:48:03.710] [Async Chat Thread - #35/INFO] [net.minecraft.server.MinecraftServer/]: [Not Secure] <Xplix> ay focos
[07Dec2025 23:48:07.105] [Async Chat Thread - #36/INFO] [net.minecraft.server.MinecraftServer/]: [Not Secure] <BasseeMC> q paso
[07Dec2025 23:48:09.812] [Async Chat Thread - #35/INFO] [net.minecraft.server.MinecraftServer/]: [Not Secure] <Xplix> y no es el aire
[07Dec2025 23:48:20.274] [Async Chat Thread - #36/INFO] [net.minecraft.server.MinecraftServer/]: [Not Secure] <BasseeMC> hay que arreglar eso
[07Dec2025 23:48:20.533] [Async Chat Thread - #35/INFO] [net.minecraft.server.MinecraftServer/]: [Not Secure] <Xplix> osea los bloques de luz
[07Dec2025 23:48:23.725] [Server thread/INFO] [net.minecraft.server.network.ServerGamePacketListenerImpl/]: silly_have_money issued server command: /fill
[07Dec2025 23:48:28.585] [Async Chat Thread - #36/INFO] [net.minecraft.server.MinecraftServer/]: [Not Secure] <Xplix> no son aire ni agua
[07Dec2025 23:48:33.152] [Async Chat Thread - #35/INFO] [net.minecraft.server.MinecraftServer/]: [Not Secure] <BasseeMC> porque si o si necesitamos bloques de luz
[07Dec2025 23:48:49.743] [Async Chat Thread - #36/INFO] [net.minecraft.server.MinecraftServer/]: [Not Secure] <Xplix> voy aponer que se cambie por la luz tambien
[07Dec2025 23:48:56.465] [Server thread/DEBUG] [net.minecraftforge.common.ForgeHooks/WP]: Gathering id map for writing to world save Squid Alpaca Games
[07Dec2025 23:48:56.469] [Server thread/DEBUG] [net.minecraftforge.common.ForgeHooks/WP]: ID Map collection complete Squid Alpaca Games
[07Dec2025 23:49:02.807] [Server thread/INFO] [net.minecraft.server.network.ServerGamePacketListenerImpl/]: silly_have_money issued server command: /fill 5 124 1 8 122 84 minecraft:glass
[07Dec2025 23:49:02.809] [Server thread/DEBUG] [mixin/]: Mixing commands.arguments.blocks.BlockStateParserMixin from mixins.arclight.core.json into net.minecraft.commands.arguments.blocks.BlockStateParser
[07Dec2025 23:49:02.838] [Server thread/INFO] [net.minecraft.server.MinecraftServer/]: [silly_have_money: Successfully filled 984 block(s)]
[07Dec2025 23:49:08.394] [Netty Epoll Server IO #2/DEBUG] [net.minecraftforge.network.HandshakeHandler/FMLHANDSHAKE]: Starting new modded impl connection. Found 22 messages to dispatch.
[07Dec2025 23:49:08.490] [User Authenticator #5/INFO] [net.minecraft.server.network.ServerLoginPacketListenerImpl/]: UUID of player Lin4Pepi is 05f23f30-a3e9-3b28-8d2c-798a5507efc9
[07Dec2025 23:49:08.508] [Server thread/DEBUG] [net.minecraftforge.network.HandshakeHandler/FMLHANDSHAKE]: Sending ticking packet info 'net.minecraftforge.network.HandshakeMessages$S2CModData' to 'fml:handshake' sequence 0
[07Dec2025 23:49:08.558] [Server thread/DEBUG] [net.minecraftforge.network.HandshakeHandler/FMLHANDSHAKE]: Sending ticking packet info 'net.minecraftforge.network.HandshakeMessages$S2CModList' to 'fml:handshake' sequence 1
[07Dec2025 23:49:08.607] [Server thread/DEBUG] [net.minecraftforge.network.HandshakeHandler/FMLHANDSHAKE]: Sending ticking packet info 'Registry minecraft:command_argument_type' to 'fml:handshake' sequence 2
[07Dec2025 23:49:08.657] [Server thread/DEBUG] [net.minecraftforge.network.HandshakeHandler/FMLHANDSHAKE]: Sending ticking packet info 'Registry minecraft:recipe_serializer' to 'fml:handshake' sequence 3
[07Dec2025 23:49:08.668] [Netty Epoll Server IO #2/DEBUG] [net.minecraftforge.network.LoginWrapper/FMLHANDSHAKE]: Recieved login wrapper packet event for channel fml:handshake with index 1
[07Dec2025 23:49:08.668] [Netty Epoll Server IO #2/DEBUG] [net.minecraftforge.network.HandshakeHandler/FMLHANDSHAKE]: Received client indexed reply 1 of type net.minecraftforge.network.HandshakeMessages$C2SModListReply
[07Dec2025 23:49:08.668] [Netty Epoll Server IO #2/DEBUG] [net.minecraftforge.network.HandshakeHandler/FMLHANDSHAKE]: Received client connection with modlist [minecraft, plasmovoice, keys_remover, forge, thundernight, worldedit, owleafutils, healtem]
[07Dec2025 23:49:08.668] [Netty Epoll Server IO #2/DEBUG] [net.minecraftforge.network.NetworkRegistry/NETREGISTRY]: Channel 'fml:loginwrapper' : Version test of 'FML3' from client : ACCEPTED
[07Dec2025 23:49:08.668] [Netty Epoll Server IO #2/DEBUG] [net.minecraftforge.network.NetworkRegistry/NETREGISTRY]: Channel 'owleafutils:main' : Version test of '1' from client : ACCEPTED
[07Dec2025 23:49:08.668] [Netty Epoll Server IO #2/DEBUG] [net.minecraftforge.network.NetworkRegistry/NETREGISTRY]: Channel 'forge:tier_sorting' : Version test of '1.0' from client : ACCEPTED
[07Dec2025 23:49:08.668] [Netty Epoll Server IO #2/DEBUG] [net.minecraftforge.network.NetworkRegistry/NETREGISTRY]: Channel 'fml:handshake' : Version test of 'FML3' from client : ACCEPTED
[07Dec2025 23:49:08.668] [Netty Epoll Server IO #2/DEBUG] [net.minecraftforge.network.NetworkRegistry/NETREGISTRY]: Channel 'plasmo:voice/v2/service' : Version test of 'ALLOWVANILLA 💓💓💓' from client : ACCEPTED
[07Dec2025 23:49:08.668] [Netty Epoll Server IO #2/DEBUG] [net.minecraftforge.network.NetworkRegistry/NETREGISTRY]: Channel 'plasmo:voice/v2' : Version test of 'ALLOWVANILLA 💓💓💓' from client : ACCEPTED
[07Dec2025 23:49:08.668] [Netty Epoll Server IO #2/DEBUG] [net.minecraftforge.network.NetworkRegistry/NETREGISTRY]: Channel 'minecraft:unregister' : Version test of 'FML3' from client : ACCEPTED
[07Dec2025 23:49:08.668] [Netty Epoll Server IO #2/DEBUG] [net.minecraftforge.network.NetworkRegistry/NETREGISTRY]: Channel 'fml:play' : Version test of 'FML3' from client : ACCEPTED
[07Dec2025 23:49:08.668] [Netty Epoll Server IO #2/DEBUG] [net.minecraftforge.network.NetworkRegistry/NETREGISTRY]: Channel 'minecraft:register' : Version test of 'FML3' from client : ACCEPTED
[07Dec2025 23:49:08.668] [Netty Epoll Server IO #2/DEBUG] [net.minecraftforge.network.NetworkRegistry/NETREGISTRY]: Channel 'forge:split' : Version test of '1.1' from client : ACCEPTED
[07Dec2025 23:49:08.668] [Netty Epoll Server IO #2/DEBUG] [net.minecraftforge.network.NetworkRegistry/NETREGISTRY]: Channel 'plasmo:voice/v2/installed' : Version test of 'ALLOWVANILLA 💓💓💓' from client : ACCEPTED
[07Dec2025 23:49:08.668] [Netty Epoll Server IO #2/DEBUG] [net.minecraftforge.network.NetworkRegistry/NETREGISTRY]: Accepting channel list from client
[07Dec2025 23:49:08.668] [Netty Epoll Server IO #2/DEBUG] [net.minecraftforge.network.HandshakeHandler/FMLHANDSHAKE]: Accepted client connection mod list
[07Dec2025 23:49:08.707] [Server thread/DEBUG] [net.minecraftforge.network.HandshakeHandler/FMLHANDSHAKE]: Sending ticking packet info 'Registry minecraft:sound_event' to 'fml:handshake' sequence 4
[07Dec2025 23:49:08.719] [Netty Epoll Server IO #2/DEBUG] [net.minecraftforge.network.LoginWrapper/FMLHANDSHAKE]: Recieved login wrapper packet event for channel fml:handshake with index 2
[07Dec2025 23:49:08.719] [Netty Epoll Server IO #2/DEBUG] [net.minecraftforge.network.HandshakeHandler/FMLHANDSHAKE]: Received client indexed reply 2 of type net.minecraftforge.network.HandshakeMessages$C2SAcknowledge
[07Dec2025 23:49:08.719] [Netty Epoll Server IO #2/DEBUG] [net.minecraftforge.network.HandshakeHandler/FMLHANDSHAKE]: Received acknowledgement from client
[07Dec2025 23:49:08.758] [Server thread/DEBUG] [net.minecraftforge.network.HandshakeHandler/FMLHANDSHAKE]: Sending ticking packet info 'Registry minecraft:particle_type' to 'fml:handshake' sequence 5
[07Dec2025 23:49:08.759] [Netty Epoll Server IO #2/DEBUG] [net.minecraftforge.network.LoginWrapper/FMLHANDSHAKE]: Recieved login wrapper packet event for channel fml:handshake with index 3
[07Dec2025 23:49:08.759] [Netty Epoll Server IO #2/DEBUG] [net.minecraftforge.network.HandshakeHandler/FMLHANDSHAKE]: Received client indexed reply 3 of type net.minecraftforge.network.HandshakeMessages$C2SAcknowledge
[07Dec2025 23:49:08.759] [Netty Epoll Server IO #2/DEBUG] [net.minecraftforge.network.HandshakeHandler/FMLHANDSHAKE]: Received acknowledgement from client
[07Dec2025 23:49:08.810] [Server thread/DEBUG] [net.minecraftforge.network.HandshakeHandler/FMLHANDSHAKE]: Sending ticking packet info 'Registry minecraft:villager_profession' to 'fml:handshake' sequence 6
[07Dec2025 23:49:08.858] [Server thread/DEBUG] [net.minecraftforge.network.HandshakeHandler/FMLHANDSHAKE]: Sending ticking packet info 'Registry minecraft:item' to 'fml:handshake' sequence 7
[07Dec2025 23:49:08.909] [Server thread/DEBUG] [net.minecraftforge.network.HandshakeHandler/FMLHANDSHAKE]: Sending ticking packet info 'Registry minecraft:potion' to 'fml:handshake' sequence 8
[07Dec2025 23:49:08.957] [Server thread/DEBUG] [net.minecraftforge.network.HandshakeHandler/FMLHANDSHAKE]: Sending ticking packet info 'Registry minecraft:painting_variant' to 'fml:handshake' sequence 9
[07Dec2025 23:49:09.008] [Server thread/DEBUG] [net.minecraftforge.network.HandshakeHandler/FMLHANDSHAKE]: Sending ticking packet info 'Registry forge:fluid_type' to 'fml:handshake' sequence 10
[07Dec2025 23:49:09.034] [Netty Epoll Server IO #2/DEBUG] [net.minecraftforge.network.LoginWrapper/FMLHANDSHAKE]: Recieved login wrapper packet event for channel fml:handshake with index 4
[07Dec2025 23:49:09.034] [Netty Epoll Server IO #2/DEBUG] [net.minecraftforge.network.HandshakeHandler/FMLHANDSHAKE]: Received client indexed reply 4 of type net.minecraftforge.network.HandshakeMessages$C2SAcknowledge
[07Dec2025 23:49:09.034] [Netty Epoll Server IO #2/DEBUG] [net.minecraftforge.network.HandshakeHandler/FMLHANDSHAKE]: Received acknowledgement from client
[07Dec2025 23:49:09.041] [Netty Epoll Server IO #2/DEBUG] [net.minecraftforge.network.LoginWrapper/FMLHANDSHAKE]: Recieved login wrapper packet event for channel fml:handshake with index 5
[07Dec2025 23:49:09.041] [Netty Epoll Server IO #2/DEBUG] [net.minecraftforge.network.HandshakeHandler/FMLHANDSHAKE]: Received client indexed reply 5 of type net.minecraftforge.network.HandshakeMessages$C2SAcknowledge
[07Dec2025 23:49:09.041] [Netty Epoll Server IO #2/DEBUG] [net.minecraftforge.network.HandshakeHandler/FMLHANDSHAKE]: Received acknowledgement from client
[07Dec2025 23:49:09.041] [Netty Epoll Server IO #2/DEBUG] [net.minecraftforge.network.LoginWrapper/FMLHANDSHAKE]: Recieved login wrapper packet event for channel fml:handshake with index 6
[07Dec2025 23:49:09.041] [Netty Epoll Server IO #2/DEBUG] [net.minecraftforge.network.HandshakeHandler/FMLHANDSHAKE]: Received client indexed reply 6 of type net.minecraftforge.network.HandshakeMessages$C2SAcknowledge
[07Dec2025 23:49:09.041] [Netty Epoll Server IO #2/DEBUG] [net.minecraftforge.network.HandshakeHandler/FMLHANDSHAKE]: Received acknowledgement from client
[07Dec2025 23:49:09.041] [Netty Epoll Server IO #2/DEBUG] [net.minecraftforge.network.LoginWrapper/FMLHANDSHAKE]: Recieved login wrapper packet event for channel fml:handshake with index 7
[07Dec2025 23:49:09.041] [Netty Epoll Server IO #2/DEBUG] [net.minecraftforge.network.HandshakeHandler/FMLHANDSHAKE]: Received client indexed reply 7 of type net.minecraftforge.network.HandshakeMessages$C2SAcknowledge
[07Dec2025 23:49:09.041] [Netty Epoll Server IO #2/DEBUG] [net.minecraftforge.network.HandshakeHandler/FMLHANDSHAKE]: Received acknowledgement from client
[07Dec2025 23:49:09.041] [Netty Epoll Server IO #2/DEBUG] [net.minecraftforge.network.LoginWrapper/FMLHANDSHAKE]: Recieved login wrapper packet event for channel fml:handshake with index 8
[07Dec2025 23:49:09.041] [Netty Epoll Server IO #2/DEBUG] [net.minecraftforge.network.HandshakeHandler/FMLHANDSHAKE]: Received client indexed reply 8 of type net.minecraftforge.network.HandshakeMessages$C2SAcknowledge
[07Dec2025 23:49:09.041] [Netty Epoll Server IO #2/DEBUG] [net.minecraftforge.network.HandshakeHandler/FMLHANDSHAKE]: Received acknowledgement from client
[07Dec2025 23:49:09.055] [Netty Epoll Server IO #2/DEBUG] [net.minecraftforge.network.LoginWrapper/FMLHANDSHAKE]: Recieved login wrapper packet event for channel fml:handshake with index 9
[07Dec2025 23:49:09.055] [Netty Epoll Server IO #2/DEBUG] [net.minecraftforge.network.HandshakeHandler/FMLHANDSHAKE]: Received client indexed reply 9 of type net.minecraftforge.network.HandshakeMessages$C2SAcknowledge
[07Dec2025 23:49:09.055] [Netty Epoll Server IO #2/DEBUG] [net.minecraftforge.network.HandshakeHandler/FMLHANDSHAKE]: Received acknowledgement from client
[07Dec2025 23:49:09.057] [Server thread/DEBUG] [net.minecraftforge.network.HandshakeHandler/FMLHANDSHAKE]: Sending ticking packet info 'Registry minecraft:block_entity_type' to 'fml:handshake' sequence 11
[07Dec2025 23:49:09.107] [Server thread/DEBUG] [net.minecraftforge.network.HandshakeHandler/FMLHANDSHAKE]: Sending ticking packet info 'Registry forge:display_contexts' to 'fml:handshake' sequence 12
[07Dec2025 23:49:09.108] [Netty Epoll Server IO #2/DEBUG] [net.minecraftforge.network.LoginWrapper/FMLHANDSHAKE]: Recieved login wrapper packet event for channel fml:handshake with index 10
[07Dec2025 23:49:09.108] [Netty Epoll Server IO #2/DEBUG] [net.minecraftforge.network.HandshakeHandler/FMLHANDSHAKE]: Received client indexed reply 10 of type net.minecraftforge.network.HandshakeMessages$C2SAcknowledge
[07Dec2025 23:49:09.108] [Netty Epoll Server IO #2/DEBUG] [net.minecraftforge.network.HandshakeHandler/FMLHANDSHAKE]: Received acknowledgement from client
[07Dec2025 23:49:09.157] [Server thread/DEBUG] [net.minecraftforge.network.HandshakeHandler/FMLHANDSHAKE]: Sending ticking packet info 'Registry minecraft:block' to 'fml:handshake' sequence 13
[07Dec2025 23:49:09.163] [Netty Epoll Server IO #2/DEBUG] [net.minecraftforge.network.LoginWrapper/FMLHANDSHAKE]: Recieved login wrapper packet event for channel fml:handshake with index 11
[07Dec2025 23:49:09.163] [Netty Epoll Server IO #2/DEBUG] [net.minecraftforge.network.HandshakeHandler/FMLHANDSHAKE]: Received client indexed reply 11 of type net.minecraftforge.network.HandshakeMessages$C2SAcknowledge
[07Dec2025 23:49:09.163] [Netty Epoll Server IO #2/DEBUG] [net.minecraftforge.network.HandshakeHandler/FMLHANDSHAKE]: Received acknowledgement from client
[07Dec2025 23:49:09.207] [Server thread/DEBUG] [net.minecraftforge.network.HandshakeHandler/FMLHANDSHAKE]: Sending ticking packet info 'Registry forge:entity_data_serializers' to 'fml:handshake' sequence 14
[07Dec2025 23:49:09.228] [Netty Epoll Server IO #2/DEBUG] [net.minecraftforge.network.LoginWrapper/FMLHANDSHAKE]: Recieved login wrapper packet event for channel fml:handshake with index 12
[07Dec2025 23:49:09.228] [Netty Epoll Server IO #2/DEBUG] [net.minecraftforge.network.HandshakeHandler/FMLHANDSHAKE]: Received client indexed reply 12 of type net.minecraftforge.network.HandshakeMessages$C2SAcknowledge
[07Dec2025 23:49:09.228] [Netty Epoll Server IO #2/DEBUG] [net.minecraftforge.network.HandshakeHandler/FMLHANDSHAKE]: Received acknowledgement from client
[07Dec2025 23:49:09.263] [Server thread/DEBUG] [net.minecraftforge.network.HandshakeHandler/FMLHANDSHAKE]: Sending ticking packet info 'Registry minecraft:mob_effect' to 'fml:handshake' sequence 15
[07Dec2025 23:49:09.265] [Netty Epoll Server IO #2/DEBUG] [net.minecraftforge.network.LoginWrapper/FMLHANDSHAKE]: Recieved login wrapper packet event for channel fml:handshake with index 13
[07Dec2025 23:49:09.265] [Netty Epoll Server IO #2/DEBUG] [net.minecraftforge.network.HandshakeHandler/FMLHANDSHAKE]: Received client indexed reply 13 of type net.minecraftforge.network.HandshakeMessages$C2SAcknowledge
[07Dec2025 23:49:09.265] [Netty Epoll Server IO #2/DEBUG] [net.minecraftforge.network.HandshakeHandler/FMLHANDSHAKE]: Received acknowledgement from client
[07Dec2025 23:49:09.307] [Netty Epoll Server IO #2/DEBUG] [net.minecraftforge.network.LoginWrapper/FMLHANDSHAKE]: Recieved login wrapper packet event for channel fml:handshake with index 14
[07Dec2025 23:49:09.307] [Netty Epoll Server IO #2/DEBUG] [net.minecraftforge.network.HandshakeHandler/FMLHANDSHAKE]: Received client indexed reply 14 of type net.minecraftforge.network.HandshakeMessages$C2SAcknowledge
[07Dec2025 23:49:09.307] [Netty Epoll Server IO #2/DEBUG] [net.minecraftforge.network.HandshakeHandler/FMLHANDSHAKE]: Received acknowledgement from client
[07Dec2025 23:49:09.310] [Server thread/DEBUG] [net.minecraftforge.network.HandshakeHandler/FMLHANDSHAKE]: Sending ticking packet info 'Registry minecraft:stat_type' to 'fml:handshake' sequence 16
[07Dec2025 23:49:09.358] [Server thread/DEBUG] [net.minecraftforge.network.HandshakeHandler/FMLHANDSHAKE]: Sending ticking packet info 'Registry minecraft:menu' to 'fml:handshake' sequence 17
[07Dec2025 23:49:09.367] [Netty Epoll Server IO #2/DEBUG] [net.minecraftforge.network.LoginWrapper/FMLHANDSHAKE]: Recieved login wrapper packet event for channel fml:handshake with index 15
[07Dec2025 23:49:09.367] [Netty Epoll Server IO #2/DEBUG] [net.minecraftforge.network.HandshakeHandler/FMLHANDSHAKE]: Received client indexed reply 15 of type net.minecraftforge.network.HandshakeMessages$C2SAcknowledge
[07Dec2025 23:49:09.367] [Netty Epoll Server IO #2/DEBUG] [net.minecraftforge.network.HandshakeHandler/FMLHANDSHAKE]: Received acknowledgement from client
[07Dec2025 23:49:09.408] [Server thread/DEBUG] [net.minecraftforge.network.HandshakeHandler/FMLHANDSHAKE]: Sending ticking packet info 'Registry minecraft:enchantment' to 'fml:handshake' sequence 18
[07Dec2025 23:49:09.409] [Netty Epoll Server IO #2/DEBUG] [net.minecraftforge.network.LoginWrapper/FMLHANDSHAKE]: Recieved login wrapper packet event for channel fml:handshake with index 16
[07Dec2025 23:49:09.409] [Netty Epoll Server IO #2/DEBUG] [net.minecraftforge.network.HandshakeHandler/FMLHANDSHAKE]: Received client indexed reply 16 of type net.minecraftforge.network.HandshakeMessages$C2SAcknowledge
[07Dec2025 23:49:09.409] [Netty Epoll Server IO #2/DEBUG] [net.minecraftforge.network.HandshakeHandler/FMLHANDSHAKE]: Received acknowledgement from client
[07Dec2025 23:49:09.458] [Server thread/DEBUG] [net.minecraftforge.network.HandshakeHandler/FMLHANDSHAKE]: Sending ticking packet info 'Registry minecraft:fluid' to 'fml:handshake' sequence 19
[07Dec2025 23:49:09.462] [Netty Epoll Server IO #2/DEBUG] [net.minecraftforge.network.LoginWrapper/FMLHANDSHAKE]: Recieved login wrapper packet event for channel fml:handshake with index 17
[07Dec2025 23:49:09.462] [Netty Epoll Server IO #2/DEBUG] [net.minecraftforge.network.HandshakeHandler/FMLHANDSHAKE]: Received client indexed reply 17 of type net.minecraftforge.network.HandshakeMessages$C2SAcknowledge
[07Dec2025 23:49:09.463] [Netty Epoll Server IO #2/DEBUG] [net.minecraftforge.network.HandshakeHandler/FMLHANDSHAKE]: Received acknowledgement from client
[07Dec2025 23:49:09.507] [Netty Epoll Server IO #2/DEBUG] [net.minecraftforge.network.LoginWrapper/FMLHANDSHAKE]: Recieved login wrapper packet event for channel fml:handshake with index 18
[07Dec2025 23:49:09.507] [Netty Epoll Server IO #2/DEBUG] [net.minecraftforge.network.HandshakeHandler/FMLHANDSHAKE]: Received client indexed reply 18 of type net.minecraftforge.network.HandshakeMessages$C2SAcknowledge
[07Dec2025 23:49:09.507] [Netty Epoll Server IO #2/DEBUG] [net.minecraftforge.network.HandshakeHandler/FMLHANDSHAKE]: Received acknowledgement from client
[07Dec2025 23:49:09.509] [Server thread/DEBUG] [net.minecraftforge.network.HandshakeHandler/FMLHANDSHAKE]: Sending ticking packet info 'Registry minecraft:entity_type' to 'fml:handshake' sequence 20
[07Dec2025 23:49:09.557] [Netty Epoll Server IO #2/DEBUG] [net.minecraftforge.network.LoginWrapper/FMLHANDSHAKE]: Recieved login wrapper packet event for channel fml:handshake with index 19
[07Dec2025 23:49:09.557] [Netty Epoll Server IO #2/DEBUG] [net.minecraftforge.network.HandshakeHandler/FMLHANDSHAKE]: Received client indexed reply 19 of type net.minecraftforge.network.HandshakeMessages$C2SAcknowledge
[07Dec2025 23:49:09.557] [Netty Epoll Server IO #2/DEBUG] [net.minecraftforge.network.HandshakeHandler/FMLHANDSHAKE]: Received acknowledgement from client
[07Dec2025 23:49:09.558] [Server thread/DEBUG] [net.minecraftforge.network.HandshakeHandler/FMLHANDSHAKE]: Sending ticking packet info 'Config forge-server.toml' to 'fml:handshake' sequence 21
[07Dec2025 23:49:10.198] [Netty Epoll Server IO #2/DEBUG] [net.minecraftforge.network.LoginWrapper/FMLHANDSHAKE]: Recieved login wrapper packet event for channel fml:handshake with index 20
[07Dec2025 23:49:10.198] [Netty Epoll Server IO #2/DEBUG] [net.minecraftforge.network.HandshakeHandler/FMLHANDSHAKE]: Received client indexed reply 20 of type net.minecraftforge.network.HandshakeMessages$C2SAcknowledge
[07Dec2025 23:49:10.198] [Netty Epoll Server IO #2/DEBUG] [net.minecraftforge.network.HandshakeHandler/FMLHANDSHAKE]: Received acknowledgement from client
[07Dec2025 23:49:10.217] [Netty Epoll Server IO #2/DEBUG] [net.minecraftforge.network.LoginWrapper/FMLHANDSHAKE]: Recieved login wrapper packet event for channel fml:handshake with index 21
[07Dec2025 23:49:10.217] [Netty Epoll Server IO #2/DEBUG] [net.minecraftforge.network.HandshakeHandler/FMLHANDSHAKE]: Received client indexed reply 21 of type net.minecraftforge.network.HandshakeMessages$C2SAcknowledge
[07Dec2025 23:49:10.217] [Netty Epoll Server IO #2/DEBUG] [net.minecraftforge.network.HandshakeHandler/FMLHANDSHAKE]: Received acknowledgement from client
[07Dec2025 23:49:10.257] [Server thread/DEBUG] [net.minecraftforge.network.HandshakeHandler/FMLHANDSHAKE]: Handshake complete!
[07Dec2025 23:49:10.312] [Server thread/INFO] [net.minecraft.server.players.PlayerList/]: Lin4Pepi[/127.77.135.237:36643] logged in with entity id 6892 at (33.5, 127.0, 73.5)
[07Dec2025 23:49:10.312] [Server thread/DEBUG] [net.minecraftforge.network.filters.NetworkFilters/]: Injected net.minecraftforge.network.filters.ForgeConnectionNetworkFilter@5819c14f into net.minecraft.network.Connection@2dd3ceaa
[07Dec2025 23:49:10.329] [Server thread/INFO] [net.minecraft.server.MinecraftServer/]: Lin4Pepi joined the game
[07Dec2025 23:49:14.714] [Server thread/DEBUG] [org.enginehub.piston.impl.CommandParser/]: [08m9z11wwz5u5]: started parsing
[07Dec2025 23:49:14.714] [Server thread/DEBUG] [org.enginehub.piston.impl.CommandParser/]: [08m9z11wwz5u5]: Consuming argument ``
[07Dec2025 23:49:15.443] [Server thread/INFO] [net.minecraft.server.network.ServerGamePacketListenerImpl/]: BasseeMC issued server command: /give BasseeMC minecraft:light
[07Dec2025 23:49:15.445] [Server thread/INFO] [net.minecraft.server.MinecraftServer/]: [BasseeMC: Gave 1 [Light] to BasseeMC]
[07Dec2025 23:49:15.624] [Server thread/DEBUG] [org.enginehub.piston.impl.CommandParser/]: [0wjvgy7guetkg]: started parsing
[07Dec2025 23:49:15.624] [Server thread/DEBUG] [org.enginehub.piston.impl.CommandParser/]: [0wjvgy7guetkg]: Consuming argument `a`
[07Dec2025 23:49:15.811] [Server thread/DEBUG] [org.enginehub.piston.impl.CommandParser/]: [1onq0o8ddumf5]: started parsing
[07Dec2025 23:49:15.811] [Server thread/DEBUG] [org.enginehub.piston.impl.CommandParser/]: [1onq0o8ddumf5]: Consuming argument `ai`
[07Dec2025 23:49:15.999] [Server thread/DEBUG] [org.enginehub.piston.impl.CommandParser/]: [1agcp0z6s9bvu]: started parsing
[07Dec2025 23:49:15.999] [Server thread/DEBUG] [org.enginehub.piston.impl.CommandParser/]: [1agcp0z6s9bvu]: Consuming argument `air`
[07Dec2025 23:49:15.999] [Server thread/DEBUG] [org.enginehub.piston.impl.CommandParser/]: [1agcp0z6s9bvu]: Finished looking at arguments. Finalizing command.
[07Dec2025 23:49:16.583] [Server thread/INFO] [net.minecraft.server.network.ServerGamePacketListenerImpl/]: Xplix issued server command: //set air
[07Dec2025 23:49:16.584] [Server thread/DEBUG] [org.enginehub.piston.impl.CommandParser/]: [0oaw5q6rccxnv]: started parsing
[07Dec2025 23:49:16.584] [Server thread/DEBUG] [org.enginehub.piston.impl.CommandParser/]: [0oaw5q6rccxnv]: Consuming argument `air`
[07Dec2025 23:49:16.584] [Server thread/DEBUG] [org.enginehub.piston.impl.CommandParser/]: [0oaw5q6rccxnv]: Finished looking at arguments. Finalizing command.
[07Dec2025 23:49:21.438] [Async Chat Thread - #36/INFO] [net.minecraft.server.MinecraftServer/]: [Not Secure] <Xplix> listo
[07Dec2025 23:49:29.374] [Server thread/INFO] [net.minecraft.server.network.ServerGamePacketListenerImpl/]: BasseeMC issued server command: /resetpinguiblock
[07Dec2025 23:49:29.374] [Server thread/INFO] [net.minecraft.server.MinecraftServer/]: [BasseeMC: [PinguiBlock] Estado reseteado correctamente.
• 1 jugador(es) pueden volver a interactuar.
• 0 pingüino(s) removido(s) de las cabezas.
• JUEGO RESETEADO - Usa /iniciarpingui para comenzar]
[07Dec2025 23:49:29.374] [Server thread/INFO] [net.minecraft.server.MinecraftServer/]: Esperen...
[07Dec2025 23:49:29.953] [Server thread/INFO] [net.minecraft.server.network.ServerGamePacketListenerImpl/]: silly_have_money issued server command: /msg BasseeMC ven
[07Dec2025 23:49:32.396] [Async Chat Thread - #35/INFO] [net.minecraft.server.MinecraftServer/]: [Not Secure] <Lin4Pepi> op
[07Dec2025 23:49:33.277] [Server thread/INFO] [net.minecraft.server.network.ServerGamePacketListenerImpl/]: BasseeMC issued server command: /iniciarpingui
[07Dec2025 23:49:33.277] [Server thread/INFO] [net.minecraft.server.MinecraftServer/]:  Juego Iniciado
[07Dec2025 23:49:33.278] [Server thread/INFO] [net.minecraft.server.MinecraftServer/]: Acumula 3 minutos con el pingüino
[07Dec2025 23:49:33.278] [Server thread/INFO] [net.minecraft.server.MinecraftServer/]: 
[07Dec2025 23:49:33.278] [Server thread/INFO] [net.minecraft.server.MinecraftServer/]: [BasseeMC: [PinguiGame] Juego iniciado correctamente.]
[07Dec2025 23:49:34.367] [Server thread/DEBUG] [Arclight/]: Mismatch in destroy block pos: BlockPos{x=0, y=0, z=0} BlockPos{x=36, y=126, z=67}
[07Dec2025 23:49:34.422] [Server thread/DEBUG] [Arclight/]: Mismatch in destroy block pos: BlockPos{x=0, y=0, z=0} BlockPos{x=36, y=126, z=66}
[07Dec2025 23:49:34.866] [Server thread/DEBUG] [Arclight/]: Mismatch in destroy block pos: BlockPos{x=0, y=0, z=0} BlockPos{x=36, y=126, z=64}
[07Dec2025 23:49:37.059] [Async Chat Thread - #35/INFO] [net.minecraft.server.MinecraftServer/]: [Not Secure] <Lin4Pepi> da op
[07Dec2025 23:49:38.522] [Async Chat Thread - #36/INFO] [net.minecraft.server.MinecraftServer/]: [Not Secure] <Lin4Pepi> bro
[07Dec2025 23:49:40.378] [Server thread/INFO] [net.minecraft.server.network.ServerGamePacketListenerImpl/]: Xplix issued server command: /tp @a Xplix
[07Dec2025 23:49:40.378] [Server thread/INFO] [net.minecraft.server.MinecraftServer/]: [Xplix: Teleported 4 entities to Xplix]
[07Dec2025 23:49:40.552] [Async Chat Thread - #35/INFO] [net.minecraft.server.MinecraftServer/]: [Not Secure] <Lin4Pepi> ad
[07Dec2025 23:49:41.162] [Async Chat Thread - #36/INFO] [net.minecraft.server.MinecraftServer/]: [Not Secure] <Lin4Pepi> da
[07Dec2025 23:49:41.818] [Async Chat Thread - #35/INFO] [net.minecraft.server.MinecraftServer/]: [Not Secure] <Lin4Pepi> da
[07Dec2025 23:49:42.323] [Async Chat Thread - #36/INFO] [net.minecraft.server.MinecraftServer/]: [Not Secure] <silly_have_money> base veni
[07Dec2025 23:49:43.232] [Server thread/INFO] [net.minecraft.server.network.ServerGamePacketListenerImpl/]: BasseeMC issued server command: /op Lin4Pepi
[07Dec2025 23:49:43.246] [Server thread/INFO] [net.minecraft.server.MinecraftServer/]: [BasseeMC: Made Lin4Pepi a server operator]
[07Dec2025 23:49:47.866] [Server thread/INFO] [net.minecraft.server.network.ServerGamePacketListenerImpl/]: Xplix issued server command: /gamemode adventure
[07Dec2025 23:49:47.867] [Server thread/INFO] [net.minecraft.server.MinecraftServer/]: [Xplix: Set own game mode to Adventure Mode]
[07Dec2025 23:49:47.874] [Server thread/INFO] [net.minecraft.server.network.ServerGamePacketListenerImpl/]: BasseeMC issued server command: /gamemode adventure
[07Dec2025 23:49:47.875] [Server thread/INFO] [net.minecraft.server.MinecraftServer/]: [BasseeMC: Set own game mode to Adventure Mode]
[07Dec2025 23:49:53.344] [Async Chat Thread - #36/INFO] [net.minecraft.server.MinecraftServer/]: [Not Secure] <silly_have_money> veni
[07Dec2025 23:49:55.022] [Async Chat Thread - #35/INFO] [net.minecraft.server.MinecraftServer/]: [Not Secure] <Lin4Pepi> y que musica usaremos
[07Dec2025 23:49:56.322] [Async Chat Thread - #36/INFO] [net.minecraft.server.MinecraftServer/]: [Not Secure] <Xplix> ya hora si hay que jugar
[07Dec2025 23:49:56.708] [Async Chat Thread - #35/INFO] [net.minecraft.server.MinecraftServer/]: [Not Secure] <BasseeMC> dale efectos a pepi
[07Dec2025 23:49:57.182] [Async Chat Thread - #36/INFO] [net.minecraft.server.MinecraftServer/]: [Not Secure] <Lin4Pepi> para el juego
[07Dec2025 23:49:59.840] [Async Chat Thread - #35/INFO] [net.minecraft.server.MinecraftServer/]: [Not Secure] <Lin4Pepi> la misma de colas?
[07Dec2025 23:50:01.591] [Server thread/INFO] [net.minecraft.server.network.ServerGamePacketListenerImpl/]: Xplix issued server command: /gamemode adventure @a
[07Dec2025 23:50:01.592] [Server thread/INFO] [net.minecraft.server.MinecraftServer/]: [Xplix: Set silly_have_money's game mode to Adventure Mode]
[07Dec2025 23:50:01.592] [Server thread/INFO] [net.minecraft.server.MinecraftServer/]: [Xplix: Set Lin4Pepi's game mode to Adventure Mode]
[07Dec2025 23:50:02.304] [Async Chat Thread - #35/INFO] [net.minecraft.server.MinecraftServer/]: [Not Secure] <BasseeMC> no
[07Dec2025 23:50:03.466] [Server thread/INFO] [net.minecraft.server.network.ServerGamePacketListenerImpl/]: Xplix issued server command: /gamemode adventure @a
[07Dec2025 23:50:07.848] [Async Chat Thread - #36/INFO] [net.minecraft.server.MinecraftServer/]: [Not Secure] <silly_have_money> esperaaaa
[07Dec2025 23:50:08.033] [Async Chat Thread - #35/INFO] [net.minecraft.server.MinecraftServer/]: [Not Secure] <BasseeMC> luego la ponemos
[07Dec2025 23:50:08.537] [Async Chat Thread - #36/INFO] [net.minecraft.server.MinecraftServer/]: [Not Secure] <Lin4Pepi> entonces
[07Dec2025 23:50:17.120] [Async Chat Thread - #35/INFO] [net.minecraft.server.MinecraftServer/]: [Not Secure] <silly_have_money> dios miren
[07Dec2025 23:50:17.678] [Async Chat Thread - #36/INFO] [net.minecraft.server.MinecraftServer/]: [Not Secure] <BasseeMC> ponle efectos a pepi
[07Dec2025 23:50:22.967] [Server thread/INFO] [net.minecraft.server.network.ServerGamePacketListenerImpl/]: Xplix issued server command: /effect give @a minecraft:saturation
[07Dec2025 23:50:22.967] [Server thread/INFO] [net.minecraft.server.MinecraftServer/]: [Xplix: Applied effect Saturation to 4 targets]
[07Dec2025 23:50:24.712] [Server thread/INFO] [net.minecraft.server.network.ServerGamePacketListenerImpl/]: Xplix issued server command: /effect give @a minecraft:saturation infinite
[07Dec2025 23:50:24.713] [Server thread/INFO] [net.minecraft.server.MinecraftServer/]: [Xplix: Applied effect Saturation to 4 targets]
[07Dec2025 23:50:28.156] [Server thread/INFO] [net.minecraft.server.network.ServerGamePacketListenerImpl/]: Xplix issued server command: /effect give @a minecraft:regeneration infinite
[07Dec2025 23:50:28.157] [Server thread/INFO] [net.minecraft.server.MinecraftServer/]: [Xplix: Applied effect Regeneration to 4 targets]
[07Dec2025 23:50:30.935] [Server thread/INFO] [net.minecraft.server.network.ServerGamePacketListenerImpl/]: silly_have_money issued server command: /gamemode creative
[07Dec2025 23:50:30.935] [Server thread/INFO] [net.minecraft.server.MinecraftServer/]: [silly_have_money: Set own game mode to Creative Mode]
[07Dec2025 23:50:33.732] [Server thread/INFO] [net.minecraft.server.network.ServerGamePacketListenerImpl/]: Xplix issued server command: /effect give @a minecraft:night_vision infinite
[07Dec2025 23:50:33.732] [Server thread/INFO] [net.minecraft.server.MinecraftServer/]: [Xplix: Applied effect Night Vision to 4 targets]
[07Dec2025 23:50:40.359] [Async Chat Thread - #35/INFO] [net.minecraft.server.MinecraftServer/]: [Not Secure] <Xplix> lsito ay que jugar
[07Dec2025 23:50:44.123] [Server thread/INFO] [net.minecraft.server.network.ServerGamePacketListenerImpl/]: Xplix issued server command: /resetpinguiblock
[07Dec2025 23:50:44.124] [Server thread/INFO] [net.minecraft.server.MinecraftServer/]: [Xplix: [PinguiBlock] Estado reseteado correctamente.
• 0 jugador(es) pueden volver a interactuar.
• 0 pingüino(s) removido(s) de las cabezas.
• JUEGO RESETEADO - Usa /iniciarpingui para comenzar]
[07Dec2025 23:50:44.124] [Server thread/INFO] [net.minecraft.server.MinecraftServer/]: Esperen...
[07Dec2025 23:50:48.917] [Server thread/INFO] [net.minecraft.server.network.ServerGamePacketListenerImpl/]: Lin4Pepi issued server command: /iniciarpingui
[07Dec2025 23:50:48.917] [Server thread/INFO] [net.minecraft.server.MinecraftServer/]:  Juego Iniciado
[07Dec2025 23:50:48.917] [Server thread/INFO] [net.minecraft.server.MinecraftServer/]: Acumula 3 minutos con el pingüino
[07Dec2025 23:50:48.917] [Server thread/INFO] [net.minecraft.server.MinecraftServer/]: 
[07Dec2025 23:50:48.917] [Server thread/INFO] [net.minecraft.server.MinecraftServer/]: [Lin4Pepi: [PinguiGame] Juego iniciado correctamente.]
[07Dec2025 23:50:53.123] [Server thread/INFO] [net.minecraft.server.network.ServerGamePacketListenerImpl/]: Xplix issued server command: /gamemode adventure @a
[07Dec2025 23:50:53.124] [Server thread/INFO] [net.minecraft.server.MinecraftServer/]: [Xplix: Set silly_have_money's game mode to Adventure Mode]
[07Dec2025 23:50:53.941] [Server thread/INFO] [net.minecraft.server.network.ServerGamePacketListenerImpl/]: BasseeMC issued server command: /gamemode adventure @a
[07Dec2025 23:50:57.732] [Async Chat Thread - #36/INFO] [net.minecraft.server.MinecraftServer/]: [Not Secure] <silly_have_money> pero
[07Dec2025 23:50:58.766] [Server thread/INFO] [net.minecraft.server.network.ServerGamePacketListenerImpl/]: BasseeMC issued server command: /tp @a BasseeMC
[07Dec2025 23:50:58.767] [Server thread/INFO] [net.minecraft.server.MinecraftServer/]: [BasseeMC: Teleported 4 entities to BasseeMC]
[07Dec2025 23:50:59.262] [Server thread/INFO] [net.minecraft.server.network.ServerGamePacketListenerImpl/]: Xplix issued server command: /tp @a Xplix
[07Dec2025 23:50:59.263] [Server thread/INFO] [net.minecraft.server.MinecraftServer/]: [Xplix: Teleported 4 entities to Xplix]
[07Dec2025 23:51:03.913] [Server thread/INFO] [net.minecraft.server.network.ServerGamePacketListenerImpl/]: Xplix issued server command: /iniciarpingui
[07Dec2025 23:51:03.931] [Server thread/INFO] [net.minecraft.server.network.ServerGamePacketListenerImpl/]: BasseeMC issued server command: /resetpinguiblock
[07Dec2025 23:51:03.931] [Server thread/INFO] [net.minecraft.server.MinecraftServer/]: [BasseeMC: [PinguiBlock] Estado reseteado correctamente.
• 1 jugador(es) pueden volver a interactuar.
• 1 pingüino(s) removido(s) de las cabezas.
• JUEGO RESETEADO - Usa /iniciarpingui para comenzar]
[07Dec2025 23:51:03.931] [Server thread/INFO] [net.minecraft.server.MinecraftServer/]: Esperen...
[07Dec2025 23:51:05.834] [Async Chat Thread - #36/INFO] [net.minecraft.server.MinecraftServer/]: [Not Secure] <silly_have_money> dios
[07Dec2025 23:51:09.779] [Server thread/INFO] [net.minecraft.server.network.ServerGamePacketListenerImpl/]: BasseeMC issued server command: /gamemode adventure
[07Dec2025 23:51:10.593] [Server thread/INFO] [net.minecraft.server.network.ServerGamePacketListenerImpl/]: Xplix issued server command: /iniciarpingui
[07Dec2025 23:51:10.593] [Server thread/INFO] [net.minecraft.server.MinecraftServer/]:  Juego Iniciado
[07Dec2025 23:51:10.593] [Server thread/INFO] [net.minecraft.server.MinecraftServer/]: Acumula 3 minutos con el pingüino
[07Dec2025 23:51:10.593] [Server thread/INFO] [net.minecraft.server.MinecraftServer/]: 
[07Dec2025 23:51:10.593] [Server thread/INFO] [net.minecraft.server.MinecraftServer/]: [Xplix: [PinguiGame] Juego iniciado correctamente.]
[07Dec2025 23:51:11.047] [Server thread/INFO] [net.minecraft.server.network.ServerGamePacketListenerImpl/]: Lin4Pepi issued server command: /plugins
[07Dec2025 23:51:20.075] [Server thread/INFO] [net.minecraft.server.network.ServerGamePacketListenerImpl/]: BasseeMC issued server command: /tp @a BasseeMC
[07Dec2025 23:51:20.076] [Server thread/INFO] [net.minecraft.server.MinecraftServer/]: [BasseeMC: Teleported 4 entities to BasseeMC]
[07Dec2025 23:51:24.812] [Async Chat Thread - #36/INFO] [net.minecraft.server.MinecraftServer/]: [Not Secure] <Xplix> daleee
[07Dec2025 23:51:48.960] [Async Chat Thread - #35/INFO] [net.minecraft.server.MinecraftServer/]: [Not Secure] <BasseeMC> PONGAN 2
[07Dec2025 23:52:03.924] [Server thread/INFO] [net.minecraft.server.network.ServerGamePacketListenerImpl/]: BasseeMC issued server command: /effect give Lin4Pepi minecraft:water_breathing infinite 100 true
[07Dec2025 23:52:03.925] [Server thread/INFO] [net.minecraft.server.MinecraftServer/]: [BasseeMC: Applied effect Water Breathing to Lin4Pepi]
[07Dec2025 23:52:08.532] [Server thread/INFO] [net.minecraft.server.network.ServerGamePacketListenerImpl/]: BasseeMC issued server command: /resetpinguiblock
[07Dec2025 23:52:08.532] [Server thread/INFO] [net.minecraft.server.MinecraftServer/]: [BasseeMC: [PinguiBlock] Estado reseteado correctamente.
• 1 jugador(es) pueden volver a interactuar.
• 1 pingüino(s) removido(s) de las cabezas.
• JUEGO RESETEADO - Usa /iniciarpingui para comenzar]
[07Dec2025 23:52:08.532] [Server thread/INFO] [net.minecraft.server.MinecraftServer/]: Esperen...
[07Dec2025 23:52:10.732] [Server thread/INFO] [net.minecraft.server.network.ServerGamePacketListenerImpl/]: BasseeMC issued server command: /gamemode creative
[07Dec2025 23:52:10.733] [Server thread/INFO] [net.minecraft.server.MinecraftServer/]: [BasseeMC: Set own game mode to Creative Mode]
[07Dec2025 23:52:12.902] [Server thread/INFO] [net.minecraft.server.network.ServerGamePacketListenerImpl/]: BasseeMC issued server command: /gamemode spectator
[07Dec2025 23:52:12.903] [Server thread/INFO] [net.minecraft.server.MinecraftServer/]: [BasseeMC: Set own game mode to Spectator Mode]
[07Dec2025 23:52:14.103] [Async Chat Thread - #36/INFO] [net.minecraft.server.MinecraftServer/]: [Not Secure] <Xplix> sale locoo
[07Dec2025 23:52:15.580] [Server thread/INFO] [net.minecraft.server.network.ServerGamePacketListenerImpl/]: Lin4Pepi issued server command: /gamemode spectator
[07Dec2025 23:52:15.580] [Server thread/INFO] [net.minecraft.server.MinecraftServer/]: [Lin4Pepi: Set own game mode to Spectator Mode]
[07Dec2025 23:52:17.232] [Async Chat Thread - #35/INFO] [net.minecraft.server.MinecraftServer/]: [Not Secure] <Xplix> daleeee
[07Dec2025 23:52:17.685] [Server thread/INFO] [net.minecraft.server.network.ServerGamePacketListenerImpl/]: BasseeMC issued server command: /gamemode creative
[07Dec2025 23:52:17.686] [Server thread/INFO] [net.minecraft.server.MinecraftServer/]: [BasseeMC: Set own game mode to Creative Mode]
[07Dec2025 23:52:20.018] [Server thread/INFO] [net.minecraft.server.network.ServerGamePacketListenerImpl/]: Lin4Pepi issued server command: /gamemode creative
[07Dec2025 23:52:20.019] [Server thread/INFO] [net.minecraft.server.MinecraftServer/]: [Lin4Pepi: Set own game mode to Creative Mode]
[07Dec2025 23:52:22.196] [Server thread/INFO] [net.minecraft.server.network.ServerGamePacketListenerImpl/]: BasseeMC issued server command: /tp @a BasseeMC
[07Dec2025 23:52:22.197] [Server thread/INFO] [net.minecraft.server.MinecraftServer/]: [BasseeMC: Teleported 4 entities to BasseeMC]
[07Dec2025 23:52:22.916] [Async Chat Thread - #36/INFO] [net.minecraft.server.MinecraftServer/]: [Not Secure] <Xplix> que paso
[07Dec2025 23:52:34.247] [Server thread/INFO] [net.minecraft.server.network.ServerGamePacketListenerImpl/]: BasseeMC issued server command: /gamemode adventure
[07Dec2025 23:52:34.248] [Server thread/INFO] [net.minecraft.server.MinecraftServer/]: [BasseeMC: Set own game mode to Adventure Mode]
[07Dec2025 23:52:35.130] [Server thread/INFO] [net.minecraft.server.network.ServerGamePacketListenerImpl/]: Xplix issued server command: /tp @a Xplix
[07Dec2025 23:52:35.131] [Server thread/INFO] [net.minecraft.server.MinecraftServer/]: [Xplix: Teleported 4 entities to Xplix]
[07Dec2025 23:52:38.921] [Server thread/INFO] [net.minecraft.server.network.ServerGamePacketListenerImpl/]: Xplix issued server command: /gamemode adventure @a
[07Dec2025 23:52:38.922] [Server thread/INFO] [net.minecraft.server.MinecraftServer/]: [Xplix: Set Lin4Pepi's game mode to Adventure Mode]
[07Dec2025 23:52:38.994] [Server thread/INFO] [net.minecraft.server.network.ServerGamePacketListenerImpl/]: BasseeMC issued server command: /iniciarpingui
[07Dec2025 23:52:38.994] [Server thread/INFO] [net.minecraft.server.MinecraftServer/]:  Juego Iniciado
[07Dec2025 23:52:38.994] [Server thread/INFO] [net.minecraft.server.MinecraftServer/]: Acumula 3 minutos con el pingüino
[07Dec2025 23:52:38.994] [Server thread/INFO] [net.minecraft.server.MinecraftServer/]: 
[07Dec2025 23:52:38.994] [Server thread/INFO] [net.minecraft.server.MinecraftServer/]: [BasseeMC: [PinguiGame] Juego iniciado correctamente.]
[07Dec2025 23:53:25.171] [Server thread/INFO] [net.minecraft.server.network.ServerGamePacketListenerImpl/]: silly_have_money lost connection: Disconnected
[07Dec2025 23:53:25.177] [Server thread/INFO] [net.minecraft.server.MinecraftServer/]: silly_have_money left the game
[07Dec2025 23:53:56.971] [Server thread/DEBUG] [net.minecraftforge.common.ForgeHooks/WP]: Gathering id map for writing to world save Squid Alpaca Games
[07Dec2025 23:53:56.976] [Server thread/DEBUG] [net.minecraftforge.common.ForgeHooks/WP]: ID Map collection complete Squid Alpaca Games
[07Dec2025 23:54:06.862] [Async Chat Thread - #38/INFO] [net.minecraft.server.MinecraftServer/]: [Not Secure] <Lin4Pepi> yo digo q tengan glow los q tienen el pinguino
[07Dec2025 23:56:43.212] [Server thread/INFO] [net.minecraft.server.MinecraftServer/]: Jugador Lin4Pepi Pasa
[07Dec2025 23:56:44.782] [Async Chat Thread - #40/INFO] [net.minecraft.server.MinecraftServer/]: [Not Secure] <Lin4Pepi> ez
[07Dec2025 23:56:45.279] [Async Chat Thread - #39/INFO] [net.minecraft.server.MinecraftServer/]: [Not Secure] <Lin4Pepi> ez
[07Dec2025 23:56:45.809] [Async Chat Thread - #40/INFO] [net.minecraft.server.MinecraftServer/]: [Not Secure] <Lin4Pepi> ez
[07Dec2025 23:56:46.173] [Async Chat Thread - #39/INFO] [net.minecraft.server.MinecraftServer/]: [Not Secure] <Lin4Pepi> ez
[07Dec2025 23:56:58.093] [Async Chat Thread - #40/INFO] [net.minecraft.server.MinecraftServer/]: [Not Secure] <Lin4Pepi> yo digo q los q tengan el pinguino tengan como un color en la pantalla
[07Dec2025 23:56:58.879] [Async Chat Thread - #39/INFO] [net.minecraft.server.MinecraftServer/]: [Not Secure] <Lin4Pepi> tipo
[07Dec2025 23:57:01.323] [Async Chat Thread - #40/INFO] [net.minecraft.server.MinecraftServer/]: [Not Secure] <Lin4Pepi> como sombreado
[07Dec2025 23:57:07.653] [Async Chat Thread - #39/INFO] [net.minecraft.server.MinecraftServer/]: [Not Secure] <Lin4Pepi> igual q en el squid craft 2
[07Dec2025 23:57:26.840] [Server thread/INFO] [net.minecraft.server.network.ServerGamePacketListenerImpl/]: Lin4Pepi issued server command: /gamemode creative
[07Dec2025 23:57:26.841] [Server thread/INFO] [net.minecraft.server.MinecraftServer/]: [Lin4Pepi: Set own game mode to Creative Mode]
[07Dec2025 23:57:42.815] [Server thread/INFO] [net.minecraft.server.network.ServerGamePacketListenerImpl/]: BasseeMC issued server command: /tp BasseeMC Xplix
[07Dec2025 23:57:42.816] [Server thread/INFO] [net.minecraft.server.MinecraftServer/]: [BasseeMC: Teleported BasseeMC to Xplix]
[07Dec2025 23:57:46.017] [Async Chat Thread - #40/INFO] [net.minecraft.server.MinecraftServer/]: [Not Secure] <Lin4Pepi> ban
[07Dec2025 23:57:46.213] [Server thread/INFO] [net.minecraft.server.MinecraftServer/]: Jugador BasseeMC Pasa
[07Dec2025 23:57:50.701] [Async Chat Thread - #39/INFO] [net.minecraft.server.MinecraftServer/]: [Not Secure] <Xplix> daaaa
[07Dec2025 23:57:53.215] [Async Chat Thread - #40/INFO] [net.minecraft.server.MinecraftServer/]: [Not Secure] <BasseeMC> que golpeaba
[07Dec2025 23:58:09.068] [Server thread/INFO] [net.minecraft.server.network.ServerGamePacketListenerImpl/]: Xplix issued server command: /gamemode creative
[07Dec2025 23:58:09.068] [Server thread/INFO] [net.minecraft.server.MinecraftServer/]: [Xplix: Set own game mode to Creative Mode]
[07Dec2025 23:58:10.357] [Async Chat Thread - #39/INFO] [net.minecraft.server.MinecraftServer/]: [Not Secure] <BasseeMC> glow
[07Dec2025 23:58:14.252] [Async Chat Thread - #40/INFO] [net.minecraft.server.MinecraftServer/]: [Not Secure] <BasseeMC> eso luego se pone
[07Dec2025 23:58:29.827] [Server thread/INFO] [net.minecraft.server.network.ServerGamePacketListenerImpl/]: BasseeMC issued server command: /gamemode creative
[07Dec2025 23:58:29.828] [Server thread/INFO] [net.minecraft.server.MinecraftServer/]: [BasseeMC: Set own game mode to Creative Mode]
[07Dec2025 23:58:43.470] [Async Chat Thread - #39/INFO] [net.minecraft.server.MinecraftServer/]: [Not Secure] <Xplix> si se les da si no que no se que pasa con el server y no se muestra mas que cojan un pinguino ponga ineventario y van aver+
[07Dec2025 23:58:56.970] [Server thread/DEBUG] [net.minecraftforge.common.ForgeHooks/WP]: Gathering id map for writing to world save Squid Alpaca Games
[07Dec2025 23:58:56.974] [Server thread/DEBUG] [net.minecraftforge.common.ForgeHooks/WP]: ID Map collection complete Squid Alpaca Games
[07Dec2025 23:59:17.982] [Server thread/INFO] [net.minecraft.server.network.ServerGamePacketListenerImpl/]: Lin4Pepi issued server command: //copy
[07Dec2025 23:59:17.983] [Server thread/DEBUG] [org.enginehub.piston.impl.CommandParser/]: [1mmdoa8ivrsmj]: started parsing
[07Dec2025 23:59:17.983] [Server thread/DEBUG] [org.enginehub.piston.impl.CommandParser/]: [1mmdoa8ivrsmj]: Finished looking at arguments. Finalizing command.
[07Dec2025 23:59:27.201] [Server thread/INFO] [net.minecraft.server.network.ServerGamePacketListenerImpl/]: Lin4Pepi issued server command: //paste
[07Dec2025 23:59:27.201] [Server thread/DEBUG] [org.enginehub.piston.impl.CommandParser/]: [1vnrp5w4ltvyy]: started parsing
[07Dec2025 23:59:27.201] [Server thread/DEBUG] [org.enginehub.piston.impl.CommandParser/]: [1vnrp5w4ltvyy]: Finished looking at arguments. Finalizing command.
[07Dec2025 23:59:29.176] [Async Chat Thread - #40/INFO] [net.minecraft.server.MinecraftServer/]: [Not Secure] <Xplix> oigan y el otro
[07Dec2025 23:59:32.940] [Async Chat Thread - #39/INFO] [net.minecraft.server.MinecraftServer/]: [Not Secure] <BasseeMC> se fue
[07Dec2025 23:59:38.196] [Server thread/INFO] [net.minecraft.server.network.ServerGamePacketListenerImpl/]: Lin4Pepi issued server command: //paste
[07Dec2025 23:59:38.197] [Server thread/DEBUG] [org.enginehub.piston.impl.CommandParser/]: [0ci033rv7tpfz]: started parsing
[07Dec2025 23:59:38.197] [Server thread/DEBUG] [org.enginehub.piston.impl.CommandParser/]: [0ci033rv7tpfz]: Finished looking at arguments. Finalizing command.
[07Dec2025 23:59:41.959] [Server thread/INFO] [net.minecraft.server.network.ServerGamePacketListenerImpl/]: Lin4Pepi issued server command: //undo
[07Dec2025 23:59:41.959] [Server thread/DEBUG] [org.enginehub.piston.impl.CommandParser/]: [02k3g3tspein3]: started parsing
[07Dec2025 23:59:41.959] [Server thread/DEBUG] [org.enginehub.piston.impl.CommandParser/]: [02k3g3tspein3]: Finished looking at arguments. Finalizing command.
[07Dec2025 23:59:44.274] [Server thread/INFO] [net.minecraft.server.network.ServerGamePacketListenerImpl/]: Lin4Pepi issued server command: //paste
[07Dec2025 23:59:44.275] [Server thread/DEBUG] [org.enginehub.piston.impl.CommandParser/]: [05ru62tsadswh]: started parsing
[07Dec2025 23:59:44.275] [Server thread/DEBUG] [org.enginehub.piston.impl.CommandParser/]: [05ru62tsadswh]: Finished looking at arguments. Finalizing command.
[07Dec2025 23:59:59.406] [Async Chat Thread - #39/INFO] [net.minecraft.server.MinecraftServer/]: [Not Secure] <Xplix> bro lianpepi sabes que este es el mapa del pinguino y no el lobby no?
[08Dec2025 00:00:08.169] [Async Chat Thread - #40/INFO] [net.minecraft.server.MinecraftServer/]: [Not Secure] <Lin4Pepi> si
[08Dec2025 00:00:08.465] [Server thread/INFO] [net.minecraft.server.network.ServerGamePacketListenerImpl/]: BasseeMC issued server command: /time set night
[08Dec2025 00:00:08.465] [Server thread/INFO] [net.minecraft.server.MinecraftServer/]: [BasseeMC: Set the time to 13000]
[08Dec2025 00:00:14.192] [Async Chat Thread - #39/INFO] [net.minecraft.server.MinecraftServer/]: [Not Secure] <Lin4Pepi> el pisso estaba asi
[08Dec2025 00:00:14.282] [Server thread/INFO] [net.minecraft.server.network.ServerGamePacketListenerImpl/]: BasseeMC issued server command: /time set midnight
[08Dec2025 00:00:14.282] [Server thread/INFO] [net.minecraft.server.MinecraftServer/]: [BasseeMC: Set the time to 18000]
[08Dec2025 00:00:22.858] [Async Chat Thread - #39/INFO] [net.minecraft.server.MinecraftServer/]: [Not Secure] <Lin4Pepi> yo lo continue
[08Dec2025 00:00:28.300] [Server thread/INFO] [net.minecraft.server.network.ServerGamePacketListenerImpl/]: BasseeMC issued server command: /time set midnight
[08Dec2025 00:00:28.301] [Server thread/INFO] [net.minecraft.server.MinecraftServer/]: [BasseeMC: Set the time to 18000]
[08Dec2025 00:00:29.206] [Async Chat Thread - #39/INFO] [net.minecraft.server.MinecraftServer/]: [Not Secure] <Xplix> bassecmc mejor pongamos vision nocturna en ves de los focos
[08Dec2025 00:00:32.979] [Async Chat Thread - #40/INFO] [net.minecraft.server.MinecraftServer/]: [Not Secure] <Lin4Pepi> bro
[08Dec2025 00:00:35.722] [Async Chat Thread - #39/INFO] [net.minecraft.server.MinecraftServer/]: [Not Secure] <Lin4Pepi> eso se soluciona
[08Dec2025 00:00:40.173] [Server thread/INFO] [net.minecraft.server.network.ServerGamePacketListenerImpl/]: BasseeMC issued server command: /effect clear @a minecraft:night_vision
[08Dec2025 00:00:40.174] [Server thread/INFO] [net.minecraft.server.MinecraftServer/]: [BasseeMC: Removed effect Night Vision from 3 targets]
[08Dec2025 00:00:44.613] [Async Chat Thread - #40/INFO] [net.minecraft.server.MinecraftServer/]: [Not Secure] <BasseeMC> va
[08Dec2025 00:00:52.566] [Server thread/DEBUG] [org.enginehub.piston.impl.CommandParser/]: [0k9iinoent0ns]: started parsing
[08Dec2025 00:00:52.566] [Server thread/DEBUG] [org.enginehub.piston.impl.CommandParser/]: [0k9iinoent0ns]: Consuming argument ``
[08Dec2025 00:00:52.630] [Server thread/DEBUG] [org.enginehub.piston.impl.CommandParser/]: [0nsort400ofa5]: started parsing
[08Dec2025 00:00:52.630] [Server thread/DEBUG] [org.enginehub.piston.impl.CommandParser/]: [0nsort400ofa5]: Consuming argument `l`
[08Dec2025 00:00:52.645] [Server thread/DEBUG] [org.enginehub.piston.impl.CommandParser/]: [12amth56iiva1]: started parsing
[08Dec2025 00:00:52.645] [Server thread/DEBUG] [org.enginehub.piston.impl.CommandParser/]: [12amth56iiva1]: Consuming argument `l`
[08Dec2025 00:00:52.787] [Server thread/DEBUG] [org.enginehub.piston.impl.CommandParser/]: [1hzbkiz5383jv]: started parsing
[08Dec2025 00:00:52.787] [Server thread/DEBUG] [org.enginehub.piston.impl.CommandParser/]: [1hzbkiz5383jv]: Consuming argument `l`
[08Dec2025 00:00:52.844] [Server thread/DEBUG] [org.enginehub.piston.impl.CommandParser/]: [1hduk5vv0wa2p]: started parsing
[08Dec2025 00:00:52.844] [Server thread/DEBUG] [org.enginehub.piston.impl.CommandParser/]: [1hduk5vv0wa2p]: Consuming argument `l`
[08Dec2025 00:00:53.106] [Server thread/DEBUG] [org.enginehub.piston.impl.CommandParser/]: [1prh3nkgh9cjq]: started parsing
[08Dec2025 00:00:53.106] [Server thread/DEBUG] [org.enginehub.piston.impl.CommandParser/]: [1prh3nkgh9cjq]: Consuming argument `l`
[08Dec2025 00:00:53.220] [Server thread/DEBUG] [org.enginehub.piston.impl.CommandParser/]: [0jch7rf65og7y]: started parsing
[08Dec2025 00:00:53.220] [Server thread/DEBUG] [org.enginehub.piston.impl.CommandParser/]: [0jch7rf65og7y]: Consuming argument `l`
[08Dec2025 00:00:53.343] [Server thread/DEBUG] [org.enginehub.piston.impl.CommandParser/]: [0i8vx0xgugcc6]: started parsing
[08Dec2025 00:00:53.343] [Server thread/DEBUG] [org.enginehub.piston.impl.CommandParser/]: [0i8vx0xgugcc6]: Consuming argument `l`
[08Dec2025 00:00:53.449] [Server thread/DEBUG] [org.enginehub.piston.impl.CommandParser/]: [1pb0lgdb80rwc]: started parsing
[08Dec2025 00:00:53.449] [Server thread/DEBUG] [org.enginehub.piston.impl.CommandParser/]: [1pb0lgdb80rwc]: Consuming argument `li`
[08Dec2025 00:00:53.515] [Server thread/DEBUG] [org.enginehub.piston.impl.CommandParser/]: [1perzl0a99kdr]: started parsing
[08Dec2025 00:00:53.515] [Server thread/DEBUG] [org.enginehub.piston.impl.CommandParser/]: [1perzl0a99kdr]: Consuming argument `lig`
[08Dec2025 00:00:53.630] [Server thread/INFO] [net.minecraft.server.network.ServerGamePacketListenerImpl/]: Xplix issued server command: /effect give @a minecraft:night_vision infinite
[08Dec2025 00:00:53.631] [Server thread/INFO] [net.minecraft.server.MinecraftServer/]: [Xplix: Applied effect Night Vision to 3 targets]
[08Dec2025 00:00:54.380] [Server thread/INFO] [net.minecraft.server.network.ServerGamePacketListenerImpl/]: Lin4Pepi issued server command: //set light
[08Dec2025 00:00:54.380] [Server thread/DEBUG] [org.enginehub.piston.impl.CommandParser/]: [1gc7va9zytg3e]: started parsing
[08Dec2025 00:00:54.380] [Server thread/DEBUG] [org.enginehub.piston.impl.CommandParser/]: [1gc7va9zytg3e]: Consuming argument `light`
[08Dec2025 00:00:54.380] [Server thread/DEBUG] [org.enginehub.piston.impl.CommandParser/]: [1gc7va9zytg3e]: Finished looking at arguments. Finalizing command.
[08Dec2025 00:00:57.968] [Async Chat Thread - #39/INFO] [net.minecraft.server.MinecraftServer/]: [Not Secure] <Lin4Pepi> ya
[08Dec2025 00:01:03.312] [Server thread/INFO] [net.minecraft.server.network.ServerGamePacketListenerImpl/]: Lin4Pepi issued server command: /effect clear @a
[08Dec2025 00:01:03.313] [Server thread/INFO] [net.minecraft.server.MinecraftServer/]: [Lin4Pepi: Removed every effect from 3 targets]
[08Dec2025 00:01:06.300] [Async Chat Thread - #40/INFO] [net.minecraft.server.MinecraftServer/]: [Not Secure] <Lin4Pepi> q opinan
[08Dec2025 00:01:28.395] [Async Chat Thread - #39/INFO] [net.minecraft.server.MinecraftServer/]: [Not Secure] <BasseeMC> quiten los focos y mejor night vision
[08Dec2025 00:01:47.051] [Server thread/INFO] [net.minecraft.server.network.ServerGamePacketListenerImpl/]: Lin4Pepi issued server command: //undo
[08Dec2025 00:01:47.052] [Server thread/DEBUG] [org.enginehub.piston.impl.CommandParser/]: [1p5mgdtqu09jx]: started parsing
[08Dec2025 00:01:47.052] [Server thread/DEBUG] [org.enginehub.piston.impl.CommandParser/]: [1p5mgdtqu09jx]: Finished looking at arguments. Finalizing command.
[08Dec2025 00:01:48.522] [Async Chat Thread - #40/INFO] [net.minecraft.server.MinecraftServer/]: [Not Secure] <Xplix> hay que hacer un betatest con los miembro que hay
[08Dec2025 00:01:48.595] [Async Chat Thread - #39/INFO] [net.minecraft.server.MinecraftServer/]: [Not Secure] <Lin4Pepi> ya
[08Dec2025 00:01:50.226] [Server thread/DEBUG] [org.enginehub.piston.impl.CommandParser/]: [1wmlx58m4f07g]: started parsing
[08Dec2025 00:01:50.226] [Server thread/DEBUG] [org.enginehub.piston.impl.CommandParser/]: [1wmlx58m4f07g]: Consuming argument ``
[08Dec2025 00:01:50.296] [Server thread/DEBUG] [org.enginehub.piston.impl.CommandParser/]: [0yrs75cdqckoo]: started parsing
[08Dec2025 00:01:50.296] [Server thread/DEBUG] [org.enginehub.piston.impl.CommandParser/]: [0yrs75cdqckoo]: Consuming argument `0`
[08Dec2025 00:01:50.296] [Server thread/DEBUG] [org.enginehub.piston.impl.CommandParser/]: [0yrs75cdqckoo]: Finished looking at arguments. Finalizing command.
[08Dec2025 00:01:52.078] [Server thread/INFO] [net.minecraft.server.network.ServerGamePacketListenerImpl/]: Lin4Pepi issued server command: //set 0
[08Dec2025 00:01:52.078] [Server thread/DEBUG] [org.enginehub.piston.impl.CommandParser/]: [1qvao0n60mvk1]: started parsing
[08Dec2025 00:01:52.078] [Server thread/DEBUG] [org.enginehub.piston.impl.CommandParser/]: [1qvao0n60mvk1]: Consuming argument `0`
[08Dec2025 00:01:52.078] [Server thread/DEBUG] [org.enginehub.piston.impl.CommandParser/]: [1qvao0n60mvk1]: Finished looking at arguments. Finalizing command.
[08Dec2025 00:01:55.757] [Server thread/DEBUG] [org.enginehub.piston.impl.CommandParser/]: [015j7kyhl5jrl]: started parsing
[08Dec2025 00:01:55.757] [Server thread/DEBUG] [org.enginehub.piston.impl.CommandParser/]: [015j7kyhl5jrl]: Consuming argument `0`
[08Dec2025 00:01:55.757] [Server thread/DEBUG] [org.enginehub.piston.impl.CommandParser/]: [015j7kyhl5jrl]: Finished looking at arguments. Finalizing command.
[08Dec2025 00:01:55.757] [Server thread/DEBUG] [org.enginehub.piston.impl.CommandParser/]: [16u3gjbfcd2l0]: started parsing
[08Dec2025 00:01:55.757] [Server thread/DEBUG] [org.enginehub.piston.impl.CommandParser/]: [16u3gjbfcd2l0]: Consuming argument `0`
[08Dec2025 00:01:55.757] [Server thread/DEBUG] [org.enginehub.piston.impl.CommandParser/]: [16u3gjbfcd2l0]: Finished looking at arguments. Finalizing command.
[08Dec2025 00:01:56.946] [Server thread/DEBUG] [org.enginehub.piston.impl.CommandParser/]: [06yp980phncib]: started parsing
[08Dec2025 00:01:56.946] [Server thread/DEBUG] [org.enginehub.piston.impl.CommandParser/]: [06yp980phncib]: Consuming argument `0`
[08Dec2025 00:01:56.946] [Server thread/DEBUG] [org.enginehub.piston.impl.CommandParser/]: [06yp980phncib]: Finished looking at arguments. Finalizing command.
[08Dec2025 00:01:56.946] [Server thread/DEBUG] [org.enginehub.piston.impl.CommandParser/]: [1kucxss4ogf40]: started parsing
[08Dec2025 00:01:56.946] [Server thread/DEBUG] [org.enginehub.piston.impl.CommandParser/]: [1kucxss4ogf40]: Consuming argument `0`
[08Dec2025 00:01:56.946] [Server thread/DEBUG] [org.enginehub.piston.impl.CommandParser/]: [1kucxss4ogf40]: Finished looking at arguments. Finalizing command.
[08Dec2025 00:01:57.223] [Server thread/INFO] [net.minecraft.server.network.ServerGamePacketListenerImpl/]: Lin4Pepi issued server command: //set 0
[08Dec2025 00:01:57.223] [Server thread/DEBUG] [org.enginehub.piston.impl.CommandParser/]: [0zl3x15dyp9dn]: started parsing
[08Dec2025 00:01:57.223] [Server thread/DEBUG] [org.enginehub.piston.impl.CommandParser/]: [0zl3x15dyp9dn]: Consuming argument `0`
[08Dec2025 00:01:57.223] [Server thread/DEBUG] [org.enginehub.piston.impl.CommandParser/]: [0zl3x15dyp9dn]: Finished looking at arguments. Finalizing command.
[08Dec2025 00:02:06.971] [Async Chat Thread - #40/INFO] [net.minecraft.server.MinecraftServer/]: [Not Secure] <Lin4Pepi> eu
[08Dec2025 00:02:13.524] [Async Chat Thread - #39/INFO] [net.minecraft.server.MinecraftServer/]: [Not Secure] <Lin4Pepi> el mapa no es como un parque acuatico no?
[08Dec2025 00:02:44.162] [Server thread/DEBUG] [org.enginehub.piston.impl.CommandParser/]: [0qazuze2djgbi]: started parsing
[08Dec2025 00:02:44.162] [Server thread/DEBUG] [org.enginehub.piston.impl.CommandParser/]: [0qazuze2djgbi]: Consuming argument ``
[08Dec2025 00:02:44.350] [Server thread/DEBUG] [org.enginehub.piston.impl.CommandParser/]: [0s9imhvkr75h4]: started parsing
[08Dec2025 00:02:44.350] [Server thread/DEBUG] [org.enginehub.piston.impl.CommandParser/]: [0s9imhvkr75h4]: Consuming argument `g`
[08Dec2025 00:02:44.552] [Server thread/DEBUG] [org.enginehub.piston.impl.CommandParser/]: [1i2t0hlhvag8z]: started parsing
[08Dec2025 00:02:44.552] [Server thread/DEBUG] [org.enginehub.piston.impl.CommandParser/]: [1i2t0hlhvag8z]: Consuming argument `gl`
[08Dec2025 00:02:44.653] [Server thread/DEBUG] [org.enginehub.piston.impl.CommandParser/]: [1ag9yz0w2s2s9]: started parsing
[08Dec2025 00:02:44.653] [Server thread/DEBUG] [org.enginehub.piston.impl.CommandParser/]: [1ag9yz0w2s2s9]: Consuming argument `gla`
[08Dec2025 00:02:44.761] [Server thread/DEBUG] [org.enginehub.piston.impl.CommandParser/]: [0le3rjmpzvkqf]: started parsing
[08Dec2025 00:02:44.761] [Server thread/DEBUG] [org.enginehub.piston.impl.CommandParser/]: [0le3rjmpzvkqf]: Consuming argument `glas`
[08Dec2025 00:02:44.955] [Server thread/DEBUG] [org.enginehub.piston.impl.CommandParser/]: [15fupvjyixhh1]: started parsing
[08Dec2025 00:02:44.955] [Server thread/DEBUG] [org.enginehub.piston.impl.CommandParser/]: [15fupvjyixhh1]: Consuming argument `glass`
[08Dec2025 00:02:44.955] [Server thread/DEBUG] [org.enginehub.piston.impl.CommandParser/]: [15fupvjyixhh1]: Finished looking at arguments. Finalizing command.
[08Dec2025 00:02:45.118] [Server thread/INFO] [net.minecraft.server.network.ServerGamePacketListenerImpl/]: Xplix issued server command: //set glass
[08Dec2025 00:02:45.118] [Server thread/DEBUG] [org.enginehub.piston.impl.CommandParser/]: [1mb72o2bef3sd]: started parsing
[08Dec2025 00:02:45.118] [Server thread/DEBUG] [org.enginehub.piston.impl.CommandParser/]: [1mb72o2bef3sd]: Consuming argument `glass`
[08Dec2025 00:02:45.118] [Server thread/DEBUG] [org.enginehub.piston.impl.CommandParser/]: [1mb72o2bef3sd]: Finished looking at arguments. Finalizing command.
[08Dec2025 00:02:53.640] [Async Chat Thread - #40/INFO] [net.minecraft.server.MinecraftServer/]: [Not Secure] <BasseeMC> si
[08Dec2025 00:02:58.551] [Async Chat Thread - #39/INFO] [net.minecraft.server.MinecraftServer/]: [Not Secure] <Lin4Pepi> ah ok
[08Dec2025 00:03:01.333] [Async Chat Thread - #40/INFO] [net.minecraft.server.MinecraftServer/]: [Not Secure] <Lin4Pepi> y esos cosos del piso q
[08Dec2025 00:03:01.568] [Server thread/INFO] [net.minecraft.server.network.ServerGamePacketListenerImpl/]: BasseeMC issued server command: /effect give @a minecraft:night_vision
[08Dec2025 00:03:01.569] [Server thread/INFO] [net.minecraft.server.MinecraftServer/]: [BasseeMC: Applied effect Night Vision to 3 targets]
[08Dec2025 00:03:11.805] [Async Chat Thread - #39/INFO] [net.minecraft.server.MinecraftServer/]: [Not Secure] <BasseeMC> tuberias
[08Dec2025 00:03:14.771] [Async Chat Thread - #40/INFO] [net.minecraft.server.MinecraftServer/]: [Not Secure] <BasseeMC> pq lo dice
[08Dec2025 00:03:27.555] [Async Chat Thread - #40/INFO] [net.minecraft.server.MinecraftServer/]: [Not Secure] <Lin4Pepi> xq se ve raro
[08Dec2025 00:03:34.518] [Server thread/INFO] [net.minecraft.server.network.ServerGamePacketListenerImpl/]: BasseeMC issued server command: /effect give @a minecraft:night_vision infinite 100 true
[08Dec2025 00:03:34.519] [Server thread/INFO] [net.minecraft.server.MinecraftServer/]: [BasseeMC: Applied effect Night Vision to 3 targets]
[08Dec2025 00:03:48.467] [Server thread/DEBUG] [org.enginehub.piston.impl.CommandParser/]: [1pqz99i0253x4]: started parsing
[08Dec2025 00:03:48.467] [Server thread/DEBUG] [org.enginehub.piston.impl.CommandParser/]: [1pqz99i0253x4]: Consuming argument `glass`
[08Dec2025 00:03:48.467] [Server thread/DEBUG] [org.enginehub.piston.impl.CommandParser/]: [1pqz99i0253x4]: Finished looking at arguments. Finalizing command.
[08Dec2025 00:03:48.467] [Server thread/DEBUG] [org.enginehub.piston.impl.CommandParser/]: [0tvau4l1tkpy5]: started parsing
[08Dec2025 00:03:48.467] [Server thread/DEBUG] [org.enginehub.piston.impl.CommandParser/]: [0tvau4l1tkpy5]: Consuming argument `glass`
[08Dec2025 00:03:48.467] [Server thread/DEBUG] [org.enginehub.piston.impl.CommandParser/]: [0tvau4l1tkpy5]: Finished looking at arguments. Finalizing command.
[08Dec2025 00:03:49.229] [Server thread/INFO] [net.minecraft.server.network.ServerGamePacketListenerImpl/]: Xplix issued server command: //set glass
[08Dec2025 00:03:49.229] [Server thread/DEBUG] [org.enginehub.piston.impl.CommandParser/]: [0ev0lr7holiog]: started parsing
[08Dec2025 00:03:49.229] [Server thread/DEBUG] [org.enginehub.piston.impl.CommandParser/]: [0ev0lr7holiog]: Consuming argument `glass`
[08Dec2025 00:03:49.229] [Server thread/DEBUG] [org.enginehub.piston.impl.CommandParser/]: [0ev0lr7holiog]: Finished looking at arguments. Finalizing command.
[08Dec2025 00:03:49.448] [Async Chat Thread - #39/INFO] [net.minecraft.server.MinecraftServer/]: [Not Secure] <BasseeMC> es para que sea mas divertido
[08Dec2025 00:03:56.930] [Async Chat Thread - #40/INFO] [net.minecraft.server.MinecraftServer/]: [Not Secure] <BasseeMC> luego con el txt se vera meojr
[08Dec2025 00:03:57.943] [Server thread/DEBUG] [net.minecraftforge.common.ForgeHooks/WP]: Gathering id map for writing to world save Squid Alpaca Games
[08Dec2025 00:03:57.948] [Server thread/DEBUG] [net.minecraftforge.common.ForgeHooks/WP]: ID Map collection complete Squid Alpaca Games
[08Dec2025 00:03:59.022] [Async Chat Thread - #39/INFO] [net.minecraft.server.MinecraftServer/]: [Not Secure] <BasseeMC> mejor
[08Dec2025 00:04:05.586] [Async Chat Thread - #40/INFO] [net.minecraft.server.MinecraftServer/]: [Not Secure] <BasseeMC> sigan trabajando
[08Dec2025 00:04:07.593] [Async Chat Thread - #39/INFO] [net.minecraft.server.MinecraftServer/]: [Not Secure] <BasseeMC> ya vengo
[08Dec2025 00:04:13.440] [Async Chat Thread - #40/INFO] [net.minecraft.server.MinecraftServer/]: [Not Secure] <BasseeMC> regreson en 40 minutos
[08Dec2025 00:04:21.567] [Async Chat Thread - #39/INFO] [net.minecraft.server.MinecraftServer/]: [Not Secure] <BasseeMC> afk
[08Dec2025 00:04:27.061] [Async Chat Thread - #40/INFO] [net.minecraft.server.MinecraftServer/]: [Not Secure] <Xplix> voy a arregalr las cosas
[08Dec2025 00:04:31.126] [Async Chat Thread - #39/INFO] [net.minecraft.server.MinecraftServer/]: [Not Secure] <Xplix> del minijuego
[08Dec2025 00:04:32.481] [Async Chat Thread - #40/INFO] [net.minecraft.server.MinecraftServer/]: [Not Secure] <BasseeMC> vav
[08Dec2025 00:04:37.985] [Server thread/INFO] [net.minecraft.server.network.ServerGamePacketListenerImpl/]: Xplix lost connection: Disconnected
[08Dec2025 00:04:37.988] [Server thread/INFO] [net.minecraft.server.MinecraftServer/]: Xplix left the game
[08Dec2025 00:05:55.862] [Async Chat Thread - #42/INFO] [net.minecraft.server.MinecraftServer/]: [Not Secure] <Lin4Pepi> boee
[08Dec2025 00:08:57.942] [Server thread/DEBUG] [net.minecraftforge.common.ForgeHooks/WP]: Gathering id map for writing to world save Squid Alpaca Games
[08Dec2025 00:08:57.946] [Server thread/DEBUG] [net.minecraftforge.common.ForgeHooks/WP]: ID Map collection complete Squid Alpaca Games
[08Dec2025 00:09:25.726] [Async Chat Thread - #44/INFO] [net.minecraft.server.MinecraftServer/]: [Not Secure] <BasseeMC> q
[08Dec2025 00:10:16.034] [Async Chat Thread - #44/INFO] [net.minecraft.server.MinecraftServer/]: [Not Secure] <Lin4Pepi> q
[08Dec2025 00:12:30.328] [Server thread/INFO] [net.minecraft.server.network.ServerGamePacketListenerImpl/]: Lin4Pepi issued server command: //copy
[08Dec2025 00:12:30.329] [Server thread/DEBUG] [org.enginehub.piston.impl.CommandParser/]: [0cvwdkxrvujnt]: started parsing
[08Dec2025 00:12:30.329] [Server thread/DEBUG] [org.enginehub.piston.impl.CommandParser/]: [0cvwdkxrvujnt]: Finished looking at arguments. Finalizing command.
[08Dec2025 00:12:42.662] [Server thread/INFO] [net.minecraft.server.network.ServerGamePacketListenerImpl/]: Lin4Pepi issued server command: //paste
[08Dec2025 00:12:42.663] [Server thread/DEBUG] [org.enginehub.piston.impl.CommandParser/]: [06qtf8g2me4nh]: started parsing
[08Dec2025 00:12:42.663] [Server thread/DEBUG] [org.enginehub.piston.impl.CommandParser/]: [06qtf8g2me4nh]: Finished looking at arguments. Finalizing command.
[08Dec2025 00:12:50.606] [Server thread/INFO] [net.minecraft.server.network.ServerGamePacketListenerImpl/]: Lin4Pepi issued server command: //paste
[08Dec2025 00:12:50.606] [Server thread/DEBUG] [org.enginehub.piston.impl.CommandParser/]: [1mxbqi4x6ecbq]: started parsing
[08Dec2025 00:12:50.606] [Server thread/DEBUG] [org.enginehub.piston.impl.CommandParser/]: [1mxbqi4x6ecbq]: Finished looking at arguments. Finalizing command.
[08Dec2025 00:13:57.922] [Server thread/DEBUG] [net.minecraftforge.common.ForgeHooks/WP]: Gathering id map for writing to world save Squid Alpaca Games
[08Dec2025 00:13:57.926] [Server thread/DEBUG] [net.minecraftforge.common.ForgeHooks/WP]: ID Map collection complete Squid Alpaca Games
[08Dec2025 00:13:59.527] [Server thread/INFO] [net.minecraft.server.network.ServerGamePacketListenerImpl/]: Lin4Pepi issued server command: //paste
[08Dec2025 00:13:59.528] [Server thread/DEBUG] [org.enginehub.piston.impl.CommandParser/]: [0g14euo0pz5fg]: started parsing
[08Dec2025 00:13:59.528] [Server thread/DEBUG] [org.enginehub.piston.impl.CommandParser/]: [0g14euo0pz5fg]: Finished looking at arguments. Finalizing command.
[08Dec2025 00:14:46.890] [Async Chat Thread - #46/INFO] [net.minecraft.server.MinecraftServer/]: [Not Secure] <Lin4Pepi> BasseeMC
[08Dec2025 00:14:51.877] [Async Chat Thread - #45/INFO] [net.minecraft.server.MinecraftServer/]: [Not Secure] <Lin4Pepi> yo digo q cambiemos de color el piso
[08Dec2025 00:16:00.428] [Server thread/INFO] [net.minecraft.server.network.ServerGamePacketListenerImpl/]: Lin4Pepi issued server command: //copy
[08Dec2025 00:16:00.429] [Server thread/DEBUG] [org.enginehub.piston.impl.CommandParser/]: [03u1ci6p66qoc]: started parsing
[08Dec2025 00:16:00.429] [Server thread/DEBUG] [org.enginehub.piston.impl.CommandParser/]: [03u1ci6p66qoc]: Finished looking at arguments. Finalizing command.
[08Dec2025 00:16:08.405] [Server thread/INFO] [net.minecraft.server.network.ServerGamePacketListenerImpl/]: Lin4Pepi issued server command: //paste
[08Dec2025 00:16:08.406] [Server thread/DEBUG] [org.enginehub.piston.impl.CommandParser/]: [01qbh87suaiha]: started parsing
[08Dec2025 00:16:08.406] [Server thread/DEBUG] [org.enginehub.piston.impl.CommandParser/]: [01qbh87suaiha]: Finished looking at arguments. Finalizing command.
[08Dec2025 00:16:10.972] [Server thread/INFO] [net.minecraft.server.network.ServerGamePacketListenerImpl/]: Lin4Pepi issued server command: /undo
[08Dec2025 00:16:10.972] [Server thread/DEBUG] [org.enginehub.piston.impl.CommandParser/]: [1dq2kfpf4s9r4]: started parsing
[08Dec2025 00:16:10.972] [Server thread/DEBUG] [org.enginehub.piston.impl.CommandParser/]: [1dq2kfpf4s9r4]: Finished looking at arguments. Finalizing command.
[08Dec2025 00:16:14.051] [Server thread/INFO] [net.minecraft.server.network.ServerGamePacketListenerImpl/]: Lin4Pepi issued server command: //paste
[08Dec2025 00:16:14.052] [Server thread/DEBUG] [org.enginehub.piston.impl.CommandParser/]: [1tp6uk5m0i2f7]: started parsing
[08Dec2025 00:16:14.052] [Server thread/DEBUG] [org.enginehub.piston.impl.CommandParser/]: [1tp6uk5m0i2f7]: Finished looking at arguments. Finalizing command.
[08Dec2025 00:16:16.210] [Server thread/INFO] [net.minecraft.server.network.ServerGamePacketListenerImpl/]: Lin4Pepi issued server command: /undo
[08Dec2025 00:16:16.210] [Server thread/DEBUG] [org.enginehub.piston.impl.CommandParser/]: [10kcy3c53n8vr]: started parsing
[08Dec2025 00:16:16.210] [Server thread/DEBUG] [org.enginehub.piston.impl.CommandParser/]: [10kcy3c53n8vr]: Finished looking at arguments. Finalizing command.
[08Dec2025 00:16:20.911] [Server thread/INFO] [net.minecraft.server.network.ServerGamePacketListenerImpl/]: Lin4Pepi issued server command: //paste
[08Dec2025 00:16:20.912] [Server thread/DEBUG] [org.enginehub.piston.impl.CommandParser/]: [1qwbu6pr9uokx]: started parsing
[08Dec2025 00:16:20.912] [Server thread/DEBUG] [org.enginehub.piston.impl.CommandParser/]: [1qwbu6pr9uokx]: Finished looking at arguments. Finalizing command.
[08Dec2025 00:17:15.105] [Server thread/INFO] [net.minecraft.server.network.ServerGamePacketListenerImpl/]: Lin4Pepi issued server command: //paste
[08Dec2025 00:17:15.106] [Server thread/DEBUG] [org.enginehub.piston.impl.CommandParser/]: [1govihscdu5b9]: started parsing
[08Dec2025 00:17:15.106] [Server thread/DEBUG] [org.enginehub.piston.impl.CommandParser/]: [1govihscdu5b9]: Finished looking at arguments. Finalizing command.
[08Dec2025 00:17:47.045] [Server thread/INFO] [net.minecraft.server.network.ServerGamePacketListenerImpl/]: Lin4Pepi issued server command: //copy
[08Dec2025 00:17:47.045] [Server thread/DEBUG] [org.enginehub.piston.impl.CommandParser/]: [07h6gzgf1qkca]: started parsing
[08Dec2025 00:17:47.045] [Server thread/DEBUG] [org.enginehub.piston.impl.CommandParser/]: [07h6gzgf1qkca]: Finished looking at arguments. Finalizing command.
[08Dec2025 00:17:58.036] [Server thread/INFO] [net.minecraft.server.network.ServerGamePacketListenerImpl/]: Lin4Pepi issued server command: //pasate
[08Dec2025 00:17:59.272] [Server thread/INFO] [net.minecraft.server.network.ServerGamePacketListenerImpl/]: Lin4Pepi issued server command: //paste
[08Dec2025 00:17:59.273] [Server thread/DEBUG] [org.enginehub.piston.impl.CommandParser/]: [0qz6szgi5a8uj]: started parsing
[08Dec2025 00:17:59.273] [Server thread/DEBUG] [org.enginehub.piston.impl.CommandParser/]: [0qz6szgi5a8uj]: Finished looking at arguments. Finalizing command.
[08Dec2025 00:18:02.331] [Server thread/INFO] [net.minecraft.server.network.ServerGamePacketListenerImpl/]: Lin4Pepi issued server command: //paste
[08Dec2025 00:18:02.331] [Server thread/DEBUG] [org.enginehub.piston.impl.CommandParser/]: [1r86xw9ysfu4j]: started parsing
[08Dec2025 00:18:02.331] [Server thread/DEBUG] [org.enginehub.piston.impl.CommandParser/]: [1r86xw9ysfu4j]: Finished looking at arguments. Finalizing command.
[08Dec2025 00:18:09.246] [Server thread/INFO] [net.minecraft.server.network.ServerGamePacketListenerImpl/]: Lin4Pepi issued server command: //paste
[08Dec2025 00:18:09.247] [Server thread/DEBUG] [org.enginehub.piston.impl.CommandParser/]: [0kdkmrccl6abb]: started parsing
[08Dec2025 00:18:09.247] [Server thread/DEBUG] [org.enginehub.piston.impl.CommandParser/]: [0kdkmrccl6abb]: Finished looking at arguments. Finalizing command.
[08Dec2025 00:18:26.076] [Server thread/INFO] [net.minecraft.server.network.ServerGamePacketListenerImpl/]: Lin4Pepi issued server command: //paste
[08Dec2025 00:18:26.077] [Server thread/DEBUG] [org.enginehub.piston.impl.CommandParser/]: [00obpkqldz7ml]: started parsing
[08Dec2025 00:18:26.077] [Server thread/DEBUG] [org.enginehub.piston.impl.CommandParser/]: [00obpkqldz7ml]: Finished looking at arguments. Finalizing command.
[08Dec2025 00:18:29.312] [Server thread/INFO] [net.minecraft.server.network.ServerGamePacketListenerImpl/]: Lin4Pepi issued server command: //undo
[08Dec2025 00:18:29.312] [Server thread/DEBUG] [org.enginehub.piston.impl.CommandParser/]: [03q1fsf0p6s2a]: started parsing
[08Dec2025 00:18:29.312] [Server thread/DEBUG] [org.enginehub.piston.impl.CommandParser/]: [03q1fsf0p6s2a]: Finished looking at arguments. Finalizing command.
[08Dec2025 00:18:33.406] [Server thread/INFO] [net.minecraft.server.network.ServerGamePacketListenerImpl/]: Lin4Pepi issued server command: //paste
[08Dec2025 00:18:33.407] [Server thread/DEBUG] [org.enginehub.piston.impl.CommandParser/]: [109dvrwr1ujiz]: started parsing
[08Dec2025 00:18:33.407] [Server thread/DEBUG] [org.enginehub.piston.impl.CommandParser/]: [109dvrwr1ujiz]: Finished looking at arguments. Finalizing command.
[08Dec2025 00:18:37.076] [Server thread/INFO] [net.minecraft.server.network.ServerGamePacketListenerImpl/]: Lin4Pepi issued server command: /undo
[08Dec2025 00:18:37.077] [Server thread/DEBUG] [org.enginehub.piston.impl.CommandParser/]: [013rbq6y2wiuu]: started parsing
[08Dec2025 00:18:37.077] [Server thread/DEBUG] [org.enginehub.piston.impl.CommandParser/]: [013rbq6y2wiuu]: Finished looking at arguments. Finalizing command.
[08Dec2025 00:18:41.400] [Server thread/INFO] [net.minecraft.server.network.ServerGamePacketListenerImpl/]: Lin4Pepi issued server command: //paste
[08Dec2025 00:18:41.400] [Server thread/DEBUG] [org.enginehub.piston.impl.CommandParser/]: [17kbi438wh659]: started parsing
[08Dec2025 00:18:41.400] [Server thread/DEBUG] [org.enginehub.piston.impl.CommandParser/]: [17kbi438wh659]: Finished looking at arguments. Finalizing command.
[08Dec2025 00:18:57.563] [Server thread/DEBUG] [net.minecraftforge.common.ForgeHooks/WP]: Gathering id map for writing to world save Squid Alpaca Games
[08Dec2025 00:18:57.567] [Server thread/DEBUG] [net.minecraftforge.common.ForgeHooks/WP]: ID Map collection complete Squid Alpaca Games
[08Dec2025 00:18:59.872] [Server thread/DEBUG] [org.enginehub.piston.impl.CommandParser/]: [0atlkruhdmgql]: started parsing
[08Dec2025 00:18:59.872] [Server thread/DEBUG] [org.enginehub.piston.impl.CommandParser/]: [0atlkruhdmgql]: Consuming argument ``
[08Dec2025 00:18:59.908] [Server thread/DEBUG] [org.enginehub.piston.impl.CommandParser/]: [0p4k3e22fjrd8]: started parsing
[08Dec2025 00:18:59.908] [Server thread/DEBUG] [org.enginehub.piston.impl.CommandParser/]: [0p4k3e22fjrd8]: Consuming argument ``
[08Dec2025 00:18:59.916] [Server thread/DEBUG] [org.enginehub.piston.impl.CommandParser/]: [1dijtwz7ytpbs]: started parsing
[08Dec2025 00:18:59.916] [Server thread/DEBUG] [org.enginehub.piston.impl.CommandParser/]: [1dijtwz7ytpbs]: Consuming argument ``
[08Dec2025 00:19:00.030] [Server thread/INFO] [net.minecraft.server.network.ServerGamePacketListenerImpl/]: Lin4Pepi issued server command: //set 0
[08Dec2025 00:19:00.030] [Server thread/DEBUG] [org.enginehub.piston.impl.CommandParser/]: [12zzo4mg930ch]: started parsing
[08Dec2025 00:19:00.030] [Server thread/DEBUG] [org.enginehub.piston.impl.CommandParser/]: [12zzo4mg930ch]: Consuming argument `0`
[08Dec2025 00:19:00.030] [Server thread/DEBUG] [org.enginehub.piston.impl.CommandParser/]: [12zzo4mg930ch]: Finished looking at arguments. Finalizing command.
[08Dec2025 00:19:12.338] [Server thread/DEBUG] [org.enginehub.piston.impl.CommandParser/]: [0584qlt1wpvua]: started parsing
[08Dec2025 00:19:12.338] [Server thread/DEBUG] [org.enginehub.piston.impl.CommandParser/]: [0584qlt1wpvua]: Consuming argument ``
[08Dec2025 00:19:12.381] [Server thread/DEBUG] [org.enginehub.piston.impl.CommandParser/]: [00vzwfnai7kq9]: started parsing
[08Dec2025 00:19:12.381] [Server thread/DEBUG] [org.enginehub.piston.impl.CommandParser/]: [00vzwfnai7kq9]: Consuming argument `0`
[08Dec2025 00:19:12.382] [Server thread/DEBUG] [org.enginehub.piston.impl.CommandParser/]: [00vzwfnai7kq9]: Finished looking at arguments. Finalizing command.
[08Dec2025 00:19:12.421] [Server thread/DEBUG] [org.enginehub.piston.impl.CommandParser/]: [002n9gipkd4xc]: started parsing
[08Dec2025 00:19:12.421] [Server thread/DEBUG] [org.enginehub.piston.impl.CommandParser/]: [002n9gipkd4xc]: Consuming argument `0`
[08Dec2025 00:19:12.421] [Server thread/DEBUG] [org.enginehub.piston.impl.CommandParser/]: [002n9gipkd4xc]: Consuming argument ``
[08Dec2025 00:19:12.421] [Server thread/DEBUG] [org.enginehub.piston.impl.CommandParser/]: [002n9gipkd4xc]: parseRegularArgument: no arguments to attempt matching
[08Dec2025 00:19:12.675] [Server thread/INFO] [net.minecraft.server.network.ServerGamePacketListenerImpl/]: Lin4Pepi issued server command: //set 0
[08Dec2025 00:19:12.675] [Server thread/DEBUG] [org.enginehub.piston.impl.CommandParser/]: [10u9mmz9nrarn]: started parsing
[08Dec2025 00:19:12.675] [Server thread/DEBUG] [org.enginehub.piston.impl.CommandParser/]: [10u9mmz9nrarn]: Consuming argument `0`
[08Dec2025 00:19:12.675] [Server thread/DEBUG] [org.enginehub.piston.impl.CommandParser/]: [10u9mmz9nrarn]: Finished looking at arguments. Finalizing command.
[08Dec2025 00:19:16.808] [Server thread/DEBUG] [org.enginehub.piston.impl.CommandParser/]: [012z3hc1f4wgi]: started parsing
[08Dec2025 00:19:16.808] [Server thread/DEBUG] [org.enginehub.piston.impl.CommandParser/]: [012z3hc1f4wgi]: Consuming argument `0`
[08Dec2025 00:19:16.808] [Server thread/DEBUG] [org.enginehub.piston.impl.CommandParser/]: [012z3hc1f4wgi]: Finished looking at arguments. Finalizing command.
[08Dec2025 00:19:16.808] [Server thread/DEBUG] [org.enginehub.piston.impl.CommandParser/]: [1000106qgc4ox]: started parsing
[08Dec2025 00:19:16.808] [Server thread/DEBUG] [org.enginehub.piston.impl.CommandParser/]: [1000106qgc4ox]: Consuming argument `0`
[08Dec2025 00:19:16.808] [Server thread/DEBUG] [org.enginehub.piston.impl.CommandParser/]: [1000106qgc4ox]: Finished looking at arguments. Finalizing command.
[08Dec2025 00:19:17.134] [Server thread/INFO] [net.minecraft.server.network.ServerGamePacketListenerImpl/]: Lin4Pepi issued server command: //set 0
[08Dec2025 00:19:17.134] [Server thread/DEBUG] [org.enginehub.piston.impl.CommandParser/]: [0fhes7j8s0z0k]: started parsing
[08Dec2025 00:19:17.134] [Server thread/DEBUG] [org.enginehub.piston.impl.CommandParser/]: [0fhes7j8s0z0k]: Consuming argument `0`
[08Dec2025 00:19:17.134] [Server thread/DEBUG] [org.enginehub.piston.impl.CommandParser/]: [0fhes7j8s0z0k]: Finished looking at arguments. Finalizing command.
[08Dec2025 00:19:17.905] [Server thread/INFO] [net.minecraft.server.network.ServerGamePacketListenerImpl/]: Lin4Pepi issued server command: /gamemode spectator
[08Dec2025 00:19:17.906] [Server thread/INFO] [net.minecraft.server.MinecraftServer/]: [Lin4Pepi: Set own game mode to Spectator Mode]
[08Dec2025 00:19:25.100] [Server thread/INFO] [net.minecraft.server.network.ServerGamePacketListenerImpl/]: Lin4Pepi issued server command: /gamemode creative
[08Dec2025 00:19:25.100] [Server thread/INFO] [net.minecraft.server.MinecraftServer/]: [Lin4Pepi: Set own game mode to Creative Mode]
[08Dec2025 00:19:29.250] [Netty Epoll Server IO #5/DEBUG] [net.minecraftforge.network.HandshakeHandler/FMLHANDSHAKE]: Starting new modded impl connection. Found 22 messages to dispatch.
[08Dec2025 00:19:29.385] [User Authenticator #6/INFO] [net.minecraft.server.network.ServerLoginPacketListenerImpl/]: UUID of player Xplix is 5219f159-e9ab-3b3e-8c78-072aa75742ca
[08Dec2025 00:19:29.390] [Server thread/DEBUG] [net.minecraftforge.network.HandshakeHandler/FMLHANDSHAKE]: Sending ticking packet info 'net.minecraftforge.network.HandshakeMessages$S2CModData' to 'fml:handshake' sequence 0
[08Dec2025 00:19:29.439] [Server thread/DEBUG] [net.minecraftforge.network.HandshakeHandler/FMLHANDSHAKE]: Sending ticking packet info 'net.minecraftforge.network.HandshakeMessages$S2CModList' to 'fml:handshake' sequence 1
[08Dec2025 00:19:29.490] [Server thread/DEBUG] [net.minecraftforge.network.HandshakeHandler/FMLHANDSHAKE]: Sending ticking packet info 'Registry minecraft:command_argument_type' to 'fml:handshake' sequence 2
[08Dec2025 00:19:29.539] [Server thread/DEBUG] [net.minecraftforge.network.HandshakeHandler/FMLHANDSHAKE]: Sending ticking packet info 'Registry minecraft:recipe_serializer' to 'fml:handshake' sequence 3
[08Dec2025 00:19:29.590] [Server thread/DEBUG] [net.minecraftforge.network.HandshakeHandler/FMLHANDSHAKE]: Sending ticking packet info 'Registry minecraft:sound_event' to 'fml:handshake' sequence 4
[08Dec2025 00:19:29.597] [Netty Epoll Server IO #5/DEBUG] [net.minecraftforge.network.LoginWrapper/FMLHANDSHAKE]: Recieved login wrapper packet event for channel fml:handshake with index 1
[08Dec2025 00:19:29.597] [Netty Epoll Server IO #5/DEBUG] [net.minecraftforge.network.HandshakeHandler/FMLHANDSHAKE]: Received client indexed reply 1 of type net.minecraftforge.network.HandshakeMessages$C2SModListReply
[08Dec2025 00:19:29.597] [Netty Epoll Server IO #5/DEBUG] [net.minecraftforge.network.HandshakeHandler/FMLHANDSHAKE]: Received client connection with modlist [minecraft, plasmovoice, keys_remover, forge, thundernight, owleafutils, healtem]
[08Dec2025 00:19:29.597] [Netty Epoll Server IO #5/DEBUG] [net.minecraftforge.network.NetworkRegistry/NETREGISTRY]: Channel 'fml:loginwrapper' : Version test of 'FML3' from client : ACCEPTED
[08Dec2025 00:19:29.597] [Netty Epoll Server IO #5/DEBUG] [net.minecraftforge.network.NetworkRegistry/NETREGISTRY]: Channel 'owleafutils:main' : Version test of '1' from client : ACCEPTED
[08Dec2025 00:19:29.597] [Netty Epoll Server IO #5/DEBUG] [net.minecraftforge.network.NetworkRegistry/NETREGISTRY]: Channel 'forge:tier_sorting' : Version test of '1.0' from client : ACCEPTED
[08Dec2025 00:19:29.597] [Netty Epoll Server IO #5/DEBUG] [net.minecraftforge.network.NetworkRegistry/NETREGISTRY]: Channel 'fml:handshake' : Version test of 'FML3' from client : ACCEPTED
[08Dec2025 00:19:29.597] [Netty Epoll Server IO #5/DEBUG] [net.minecraftforge.network.NetworkRegistry/NETREGISTRY]: Channel 'plasmo:voice/v2/service' : Version test of 'ALLOWVANILLA 💓💓💓' from client : ACCEPTED
[08Dec2025 00:19:29.597] [Netty Epoll Server IO #5/DEBUG] [net.minecraftforge.network.NetworkRegistry/NETREGISTRY]: Channel 'plasmo:voice/v2' : Version test of 'ALLOWVANILLA 💓💓💓' from client : ACCEPTED
[08Dec2025 00:19:29.597] [Netty Epoll Server IO #5/DEBUG] [net.minecraftforge.network.NetworkRegistry/NETREGISTRY]: Channel 'minecraft:unregister' : Version test of 'FML3' from client : ACCEPTED
[08Dec2025 00:19:29.597] [Netty Epoll Server IO #5/DEBUG] [net.minecraftforge.network.NetworkRegistry/NETREGISTRY]: Channel 'fml:play' : Version test of 'FML3' from client : ACCEPTED
[08Dec2025 00:19:29.597] [Netty Epoll Server IO #5/DEBUG] [net.minecraftforge.network.NetworkRegistry/NETREGISTRY]: Channel 'minecraft:register' : Version test of 'FML3' from client : ACCEPTED
[08Dec2025 00:19:29.597] [Netty Epoll Server IO #5/DEBUG] [net.minecraftforge.network.NetworkRegistry/NETREGISTRY]: Channel 'forge:split' : Version test of '1.1' from client : ACCEPTED
[08Dec2025 00:19:29.597] [Netty Epoll Server IO #5/DEBUG] [net.minecraftforge.network.NetworkRegistry/NETREGISTRY]: Channel 'plasmo:voice/v2/installed' : Version test of 'ALLOWVANILLA 💓💓💓' from client : ACCEPTED
[08Dec2025 00:19:29.597] [Netty Epoll Server IO #5/DEBUG] [net.minecraftforge.network.NetworkRegistry/NETREGISTRY]: Accepting channel list from client
[08Dec2025 00:19:29.597] [Netty Epoll Server IO #5/DEBUG] [net.minecraftforge.network.HandshakeHandler/FMLHANDSHAKE]: Accepted client connection mod list
[08Dec2025 00:19:29.640] [Server thread/DEBUG] [net.minecraftforge.network.HandshakeHandler/FMLHANDSHAKE]: Sending ticking packet info 'Registry minecraft:particle_type' to 'fml:handshake' sequence 5
[08Dec2025 00:19:29.664] [Netty Epoll Server IO #5/DEBUG] [net.minecraftforge.network.LoginWrapper/FMLHANDSHAKE]: Recieved login wrapper packet event for channel fml:handshake with index 2
[08Dec2025 00:19:29.664] [Netty Epoll Server IO #5/DEBUG] [net.minecraftforge.network.HandshakeHandler/FMLHANDSHAKE]: Received client indexed reply 2 of type net.minecraftforge.network.HandshakeMessages$C2SAcknowledge
[08Dec2025 00:19:29.664] [Netty Epoll Server IO #5/DEBUG] [net.minecraftforge.network.HandshakeHandler/FMLHANDSHAKE]: Received acknowledgement from client
[08Dec2025 00:19:29.680] [Netty Epoll Server IO #5/DEBUG] [net.minecraftforge.network.LoginWrapper/FMLHANDSHAKE]: Recieved login wrapper packet event for channel fml:handshake with index 3
[08Dec2025 00:19:29.680] [Netty Epoll Server IO #5/DEBUG] [net.minecraftforge.network.HandshakeHandler/FMLHANDSHAKE]: Received client indexed reply 3 of type net.minecraftforge.network.HandshakeMessages$C2SAcknowledge
[08Dec2025 00:19:29.680] [Netty Epoll Server IO #5/DEBUG] [net.minecraftforge.network.HandshakeHandler/FMLHANDSHAKE]: Received acknowledgement from client
[08Dec2025 00:19:29.690] [Server thread/DEBUG] [net.minecraftforge.network.HandshakeHandler/FMLHANDSHAKE]: Sending ticking packet info 'Registry minecraft:villager_profession' to 'fml:handshake' sequence 6
[08Dec2025 00:19:29.740] [Server thread/DEBUG] [net.minecraftforge.network.HandshakeHandler/FMLHANDSHAKE]: Sending ticking packet info 'Registry minecraft:item' to 'fml:handshake' sequence 7
[08Dec2025 00:19:29.791] [Server thread/DEBUG] [net.minecraftforge.network.HandshakeHandler/FMLHANDSHAKE]: Sending ticking packet info 'Registry minecraft:potion' to 'fml:handshake' sequence 8
[08Dec2025 00:19:29.840] [Server thread/DEBUG] [net.minecraftforge.network.HandshakeHandler/FMLHANDSHAKE]: Sending ticking packet info 'Registry minecraft:painting_variant' to 'fml:handshake' sequence 9
[08Dec2025 00:19:29.890] [Server thread/DEBUG] [net.minecraftforge.network.HandshakeHandler/FMLHANDSHAKE]: Sending ticking packet info 'Registry forge:fluid_type' to 'fml:handshake' sequence 10
[08Dec2025 00:19:29.939] [Server thread/DEBUG] [net.minecraftforge.network.HandshakeHandler/FMLHANDSHAKE]: Sending ticking packet info 'Registry minecraft:block_entity_type' to 'fml:handshake' sequence 11
[08Dec2025 00:19:29.991] [Server thread/DEBUG] [net.minecraftforge.network.HandshakeHandler/FMLHANDSHAKE]: Sending ticking packet info 'Registry forge:display_contexts' to 'fml:handshake' sequence 12
[08Dec2025 00:19:30.024] [Netty Epoll Server IO #5/DEBUG] [net.minecraftforge.network.LoginWrapper/FMLHANDSHAKE]: Recieved login wrapper packet event for channel fml:handshake with index 4
[08Dec2025 00:19:30.025] [Netty Epoll Server IO #5/DEBUG] [net.minecraftforge.network.HandshakeHandler/FMLHANDSHAKE]: Received client indexed reply 4 of type net.minecraftforge.network.HandshakeMessages$C2SAcknowledge
[08Dec2025 00:19:30.025] [Netty Epoll Server IO #5/DEBUG] [net.minecraftforge.network.HandshakeHandler/FMLHANDSHAKE]: Received acknowledgement from client
[08Dec2025 00:19:30.028] [Netty Epoll Server IO #5/DEBUG] [net.minecraftforge.network.LoginWrapper/FMLHANDSHAKE]: Recieved login wrapper packet event for channel fml:handshake with index 5
[08Dec2025 00:19:30.028] [Netty Epoll Server IO #5/DEBUG] [net.minecraftforge.network.HandshakeHandler/FMLHANDSHAKE]: Received client indexed reply 5 of type net.minecraftforge.network.HandshakeMessages$C2SAcknowledge
[08Dec2025 00:19:30.028] [Netty Epoll Server IO #5/DEBUG] [net.minecraftforge.network.HandshakeHandler/FMLHANDSHAKE]: Received acknowledgement from client
[08Dec2025 00:19:30.030] [Netty Epoll Server IO #5/DEBUG] [net.minecraftforge.network.LoginWrapper/FMLHANDSHAKE]: Recieved login wrapper packet event for channel fml:handshake with index 6
[08Dec2025 00:19:30.030] [Netty Epoll Server IO #5/DEBUG] [net.minecraftforge.network.HandshakeHandler/FMLHANDSHAKE]: Received client indexed reply 6 of type net.minecraftforge.network.HandshakeMessages$C2SAcknowledge
[08Dec2025 00:19:30.030] [Netty Epoll Server IO #5/DEBUG] [net.minecraftforge.network.HandshakeHandler/FMLHANDSHAKE]: Received acknowledgement from client
[08Dec2025 00:19:30.036] [Netty Epoll Server IO #5/DEBUG] [net.minecraftforge.network.LoginWrapper/FMLHANDSHAKE]: Recieved login wrapper packet event for channel fml:handshake with index 7
[08Dec2025 00:19:30.036] [Netty Epoll Server IO #5/DEBUG] [net.minecraftforge.network.HandshakeHandler/FMLHANDSHAKE]: Received client indexed reply 7 of type net.minecraftforge.network.HandshakeMessages$C2SAcknowledge
[08Dec2025 00:19:30.036] [Netty Epoll Server IO #5/DEBUG] [net.minecraftforge.network.HandshakeHandler/FMLHANDSHAKE]: Received acknowledgement from client
[08Dec2025 00:19:30.040] [Server thread/DEBUG] [net.minecraftforge.network.HandshakeHandler/FMLHANDSHAKE]: Sending ticking packet info 'Registry minecraft:block' to 'fml:handshake' sequence 13
[08Dec2025 00:19:30.043] [Netty Epoll Server IO #5/DEBUG] [net.minecraftforge.network.LoginWrapper/FMLHANDSHAKE]: Recieved login wrapper packet event for channel fml:handshake with index 8
[08Dec2025 00:19:30.043] [Netty Epoll Server IO #5/DEBUG] [net.minecraftforge.network.HandshakeHandler/FMLHANDSHAKE]: Received client indexed reply 8 of type net.minecraftforge.network.HandshakeMessages$C2SAcknowledge
[08Dec2025 00:19:30.043] [Netty Epoll Server IO #5/DEBUG] [net.minecraftforge.network.HandshakeHandler/FMLHANDSHAKE]: Received acknowledgement from client
[08Dec2025 00:19:30.043] [Netty Epoll Server IO #5/DEBUG] [net.minecraftforge.network.LoginWrapper/FMLHANDSHAKE]: Recieved login wrapper packet event for channel fml:handshake with index 9
[08Dec2025 00:19:30.043] [Netty Epoll Server IO #5/DEBUG] [net.minecraftforge.network.HandshakeHandler/FMLHANDSHAKE]: Received client indexed reply 9 of type net.minecraftforge.network.HandshakeMessages$C2SAcknowledge
[08Dec2025 00:19:30.043] [Netty Epoll Server IO #5/DEBUG] [net.minecraftforge.network.HandshakeHandler/FMLHANDSHAKE]: Received acknowledgement from client
[08Dec2025 00:19:30.044] [Netty Epoll Server IO #5/DEBUG] [net.minecraftforge.network.LoginWrapper/FMLHANDSHAKE]: Recieved login wrapper packet event for channel fml:handshake with index 10
[08Dec2025 00:19:30.044] [Netty Epoll Server IO #5/DEBUG] [net.minecraftforge.network.HandshakeHandler/FMLHANDSHAKE]: Received client indexed reply 10 of type net.minecraftforge.network.HandshakeMessages$C2SAcknowledge
[08Dec2025 00:19:30.044] [Netty Epoll Server IO #5/DEBUG] [net.minecraftforge.network.HandshakeHandler/FMLHANDSHAKE]: Received acknowledgement from client
[08Dec2025 00:19:30.089] [Netty Epoll Server IO #5/DEBUG] [net.minecraftforge.network.LoginWrapper/FMLHANDSHAKE]: Recieved login wrapper packet event for channel fml:handshake with index 11
[08Dec2025 00:19:30.089] [Netty Epoll Server IO #5/DEBUG] [net.minecraftforge.network.HandshakeHandler/FMLHANDSHAKE]: Received client indexed reply 11 of type net.minecraftforge.network.HandshakeMessages$C2SAcknowledge
[08Dec2025 00:19:30.089] [Netty Epoll Server IO #5/DEBUG] [net.minecraftforge.network.HandshakeHandler/FMLHANDSHAKE]: Received acknowledgement from client
[08Dec2025 00:19:30.091] [Server thread/DEBUG] [net.minecraftforge.network.HandshakeHandler/FMLHANDSHAKE]: Sending ticking packet info 'Registry forge:entity_data_serializers' to 'fml:handshake' sequence 14
[08Dec2025 00:19:30.138] [Netty Epoll Server IO #5/DEBUG] [net.minecraftforge.network.LoginWrapper/FMLHANDSHAKE]: Recieved login wrapper packet event for channel fml:handshake with index 12
[08Dec2025 00:19:30.138] [Netty Epoll Server IO #5/DEBUG] [net.minecraftforge.network.HandshakeHandler/FMLHANDSHAKE]: Received client indexed reply 12 of type net.minecraftforge.network.HandshakeMessages$C2SAcknowledge
[08Dec2025 00:19:30.138] [Netty Epoll Server IO #5/DEBUG] [net.minecraftforge.network.HandshakeHandler/FMLHANDSHAKE]: Received acknowledgement from client
[08Dec2025 00:19:30.140] [Server thread/DEBUG] [net.minecraftforge.network.HandshakeHandler/FMLHANDSHAKE]: Sending ticking packet info 'Registry minecraft:mob_effect' to 'fml:handshake' sequence 15
[08Dec2025 00:19:30.191] [Server thread/DEBUG] [net.minecraftforge.network.HandshakeHandler/FMLHANDSHAKE]: Sending ticking packet info 'Registry minecraft:stat_type' to 'fml:handshake' sequence 16
[08Dec2025 00:19:30.191] [Netty Epoll Server IO #5/DEBUG] [net.minecraftforge.network.LoginWrapper/FMLHANDSHAKE]: Recieved login wrapper packet event for channel fml:handshake with index 13
[08Dec2025 00:19:30.191] [Netty Epoll Server IO #5/DEBUG] [net.minecraftforge.network.HandshakeHandler/FMLHANDSHAKE]: Received client indexed reply 13 of type net.minecraftforge.network.HandshakeMessages$C2SAcknowledge
[08Dec2025 00:19:30.191] [Netty Epoll Server IO #5/DEBUG] [net.minecraftforge.network.HandshakeHandler/FMLHANDSHAKE]: Received acknowledgement from client
[08Dec2025 00:19:30.234] [Netty Epoll Server IO #5/DEBUG] [net.minecraftforge.network.LoginWrapper/FMLHANDSHAKE]: Recieved login wrapper packet event for channel fml:handshake with index 14
[08Dec2025 00:19:30.234] [Netty Epoll Server IO #5/DEBUG] [net.minecraftforge.network.HandshakeHandler/FMLHANDSHAKE]: Received client indexed reply 14 of type net.minecraftforge.network.HandshakeMessages$C2SAcknowledge
[08Dec2025 00:19:30.234] [Netty Epoll Server IO #5/DEBUG] [net.minecraftforge.network.HandshakeHandler/FMLHANDSHAKE]: Received acknowledgement from client
[08Dec2025 00:19:30.240] [Server thread/DEBUG] [net.minecraftforge.network.HandshakeHandler/FMLHANDSHAKE]: Sending ticking packet info 'Registry minecraft:menu' to 'fml:handshake' sequence 17
[08Dec2025 00:19:30.281] [Netty Epoll Server IO #5/DEBUG] [net.minecraftforge.network.LoginWrapper/FMLHANDSHAKE]: Recieved login wrapper packet event for channel fml:handshake with index 15
[08Dec2025 00:19:30.282] [Netty Epoll Server IO #5/DEBUG] [net.minecraftforge.network.HandshakeHandler/FMLHANDSHAKE]: Received client indexed reply 15 of type net.minecraftforge.network.HandshakeMessages$C2SAcknowledge
[08Dec2025 00:19:30.282] [Netty Epoll Server IO #5/DEBUG] [net.minecraftforge.network.HandshakeHandler/FMLHANDSHAKE]: Received acknowledgement from client
[08Dec2025 00:19:30.292] [Server thread/DEBUG] [net.minecraftforge.network.HandshakeHandler/FMLHANDSHAKE]: Sending ticking packet info 'Registry minecraft:enchantment' to 'fml:handshake' sequence 18
[08Dec2025 00:19:30.333] [Netty Epoll Server IO #5/DEBUG] [net.minecraftforge.network.LoginWrapper/FMLHANDSHAKE]: Recieved login wrapper packet event for channel fml:handshake with index 16
[08Dec2025 00:19:30.333] [Netty Epoll Server IO #5/DEBUG] [net.minecraftforge.network.HandshakeHandler/FMLHANDSHAKE]: Received client indexed reply 16 of type net.minecraftforge.network.HandshakeMessages$C2SAcknowledge
[08Dec2025 00:19:30.333] [Netty Epoll Server IO #5/DEBUG] [net.minecraftforge.network.HandshakeHandler/FMLHANDSHAKE]: Received acknowledgement from client
[08Dec2025 00:19:30.340] [Server thread/DEBUG] [net.minecraftforge.network.HandshakeHandler/FMLHANDSHAKE]: Sending ticking packet info 'Registry minecraft:fluid' to 'fml:handshake' sequence 19
[08Dec2025 00:19:30.384] [Netty Epoll Server IO #5/DEBUG] [net.minecraftforge.network.LoginWrapper/FMLHANDSHAKE]: Recieved login wrapper packet event for channel fml:handshake with index 17
[08Dec2025 00:19:30.384] [Netty Epoll Server IO #5/DEBUG] [net.minecraftforge.network.HandshakeHandler/FMLHANDSHAKE]: Received client indexed reply 17 of type net.minecraftforge.network.HandshakeMessages$C2SAcknowledge
[08Dec2025 00:19:30.384] [Netty Epoll Server IO #5/DEBUG] [net.minecraftforge.network.HandshakeHandler/FMLHANDSHAKE]: Received acknowledgement from client
[08Dec2025 00:19:30.390] [Server thread/DEBUG] [net.minecraftforge.network.HandshakeHandler/FMLHANDSHAKE]: Sending ticking packet info 'Registry minecraft:entity_type' to 'fml:handshake' sequence 20
[08Dec2025 00:19:30.433] [Netty Epoll Server IO #5/DEBUG] [net.minecraftforge.network.LoginWrapper/FMLHANDSHAKE]: Recieved login wrapper packet event for channel fml:handshake with index 18
[08Dec2025 00:19:30.433] [Netty Epoll Server IO #5/DEBUG] [net.minecraftforge.network.HandshakeHandler/FMLHANDSHAKE]: Received client indexed reply 18 of type net.minecraftforge.network.HandshakeMessages$C2SAcknowledge
[08Dec2025 00:19:30.433] [Netty Epoll Server IO #5/DEBUG] [net.minecraftforge.network.HandshakeHandler/FMLHANDSHAKE]: Received acknowledgement from client
[08Dec2025 00:19:30.440] [Server thread/DEBUG] [net.minecraftforge.network.HandshakeHandler/FMLHANDSHAKE]: Sending ticking packet info 'Config forge-server.toml' to 'fml:handshake' sequence 21
[08Dec2025 00:19:30.480] [Netty Epoll Server IO #5/DEBUG] [net.minecraftforge.network.LoginWrapper/FMLHANDSHAKE]: Recieved login wrapper packet event for channel fml:handshake with index 19
[08Dec2025 00:19:30.480] [Netty Epoll Server IO #5/DEBUG] [net.minecraftforge.network.HandshakeHandler/FMLHANDSHAKE]: Received client indexed reply 19 of type net.minecraftforge.network.HandshakeMessages$C2SAcknowledge
[08Dec2025 00:19:30.480] [Netty Epoll Server IO #5/DEBUG] [net.minecraftforge.network.HandshakeHandler/FMLHANDSHAKE]: Received acknowledgement from client
[08Dec2025 00:19:31.175] [Netty Epoll Server IO #5/DEBUG] [net.minecraftforge.network.LoginWrapper/FMLHANDSHAKE]: Recieved login wrapper packet event for channel fml:handshake with index 20
[08Dec2025 00:19:31.175] [Netty Epoll Server IO #5/DEBUG] [net.minecraftforge.network.HandshakeHandler/FMLHANDSHAKE]: Received client indexed reply 20 of type net.minecraftforge.network.HandshakeMessages$C2SAcknowledge
[08Dec2025 00:19:31.175] [Netty Epoll Server IO #5/DEBUG] [net.minecraftforge.network.HandshakeHandler/FMLHANDSHAKE]: Received acknowledgement from client
[08Dec2025 00:19:31.194] [Netty Epoll Server IO #5/DEBUG] [net.minecraftforge.network.LoginWrapper/FMLHANDSHAKE]: Recieved login wrapper packet event for channel fml:handshake with index 21
[08Dec2025 00:19:31.194] [Netty Epoll Server IO #5/DEBUG] [net.minecraftforge.network.HandshakeHandler/FMLHANDSHAKE]: Received client indexed reply 21 of type net.minecraftforge.network.HandshakeMessages$C2SAcknowledge
[08Dec2025 00:19:31.194] [Netty Epoll Server IO #5/DEBUG] [net.minecraftforge.network.HandshakeHandler/FMLHANDSHAKE]: Received acknowledgement from client
[08Dec2025 00:19:31.239] [Server thread/DEBUG] [net.minecraftforge.network.HandshakeHandler/FMLHANDSHAKE]: Handshake complete!
[08Dec2025 00:19:31.304] [Server thread/INFO] [net.minecraft.server.players.PlayerList/]: Xplix[/127.17.250.72:57645] logged in with entity id 8481 at (34.06494561127381, 108.7830990970731, 34.16525029724801)
[08Dec2025 00:19:31.304] [Server thread/DEBUG] [net.minecraftforge.network.filters.NetworkFilters/]: Injected net.minecraftforge.network.filters.ForgeConnectionNetworkFilter@29239901 into net.minecraft.network.Connection@1fa15fb5
[08Dec2025 00:19:31.336] [Server thread/INFO] [net.minecraft.server.MinecraftServer/]: Xplix joined the game
[08Dec2025 00:19:42.748] [Server thread/INFO] [net.minecraft.server.network.ServerGamePacketListenerImpl/]: Xplix issued server command: /gamemode spectator
[08Dec2025 00:19:42.750] [Server thread/INFO] [net.minecraft.server.MinecraftServer/]: [Xplix: Set own game mode to Spectator Mode]
[08Dec2025 00:19:44.873] [Server thread/INFO] [net.minecraft.server.network.ServerGamePacketListenerImpl/]: Xplix issued server command: /gamemode creative
[08Dec2025 00:19:44.873] [Server thread/INFO] [net.minecraft.server.MinecraftServer/]: [Xplix: Set own game mode to Creative Mode]
[08Dec2025 00:20:50.120] [Server thread/INFO] [net.minecraft.server.network.ServerGamePacketListenerImpl/]: Lin4Pepi issued server command: //copy
[08Dec2025 00:20:50.121] [Server thread/DEBUG] [org.enginehub.piston.impl.CommandParser/]: [1pvsu796tlxjt]: started parsing
[08Dec2025 00:20:50.121] [Server thread/DEBUG] [org.enginehub.piston.impl.CommandParser/]: [1pvsu796tlxjt]: Finished looking at arguments. Finalizing command.
[08Dec2025 00:20:57.526] [Server thread/INFO] [net.minecraft.server.network.ServerGamePacketListenerImpl/]: Lin4Pepi issued server command: //paste
[08Dec2025 00:20:57.527] [Server thread/DEBUG] [org.enginehub.piston.impl.CommandParser/]: [0qplvyl1vb6jv]: started parsing
[08Dec2025 00:20:57.527] [Server thread/DEBUG] [org.enginehub.piston.impl.CommandParser/]: [0qplvyl1vb6jv]: Finished looking at arguments. Finalizing command.
[08Dec2025 00:21:02.285] [Server thread/INFO] [net.minecraft.server.network.ServerGamePacketListenerImpl/]: Lin4Pepi issued server command: //undo
[08Dec2025 00:21:02.285] [Server thread/DEBUG] [org.enginehub.piston.impl.CommandParser/]: [1m58033582px9]: started parsing
[08Dec2025 00:21:02.285] [Server thread/DEBUG] [org.enginehub.piston.impl.CommandParser/]: [1m58033582px9]: Finished looking at arguments. Finalizing command.
[08Dec2025 00:21:41.120] [Server thread/INFO] [net.minecraft.server.network.ServerGamePacketListenerImpl/]: Lin4Pepi issued server command: //paste
[08Dec2025 00:21:41.120] [Server thread/DEBUG] [org.enginehub.piston.impl.CommandParser/]: [1mqe83rklncpv]: started parsing
[08Dec2025 00:21:41.120] [Server thread/DEBUG] [org.enginehub.piston.impl.CommandParser/]: [1mqe83rklncpv]: Finished looking at arguments. Finalizing command.
[08Dec2025 00:21:44.715] [Server thread/INFO] [net.minecraft.server.network.ServerGamePacketListenerImpl/]: Lin4Pepi issued server command: //undo
[08Dec2025 00:21:44.716] [Server thread/DEBUG] [org.enginehub.piston.impl.CommandParser/]: [1irpu421yzluk]: started parsing
[08Dec2025 00:21:44.716] [Server thread/DEBUG] [org.enginehub.piston.impl.CommandParser/]: [1irpu421yzluk]: Finished looking at arguments. Finalizing command.
[08Dec2025 00:22:00.790] [Async Chat Thread - #48/INFO] [net.minecraft.server.MinecraftServer/]: [Not Secure] <Xplix> x: 47.196 y: 127.00 z: 40.471
[08Dec2025 00:22:13.836] [Server thread/INFO] [net.minecraft.server.network.ServerGamePacketListenerImpl/]: Lin4Pepi issued server command: //copy
[08Dec2025 00:22:13.837] [Server thread/DEBUG] [org.enginehub.piston.impl.CommandParser/]: [1ju6j2uhd01tf]: started parsing
[08Dec2025 00:22:13.837] [Server thread/DEBUG] [org.enginehub.piston.impl.CommandParser/]: [1ju6j2uhd01tf]: Finished looking at arguments. Finalizing command.
[08Dec2025 00:22:36.489] [Server thread/INFO] [net.minecraft.server.network.ServerGamePacketListenerImpl/]: Lin4Pepi issued server command: //copy
[08Dec2025 00:22:36.489] [Server thread/DEBUG] [org.enginehub.piston.impl.CommandParser/]: [1xrik17pzg2rg]: started parsing
[08Dec2025 00:22:36.489] [Server thread/DEBUG] [org.enginehub.piston.impl.CommandParser/]: [1xrik17pzg2rg]: Finished looking at arguments. Finalizing command.
[08Dec2025 00:22:37.362] [Server thread/INFO] [net.minecraft.server.network.ServerGamePacketListenerImpl/]: Xplix issued server command: /tp @a Xplix
[08Dec2025 00:22:37.363] [Server thread/INFO] [net.minecraft.server.MinecraftServer/]: [Xplix: Teleported 3 entities to Xplix]
[08Dec2025 00:22:38.919] [Async Chat Thread - #48/INFO] [net.minecraft.server.MinecraftServer/]: [Not Secure] <Lin4Pepi> q
[08Dec2025 00:22:40.591] [Async Chat Thread - #47/INFO] [net.minecraft.server.MinecraftServer/]: [Not Secure] <Lin4Pepi> d
[08Dec2025 00:22:41.087] [Async Chat Thread - #48/INFO] [net.minecraft.server.MinecraftServer/]: [Not Secure] <Lin4Pepi> DAA
[08Dec2025 00:22:44.015] [Async Chat Thread - #47/INFO] [net.minecraft.server.MinecraftServer/]: [Not Secure] <Lin4Pepi> estoy buildenado
[08Dec2025 00:22:44.277] [Async Chat Thread - #48/INFO] [net.minecraft.server.MinecraftServer/]: [Not Secure] <Xplix> xddddd
[08Dec2025 00:22:45.469] [Async Chat Thread - #47/INFO] [net.minecraft.server.MinecraftServer/]: [Not Secure] <Lin4Pepi> gordo dde mierd
[08Dec2025 00:22:46.171] [Server thread/INFO] [net.minecraft.server.network.ServerGamePacketListenerImpl/]: Lin4Pepi issued server command: /gamemode spectator
[08Dec2025 00:22:46.171] [Server thread/INFO] [net.minecraft.server.MinecraftServer/]: [Lin4Pepi: Set own game mode to Spectator Mode]
[08Dec2025 00:22:48.452] [Server thread/INFO] [net.minecraft.server.network.ServerGamePacketListenerImpl/]: Lin4Pepi issued server command: /gamemode creative
[08Dec2025 00:22:48.452] [Server thread/INFO] [net.minecraft.server.MinecraftServer/]: [Lin4Pepi: Set own game mode to Creative Mode]
[08Dec2025 00:22:55.709] [Server thread/INFO] [net.minecraft.server.network.ServerGamePacketListenerImpl/]: Lin4Pepi issued server command: //copy
[08Dec2025 00:22:55.709] [Server thread/DEBUG] [org.enginehub.piston.impl.CommandParser/]: [1hsg1ma9eqmhx]: started parsing
[08Dec2025 00:22:55.709] [Server thread/DEBUG] [org.enginehub.piston.impl.CommandParser/]: [1hsg1ma9eqmhx]: Finished looking at arguments. Finalizing command.
[08Dec2025 00:22:56.688] [Async Chat Thread - #47/INFO] [net.minecraft.server.MinecraftServer/]: [Not Secure] <Xplix> solo vine para eso
[08Dec2025 00:23:00.281] [Async Chat Thread - #48/INFO] [net.minecraft.server.MinecraftServer/]: [Not Secure] <Xplix> PUTITOS
[08Dec2025 00:23:05.549] [Server thread/INFO] [net.minecraft.server.network.ServerGamePacketListenerImpl/]: Lin4Pepi issued server command: //paste
[08Dec2025 00:23:05.549] [Server thread/DEBUG] [org.enginehub.piston.impl.CommandParser/]: [0zr9rj25r81t1]: started parsing
[08Dec2025 00:23:05.549] [Server thread/DEBUG] [org.enginehub.piston.impl.CommandParser/]: [0zr9rj25r81t1]: Finished looking at arguments. Finalizing command.
[08Dec2025 00:23:13.406] [Server thread/INFO] [net.minecraft.server.network.ServerGamePacketListenerImpl/]: Lin4Pepi issued server command: //paste
[08Dec2025 00:23:13.406] [Server thread/DEBUG] [org.enginehub.piston.impl.CommandParser/]: [1d6589mjkshka]: started parsing
[08Dec2025 00:23:13.406] [Server thread/DEBUG] [org.enginehub.piston.impl.CommandParser/]: [1d6589mjkshka]: Finished looking at arguments. Finalizing command.
[08Dec2025 00:23:17.769] [Server thread/INFO] [net.minecraft.server.network.ServerGamePacketListenerImpl/]: Lin4Pepi issued server command: //paste
[08Dec2025 00:23:17.770] [Server thread/DEBUG] [org.enginehub.piston.impl.CommandParser/]: [1nxsgtahszrga]: started parsing
[08Dec2025 00:23:17.770] [Server thread/DEBUG] [org.enginehub.piston.impl.CommandParser/]: [1nxsgtahszrga]: Finished looking at arguments. Finalizing command.
[08Dec2025 00:23:23.850] [Server thread/INFO] [net.minecraft.server.network.ServerGamePacketListenerImpl/]: Lin4Pepi issued server command: //paste
[08Dec2025 00:23:23.851] [Server thread/DEBUG] [org.enginehub.piston.impl.CommandParser/]: [11tx2tnfakix2]: started parsing
[08Dec2025 00:23:23.851] [Server thread/DEBUG] [org.enginehub.piston.impl.CommandParser/]: [11tx2tnfakix2]: Finished looking at arguments. Finalizing command.
[08Dec2025 00:23:24.658] [Server thread/INFO] [net.minecraft.server.network.ServerGamePacketListenerImpl/]: Xplix lost connection: Disconnected
[08Dec2025 00:23:24.661] [Server thread/INFO] [net.minecraft.server.MinecraftServer/]: Xplix left the game
[08Dec2025 00:23:28.948] [Server thread/INFO] [net.minecraft.server.network.ServerGamePacketListenerImpl/]: Lin4Pepi issued server command: //paste
[08Dec2025 00:23:28.949] [Server thread/DEBUG] [org.enginehub.piston.impl.CommandParser/]: [0y1redlvrdrll]: started parsing
[08Dec2025 00:23:28.949] [Server thread/DEBUG] [org.enginehub.piston.impl.CommandParser/]: [0y1redlvrdrll]: Finished looking at arguments. Finalizing command.
[08Dec2025 00:23:36.519] [Server thread/INFO] [net.minecraft.server.network.ServerGamePacketListenerImpl/]: Lin4Pepi issued server command: //paste
[08Dec2025 00:23:36.519] [Server thread/DEBUG] [org.enginehub.piston.impl.CommandParser/]: [1hdaazgewmbs9]: started parsing
[08Dec2025 00:23:36.519] [Server thread/DEBUG] [org.enginehub.piston.impl.CommandParser/]: [1hdaazgewmbs9]: Finished looking at arguments. Finalizing command.
[08Dec2025 00:23:57.281] [Server thread/DEBUG] [net.minecraftforge.common.ForgeHooks/WP]: Gathering id map for writing to world save Squid Alpaca Games
[08Dec2025 00:23:57.285] [Server thread/DEBUG] [net.minecraftforge.common.ForgeHooks/WP]: ID Map collection complete Squid Alpaca Games
[08Dec2025 00:24:41.252] [Server thread/INFO] [net.minecraft.server.network.ServerGamePacketListenerImpl/]: Lin4Pepi issued server command: //copy
[08Dec2025 00:24:41.252] [Server thread/DEBUG] [org.enginehub.piston.impl.CommandParser/]: [0jzftjiujobym]: started parsing
[08Dec2025 00:24:41.252] [Server thread/DEBUG] [org.enginehub.piston.impl.CommandParser/]: [0jzftjiujobym]: Finished looking at arguments. Finalizing command.
[08Dec2025 00:24:52.132] [Server thread/INFO] [net.minecraft.server.network.ServerGamePacketListenerImpl/]: Lin4Pepi issued server command: //paste
[08Dec2025 00:24:52.132] [Server thread/DEBUG] [org.enginehub.piston.impl.CommandParser/]: [0jr1qzo438u0f]: started parsing
[08Dec2025 00:24:52.132] [Server thread/DEBUG] [org.enginehub.piston.impl.CommandParser/]: [0jr1qzo438u0f]: Finished looking at arguments. Finalizing command.
[08Dec2025 00:25:03.667] [Server thread/INFO] [net.minecraft.server.network.ServerGamePacketListenerImpl/]: Lin4Pepi issued server command: //paste
[08Dec2025 00:25:03.667] [Server thread/DEBUG] [org.enginehub.piston.impl.CommandParser/]: [1qlsmxo9ifn2k]: started parsing
[08Dec2025 00:25:03.667] [Server thread/DEBUG] [org.enginehub.piston.impl.CommandParser/]: [1qlsmxo9ifn2k]: Finished looking at arguments. Finalizing command.
[08Dec2025 00:25:15.226] [Server thread/INFO] [net.minecraft.server.network.ServerGamePacketListenerImpl/]: Lin4Pepi issued server command: //paste
[08Dec2025 00:25:15.227] [Server thread/DEBUG] [org.enginehub.piston.impl.CommandParser/]: [0xehvi3n77wba]: started parsing
[08Dec2025 00:25:15.227] [Server thread/DEBUG] [org.enginehub.piston.impl.CommandParser/]: [0xehvi3n77wba]: Finished looking at arguments. Finalizing command.
[08Dec2025 00:27:19.738] [Server thread/INFO] [net.minecraft.server.network.ServerGamePacketListenerImpl/]: Lin4Pepi issued server command: //copy
[08Dec2025 00:27:19.739] [Server thread/DEBUG] [org.enginehub.piston.impl.CommandParser/]: [11g8lr64qc3nr]: started parsing
[08Dec2025 00:27:19.739] [Server thread/DEBUG] [org.enginehub.piston.impl.CommandParser/]: [11g8lr64qc3nr]: Finished looking at arguments. Finalizing command.
[08Dec2025 00:27:27.585] [Server thread/INFO] [net.minecraft.server.network.ServerGamePacketListenerImpl/]: Lin4Pepi issued server command: //paste
[08Dec2025 00:27:27.586] [Server thread/DEBUG] [org.enginehub.piston.impl.CommandParser/]: [1k0vilwa0r92e]: started parsing
[08Dec2025 00:27:27.586] [Server thread/DEBUG] [org.enginehub.piston.impl.CommandParser/]: [1k0vilwa0r92e]: Finished looking at arguments. Finalizing command.
[08Dec2025 00:27:33.323] [Server thread/INFO] [net.minecraft.server.network.ServerGamePacketListenerImpl/]: Lin4Pepi issued server command: //paste
[08Dec2025 00:27:33.324] [Server thread/DEBUG] [org.enginehub.piston.impl.CommandParser/]: [1vwh1a8gwk062]: started parsing
[08Dec2025 00:27:33.324] [Server thread/DEBUG] [org.enginehub.piston.impl.CommandParser/]: [1vwh1a8gwk062]: Finished looking at arguments. Finalizing command.
[08Dec2025 00:27:38.204] [Server thread/INFO] [net.minecraft.server.network.ServerGamePacketListenerImpl/]: Lin4Pepi issued server command: //paste
[08Dec2025 00:27:38.204] [Server thread/DEBUG] [org.enginehub.piston.impl.CommandParser/]: [1gqew184ggprc]: started parsing
[08Dec2025 00:27:38.204] [Server thread/DEBUG] [org.enginehub.piston.impl.CommandParser/]: [1gqew184ggprc]: Finished looking at arguments. Finalizing command.
[08Dec2025 00:27:41.546] [Server thread/INFO] [net.minecraft.server.network.ServerGamePacketListenerImpl/]: Lin4Pepi issued server command: //paste
[08Dec2025 00:27:41.546] [Server thread/DEBUG] [org.enginehub.piston.impl.CommandParser/]: [1pophefntj14t]: started parsing
[08Dec2025 00:27:41.546] [Server thread/DEBUG] [org.enginehub.piston.impl.CommandParser/]: [1pophefntj14t]: Finished looking at arguments. Finalizing command.
[08Dec2025 00:27:44.638] [Server thread/INFO] [net.minecraft.server.network.ServerGamePacketListenerImpl/]: Lin4Pepi issued server command: //paste
[08Dec2025 00:27:44.638] [Server thread/DEBUG] [org.enginehub.piston.impl.CommandParser/]: [14zncjaeyflpl]: started parsing
[08Dec2025 00:27:44.638] [Server thread/DEBUG] [org.enginehub.piston.impl.CommandParser/]: [14zncjaeyflpl]: Finished looking at arguments. Finalizing command.
[08Dec2025 00:27:47.495] [Server thread/INFO] [net.minecraft.server.network.ServerGamePacketListenerImpl/]: Lin4Pepi issued server command: //paste
[08Dec2025 00:27:47.496] [Server thread/DEBUG] [org.enginehub.piston.impl.CommandParser/]: [09nmbfimf4lox]: started parsing
[08Dec2025 00:27:47.496] [Server thread/DEBUG] [org.enginehub.piston.impl.CommandParser/]: [09nmbfimf4lox]: Finished looking at arguments. Finalizing command.
[08Dec2025 00:27:50.403] [Server thread/INFO] [net.minecraft.server.network.ServerGamePacketListenerImpl/]: Lin4Pepi issued server command: //paste
[08Dec2025 00:27:50.404] [Server thread/DEBUG] [org.enginehub.piston.impl.CommandParser/]: [0l8bdty0jeihm]: started parsing
[08Dec2025 00:27:50.404] [Server thread/DEBUG] [org.enginehub.piston.impl.CommandParser/]: [0l8bdty0jeihm]: Finished looking at arguments. Finalizing command.
[08Dec2025 00:27:52.835] [Server thread/INFO] [net.minecraft.server.network.ServerGamePacketListenerImpl/]: Lin4Pepi issued server command: //paste
[08Dec2025 00:27:52.836] [Server thread/DEBUG] [org.enginehub.piston.impl.CommandParser/]: [16ki73r1jutpe]: started parsing
[08Dec2025 00:27:52.836] [Server thread/DEBUG] [org.enginehub.piston.impl.CommandParser/]: [16ki73r1jutpe]: Finished looking at arguments. Finalizing command.
[08Dec2025 00:27:57.738] [Server thread/INFO] [net.minecraft.server.network.ServerGamePacketListenerImpl/]: Lin4Pepi issued server command: //paste
[08Dec2025 00:27:57.738] [Server thread/DEBUG] [org.enginehub.piston.impl.CommandParser/]: [12s8yef6ytxbx]: started parsing
[08Dec2025 00:27:57.738] [Server thread/DEBUG] [org.enginehub.piston.impl.CommandParser/]: [12s8yef6ytxbx]: Finished looking at arguments. Finalizing command.
[08Dec2025 00:28:00.418] [Server thread/INFO] [net.minecraft.server.network.ServerGamePacketListenerImpl/]: Lin4Pepi issued server command: //paste
[08Dec2025 00:28:00.418] [Server thread/DEBUG] [org.enginehub.piston.impl.CommandParser/]: [0rygtzk8l7dsr]: started parsing
[08Dec2025 00:28:00.418] [Server thread/DEBUG] [org.enginehub.piston.impl.CommandParser/]: [0rygtzk8l7dsr]: Finished looking at arguments. Finalizing command.
[08Dec2025 00:28:03.645] [Server thread/INFO] [net.minecraft.server.network.ServerGamePacketListenerImpl/]: Lin4Pepi issued server command: //paste
[08Dec2025 00:28:03.645] [Server thread/DEBUG] [org.enginehub.piston.impl.CommandParser/]: [1poengfcnsoa5]: started parsing
[08Dec2025 00:28:03.645] [Server thread/DEBUG] [org.enginehub.piston.impl.CommandParser/]: [1poengfcnsoa5]: Finished looking at arguments. Finalizing command.
[08Dec2025 00:28:05.609] [Server thread/INFO] [net.minecraft.server.network.ServerGamePacketListenerImpl/]: Lin4Pepi issued server command: //paste
[08Dec2025 00:28:05.610] [Server thread/DEBUG] [org.enginehub.piston.impl.CommandParser/]: [1r9ti7hjucgeg]: started parsing
[08Dec2025 00:28:05.610] [Server thread/DEBUG] [org.enginehub.piston.impl.CommandParser/]: [1r9ti7hjucgeg]: Finished looking at arguments. Finalizing command.
[08Dec2025 00:28:57.193] [Server thread/DEBUG] [net.minecraftforge.common.ForgeHooks/WP]: Gathering id map for writing to world save Squid Alpaca Games
[08Dec2025 00:28:57.197] [Server thread/DEBUG] [net.minecraftforge.common.ForgeHooks/WP]: ID Map collection complete Squid Alpaca Games
[08Dec2025 00:30:22.370] [Server thread/INFO] [net.minecraft.server.network.ServerGamePacketListenerImpl/]: Lin4Pepi issued server command: //copy
[08Dec2025 00:30:22.371] [Server thread/DEBUG] [org.enginehub.piston.impl.CommandParser/]: [1ricalrshuabs]: started parsing
[08Dec2025 00:30:22.371] [Server thread/DEBUG] [org.enginehub.piston.impl.CommandParser/]: [1ricalrshuabs]: Finished looking at arguments. Finalizing command.
[08Dec2025 00:30:26.804] [Server thread/DEBUG] [mixin/]: Mixing CraftLegacyLegacyMixin from mixins.arclight.bukkit.json into org.bukkit.craftbukkit.v1_20_R1.legacy.CraftLegacy
[08Dec2025 00:30:26.819] [Server thread/ERROR] [STDERR/]: Initializing Legacy Material Support. Unless you have legacy plugins and/or data this is a bug!
[08Dec2025 00:30:31.151] [Server thread/INFO] [net.minecraft.server.network.ServerGamePacketListenerImpl/]: Lin4Pepi issued server command: //paste
[08Dec2025 00:30:31.153] [Server thread/DEBUG] [org.enginehub.piston.impl.CommandParser/]: [0j0grocdhy04j]: started parsing
[08Dec2025 00:30:31.153] [Server thread/DEBUG] [org.enginehub.piston.impl.CommandParser/]: [0j0grocdhy04j]: Finished looking at arguments. Finalizing command.
[08Dec2025 00:30:38.916] [Server thread/INFO] [net.minecraft.server.network.ServerGamePacketListenerImpl/]: Lin4Pepi issued server command: //paste
[08Dec2025 00:30:38.916] [Server thread/DEBUG] [org.enginehub.piston.impl.CommandParser/]: [00z8nhvm13ypl]: started parsing
[08Dec2025 00:30:38.916] [Server thread/DEBUG] [org.enginehub.piston.impl.CommandParser/]: [00z8nhvm13ypl]: Finished looking at arguments. Finalizing command.
[08Dec2025 00:30:41.462] [Server thread/INFO] [net.minecraft.server.network.ServerGamePacketListenerImpl/]: Lin4Pepi issued server command: //paste
[08Dec2025 00:30:41.463] [Server thread/DEBUG] [org.enginehub.piston.impl.CommandParser/]: [00ldnen4z987u]: started parsing
[08Dec2025 00:30:41.463] [Server thread/DEBUG] [org.enginehub.piston.impl.CommandParser/]: [00ldnen4z987u]: Finished looking at arguments. Finalizing command.
[08Dec2025 00:30:43.995] [Server thread/INFO] [net.minecraft.server.network.ServerGamePacketListenerImpl/]: Lin4Pepi issued server command: //paste
[08Dec2025 00:30:43.996] [Server thread/DEBUG] [org.enginehub.piston.impl.CommandParser/]: [121nw3k0efyz3]: started parsing
[08Dec2025 00:30:43.996] [Server thread/DEBUG] [org.enginehub.piston.impl.CommandParser/]: [121nw3k0efyz3]: Finished looking at arguments. Finalizing command.
[08Dec2025 00:30:46.536] [Server thread/INFO] [net.minecraft.server.network.ServerGamePacketListenerImpl/]: Lin4Pepi issued server command: //paste
[08Dec2025 00:30:46.536] [Server thread/DEBUG] [org.enginehub.piston.impl.CommandParser/]: [18q9yy1nu80sw]: started parsing
[08Dec2025 00:30:46.536] [Server thread/DEBUG] [org.enginehub.piston.impl.CommandParser/]: [18q9yy1nu80sw]: Finished looking at arguments. Finalizing command.
[08Dec2025 00:30:49.439] [Server thread/INFO] [net.minecraft.server.network.ServerGamePacketListenerImpl/]: Lin4Pepi issued server command: //paste
[08Dec2025 00:30:49.440] [Server thread/DEBUG] [org.enginehub.piston.impl.CommandParser/]: [1jpzl5alcj441]: started parsing
[08Dec2025 00:30:49.440] [Server thread/DEBUG] [org.enginehub.piston.impl.CommandParser/]: [1jpzl5alcj441]: Finished looking at arguments. Finalizing command.
[08Dec2025 00:30:51.651] [Server thread/INFO] [net.minecraft.server.network.ServerGamePacketListenerImpl/]: Lin4Pepi issued server command: //paste
[08Dec2025 00:30:51.651] [Server thread/DEBUG] [org.enginehub.piston.impl.CommandParser/]: [1asgp1gnyxmfd]: started parsing
[08Dec2025 00:30:51.651] [Server thread/DEBUG] [org.enginehub.piston.impl.CommandParser/]: [1asgp1gnyxmfd]: Finished looking at arguments. Finalizing command.
[08Dec2025 00:30:53.737] [Server thread/INFO] [net.minecraft.server.network.ServerGamePacketListenerImpl/]: Lin4Pepi issued server command: //paste
[08Dec2025 00:30:53.737] [Server thread/DEBUG] [org.enginehub.piston.impl.CommandParser/]: [10zb3knf3jk2t]: started parsing
[08Dec2025 00:30:53.737] [Server thread/DEBUG] [org.enginehub.piston.impl.CommandParser/]: [10zb3knf3jk2t]: Finished looking at arguments. Finalizing command.
[08Dec2025 00:30:55.719] [Server thread/INFO] [net.minecraft.server.network.ServerGamePacketListenerImpl/]: Lin4Pepi issued server command: //paste
[08Dec2025 00:30:55.719] [Server thread/DEBUG] [org.enginehub.piston.impl.CommandParser/]: [075pn3dj3ehqz]: started parsing
[08Dec2025 00:30:55.719] [Server thread/DEBUG] [org.enginehub.piston.impl.CommandParser/]: [075pn3dj3ehqz]: Finished looking at arguments. Finalizing command.
[08Dec2025 00:30:57.867] [Server thread/INFO] [net.minecraft.server.network.ServerGamePacketListenerImpl/]: Lin4Pepi issued server command: //paste
[08Dec2025 00:30:57.867] [Server thread/DEBUG] [org.enginehub.piston.impl.CommandParser/]: [0xrv0o07xp401]: started parsing
[08Dec2025 00:30:57.867] [Server thread/DEBUG] [org.enginehub.piston.impl.CommandParser/]: [0xrv0o07xp401]: Finished looking at arguments. Finalizing command.
[08Dec2025 00:31:00.813] [Server thread/INFO] [net.minecraft.server.network.ServerGamePacketListenerImpl/]: Lin4Pepi issued server command: //paste
[08Dec2025 00:31:00.813] [Server thread/DEBUG] [org.enginehub.piston.impl.CommandParser/]: [0q32gy845p9uh]: started parsing
[08Dec2025 00:31:00.813] [Server thread/DEBUG] [org.enginehub.piston.impl.CommandParser/]: [0q32gy845p9uh]: Finished looking at arguments. Finalizing command.
[08Dec2025 00:31:06.799] [Server thread/INFO] [net.minecraft.server.network.ServerGamePacketListenerImpl/]: Lin4Pepi issued server command: //paste
[08Dec2025 00:31:06.799] [Server thread/DEBUG] [org.enginehub.piston.impl.CommandParser/]: [1hqpiqom1mq9t]: started parsing
[08Dec2025 00:31:06.800] [Server thread/DEBUG] [org.enginehub.piston.impl.CommandParser/]: [1hqpiqom1mq9t]: Finished looking at arguments. Finalizing command.
[08Dec2025 00:31:13.035] [Server thread/INFO] [net.minecraft.server.network.ServerGamePacketListenerImpl/]: Lin4Pepi issued server command: //paste
[08Dec2025 00:31:13.035] [Server thread/DEBUG] [org.enginehub.piston.impl.CommandParser/]: [0qr2sktbjitww]: started parsing
[08Dec2025 00:31:13.035] [Server thread/DEBUG] [org.enginehub.piston.impl.CommandParser/]: [0qr2sktbjitww]: Finished looking at arguments. Finalizing command.
[08Dec2025 00:31:15.991] [Server thread/INFO] [net.minecraft.server.network.ServerGamePacketListenerImpl/]: Lin4Pepi issued server command: //paste
[08Dec2025 00:31:15.992] [Server thread/DEBUG] [org.enginehub.piston.impl.CommandParser/]: [010oh9qyj9mms]: started parsing
[08Dec2025 00:31:15.992] [Server thread/DEBUG] [org.enginehub.piston.impl.CommandParser/]: [010oh9qyj9mms]: Finished looking at arguments. Finalizing command.
[08Dec2025 00:31:18.623] [Server thread/INFO] [net.minecraft.server.network.ServerGamePacketListenerImpl/]: Lin4Pepi issued server command: //paste
[08Dec2025 00:31:18.623] [Server thread/DEBUG] [org.enginehub.piston.impl.CommandParser/]: [1vqfnvpv1uv4j]: started parsing
[08Dec2025 00:31:18.623] [Server thread/DEBUG] [org.enginehub.piston.impl.CommandParser/]: [1vqfnvpv1uv4j]: Finished looking at arguments. Finalizing command.
[08Dec2025 00:31:21.289] [Server thread/INFO] [net.minecraft.server.network.ServerGamePacketListenerImpl/]: Lin4Pepi issued server command: //paste
[08Dec2025 00:31:21.289] [Server thread/DEBUG] [org.enginehub.piston.impl.CommandParser/]: [01kz94w51eabk]: started parsing
[08Dec2025 00:31:21.289] [Server thread/DEBUG] [org.enginehub.piston.impl.CommandParser/]: [01kz94w51eabk]: Finished looking at arguments. Finalizing command.
[08Dec2025 00:31:23.341] [Server thread/INFO] [net.minecraft.server.network.ServerGamePacketListenerImpl/]: Lin4Pepi issued server command: //paste
[08Dec2025 00:31:23.341] [Server thread/DEBUG] [org.enginehub.piston.impl.CommandParser/]: [1kkrgs89i5aye]: started parsing
[08Dec2025 00:31:23.341] [Server thread/DEBUG] [org.enginehub.piston.impl.CommandParser/]: [1kkrgs89i5aye]: Finished looking at arguments. Finalizing command.
[08Dec2025 00:31:26.251] [Server thread/INFO] [net.minecraft.server.network.ServerGamePacketListenerImpl/]: Lin4Pepi issued server command: //paste
[08Dec2025 00:31:26.251] [Server thread/DEBUG] [org.enginehub.piston.impl.CommandParser/]: [1sbbjfomv1jx5]: started parsing
[08Dec2025 00:31:26.251] [Server thread/DEBUG] [org.enginehub.piston.impl.CommandParser/]: [1sbbjfomv1jx5]: Finished looking at arguments. Finalizing command.
[08Dec2025 00:32:46.976] [Server thread/INFO] [net.minecraft.server.network.ServerGamePacketListenerImpl/]: Lin4Pepi issued server command: //copy
[08Dec2025 00:32:46.977] [Server thread/DEBUG] [org.enginehub.piston.impl.CommandParser/]: [0xgn5znwbllan]: started parsing
[08Dec2025 00:32:46.977] [Server thread/DEBUG] [org.enginehub.piston.impl.CommandParser/]: [0xgn5znwbllan]: Finished looking at arguments. Finalizing command.
[08Dec2025 00:32:48.926] [Server thread/DEBUG] [org.enginehub.piston.impl.CommandParser/]: [1ml7d1tcsag6g]: started parsing
[08Dec2025 00:32:48.926] [Server thread/DEBUG] [org.enginehub.piston.impl.CommandParser/]: [1ml7d1tcsag6g]: Consuming argument ``
[08Dec2025 00:32:48.954] [Server thread/DEBUG] [org.enginehub.piston.impl.CommandParser/]: [0zjexsm8ikmue]: started parsing
[08Dec2025 00:32:48.954] [Server thread/DEBUG] [org.enginehub.piston.impl.CommandParser/]: [0zjexsm8ikmue]: Consuming argument `1`
[08Dec2025 00:32:48.954] [Server thread/DEBUG] [org.enginehub.piston.impl.CommandParser/]: [0zjexsm8ikmue]: Finished looking at arguments. Finalizing command.
[08Dec2025 00:32:49.056] [Server thread/DEBUG] [org.enginehub.piston.impl.CommandParser/]: [1e0d3h418gmle]: started parsing
[08Dec2025 00:32:49.056] [Server thread/DEBUG] [org.enginehub.piston.impl.CommandParser/]: [1e0d3h418gmle]: Consuming argument `18`
[08Dec2025 00:32:49.056] [Server thread/DEBUG] [org.enginehub.piston.impl.CommandParser/]: [1e0d3h418gmle]: Finished looking at arguments. Finalizing command.
[08Dec2025 00:32:49.216] [Server thread/DEBUG] [org.enginehub.piston.impl.CommandParser/]: [1azsems7jrwyg]: started parsing
[08Dec2025 00:32:49.216] [Server thread/DEBUG] [org.enginehub.piston.impl.CommandParser/]: [1azsems7jrwyg]: Consuming argument `180`
[08Dec2025 00:32:49.216] [Server thread/DEBUG] [org.enginehub.piston.impl.CommandParser/]: [1azsems7jrwyg]: Finished looking at arguments. Finalizing command.
[08Dec2025 00:32:49.422] [Server thread/INFO] [net.minecraft.server.network.ServerGamePacketListenerImpl/]: Lin4Pepi issued server command: //rotate 180
[08Dec2025 00:32:49.422] [Server thread/DEBUG] [org.enginehub.piston.impl.CommandParser/]: [1kjy2eq0tp8k5]: started parsing
[08Dec2025 00:32:49.422] [Server thread/DEBUG] [org.enginehub.piston.impl.CommandParser/]: [1kjy2eq0tp8k5]: Consuming argument `180`
[08Dec2025 00:32:49.422] [Server thread/DEBUG] [org.enginehub.piston.impl.CommandParser/]: [1kjy2eq0tp8k5]: Finished looking at arguments. Finalizing command.
[08Dec2025 00:32:58.652] [Server thread/INFO] [net.minecraft.server.network.ServerGamePacketListenerImpl/]: Lin4Pepi issued server command: //paste
[08Dec2025 00:32:58.653] [Server thread/DEBUG] [org.enginehub.piston.impl.CommandParser/]: [1vghw4b581ryf]: started parsing
[08Dec2025 00:32:58.653] [Server thread/DEBUG] [org.enginehub.piston.impl.CommandParser/]: [1vghw4b581ryf]: Finished looking at arguments. Finalizing command.
[08Dec2025 00:33:15.977] [Server thread/INFO] [net.minecraft.server.network.ServerGamePacketListenerImpl/]: Lin4Pepi issued server command: //copy
[08Dec2025 00:33:15.978] [Server thread/DEBUG] [org.enginehub.piston.impl.CommandParser/]: [1a9oru6bmv3qj]: started parsing
[08Dec2025 00:33:15.978] [Server thread/DEBUG] [org.enginehub.piston.impl.CommandParser/]: [1a9oru6bmv3qj]: Finished looking at arguments. Finalizing command.
[08Dec2025 00:33:22.793] [Server thread/INFO] [net.minecraft.server.network.ServerGamePacketListenerImpl/]: Lin4Pepi issued server command: //paste
[08Dec2025 00:33:22.794] [Server thread/DEBUG] [org.enginehub.piston.impl.CommandParser/]: [0u9f12tfb36bq]: started parsing
[08Dec2025 00:33:22.794] [Server thread/DEBUG] [org.enginehub.piston.impl.CommandParser/]: [0u9f12tfb36bq]: Finished looking at arguments. Finalizing command.
[08Dec2025 00:33:28.435] [Server thread/INFO] [net.minecraft.server.network.ServerGamePacketListenerImpl/]: Lin4Pepi issued server command: //paste
[08Dec2025 00:33:28.435] [Server thread/DEBUG] [org.enginehub.piston.impl.CommandParser/]: [1m5zlidu8mv6a]: started parsing
[08Dec2025 00:33:28.435] [Server thread/DEBUG] [org.enginehub.piston.impl.CommandParser/]: [1m5zlidu8mv6a]: Finished looking at arguments. Finalizing command.
[08Dec2025 00:33:59.950] [Server thread/DEBUG] [net.minecraftforge.common.ForgeHooks/WP]: Gathering id map for writing to world save Squid Alpaca Games
[08Dec2025 00:33:59.954] [Server thread/DEBUG] [net.minecraftforge.common.ForgeHooks/WP]: ID Map collection complete Squid Alpaca Games
[08Dec2025 00:38:59.951] [Server thread/DEBUG] [net.minecraftforge.common.ForgeHooks/WP]: Gathering id map for writing to world save Squid Alpaca Games
[08Dec2025 00:38:59.955] [Server thread/DEBUG] [net.minecraftforge.common.ForgeHooks/WP]: ID Map collection complete Squid Alpaca Games
[08Dec2025 00:40:28.998] [Server thread/DEBUG] [org.enginehub.piston.impl.CommandParser/]: [0vhb623a4x6hw]: started parsing
[08Dec2025 00:40:28.998] [Server thread/DEBUG] [org.enginehub.piston.impl.CommandParser/]: [0vhb623a4x6hw]: Consuming argument ``
[08Dec2025 00:40:29.698] [Server thread/DEBUG] [org.enginehub.piston.impl.CommandParser/]: [1ll1tupqjt4p8]: started parsing
[08Dec2025 00:40:29.698] [Server thread/DEBUG] [org.enginehub.piston.impl.CommandParser/]: [1ll1tupqjt4p8]: Consuming argument `1`
[08Dec2025 00:40:29.698] [Server thread/DEBUG] [org.enginehub.piston.impl.CommandParser/]: [1ll1tupqjt4p8]: Finished looking at arguments. Finalizing command.
[08Dec2025 00:40:29.782] [Server thread/INFO] [net.minecraft.server.network.ServerGamePacketListenerImpl/]: Lin4Pepi issued server command: //set 1
[08Dec2025 00:40:29.783] [Server thread/DEBUG] [org.enginehub.piston.impl.CommandParser/]: [1uxpmpkqqbynb]: started parsing
[08Dec2025 00:40:29.783] [Server thread/DEBUG] [org.enginehub.piston.impl.CommandParser/]: [1uxpmpkqqbynb]: Consuming argument `1`
[08Dec2025 00:40:29.783] [Server thread/DEBUG] [org.enginehub.piston.impl.CommandParser/]: [1uxpmpkqqbynb]: Finished looking at arguments. Finalizing command.
[08Dec2025 00:40:32.351] [Server thread/INFO] [net.minecraft.server.network.ServerGamePacketListenerImpl/]: Lin4Pepi issued server command: //undo
[08Dec2025 00:40:32.351] [Server thread/DEBUG] [org.enginehub.piston.impl.CommandParser/]: [08tzzid0qarxa]: started parsing
[08Dec2025 00:40:32.351] [Server thread/DEBUG] [org.enginehub.piston.impl.CommandParser/]: [08tzzid0qarxa]: Finished looking at arguments. Finalizing command.
[08Dec2025 00:40:33.577] [Server thread/DEBUG] [org.enginehub.piston.impl.CommandParser/]: [19pc6v9qz8vcx]: started parsing
[08Dec2025 00:40:33.578] [Server thread/DEBUG] [org.enginehub.piston.impl.CommandParser/]: [19pc6v9qz8vcx]: Consuming argument ``
[08Dec2025 00:40:33.656] [Server thread/DEBUG] [org.enginehub.piston.impl.CommandParser/]: [1j2g0mhx8r13e]: started parsing
[08Dec2025 00:40:33.656] [Server thread/DEBUG] [org.enginehub.piston.impl.CommandParser/]: [1j2g0mhx8r13e]: Consuming argument `0`
[08Dec2025 00:40:33.656] [Server thread/DEBUG] [org.enginehub.piston.impl.CommandParser/]: [1j2g0mhx8r13e]: Finished looking at arguments. Finalizing command.
[08Dec2025 00:40:33.765] [Server thread/DEBUG] [org.enginehub.piston.impl.CommandParser/]: [17x1ik9sbnizn]: started parsing
[08Dec2025 00:40:33.765] [Server thread/DEBUG] [org.enginehub.piston.impl.CommandParser/]: [17x1ik9sbnizn]: Consuming argument `0`
[08Dec2025 00:40:33.782] [Server thread/DEBUG] [org.enginehub.piston.impl.CommandParser/]: [17x1ik9sbnizn]: Consuming argument ``
[08Dec2025 00:40:33.897] [Server thread/DEBUG] [org.enginehub.piston.impl.CommandParser/]: [0ol36byyrfqnx]: started parsing
[08Dec2025 00:40:33.897] [Server thread/DEBUG] [org.enginehub.piston.impl.CommandParser/]: [0ol36byyrfqnx]: Consuming argument `0`
[08Dec2025 00:40:33.897] [Server thread/DEBUG] [org.enginehub.piston.impl.CommandParser/]: [0ol36byyrfqnx]: Consuming argument `1`
[08Dec2025 00:40:33.897] [Server thread/DEBUG] [org.enginehub.piston.impl.CommandParser/]: [0ol36byyrfqnx]: Finished looking at arguments. Finalizing command.
[08Dec2025 00:40:34.131] [Server thread/INFO] [net.minecraft.server.network.ServerGamePacketListenerImpl/]: Lin4Pepi issued server command: //replace 0 1
[08Dec2025 00:40:34.131] [Server thread/DEBUG] [org.enginehub.piston.impl.CommandParser/]: [0667k8s53x517]: started parsing
[08Dec2025 00:40:34.131] [Server thread/DEBUG] [org.enginehub.piston.impl.CommandParser/]: [0667k8s53x517]: Consuming argument `0`
[08Dec2025 00:40:34.131] [Server thread/DEBUG] [org.enginehub.piston.impl.CommandParser/]: [0667k8s53x517]: Consuming argument `1`
[08Dec2025 00:40:34.131] [Server thread/DEBUG] [org.enginehub.piston.impl.CommandParser/]: [0667k8s53x517]: Finished looking at arguments. Finalizing command.
[08Dec2025 00:40:35.005] [Server thread/DEBUG] [org.enginehub.piston.impl.CommandParser/]: [104jk7u48i908]: started parsing
[08Dec2025 00:40:35.005] [Server thread/DEBUG] [org.enginehub.piston.impl.CommandParser/]: [104jk7u48i908]: Consuming argument `0`
[08Dec2025 00:40:35.005] [Server thread/DEBUG] [org.enginehub.piston.impl.CommandParser/]: [104jk7u48i908]: Consuming argument `1`
[08Dec2025 00:40:35.005] [Server thread/DEBUG] [org.enginehub.piston.impl.CommandParser/]: [104jk7u48i908]: Finished looking at arguments. Finalizing command.
[08Dec2025 00:40:35.005] [Server thread/DEBUG] [org.enginehub.piston.impl.CommandParser/]: [0r9gb56hn2jxl]: started parsing
[08Dec2025 00:40:35.005] [Server thread/DEBUG] [org.enginehub.piston.impl.CommandParser/]: [0r9gb56hn2jxl]: Consuming argument `0`
[08Dec2025 00:40:35.005] [Server thread/DEBUG] [org.enginehub.piston.impl.CommandParser/]: [0r9gb56hn2jxl]: Consuming argument `1`
[08Dec2025 00:40:35.005] [Server thread/DEBUG] [org.enginehub.piston.impl.CommandParser/]: [0r9gb56hn2jxl]: Finished looking at arguments. Finalizing command.
[08Dec2025 00:42:03.064] [Server thread/INFO] [net.minecraft.server.MinecraftServer/]: Lin4Pepi has made the advancement [Stone Age]
[08Dec2025 00:42:30.264] [Server thread/DEBUG] [org.enginehub.piston.impl.CommandParser/]: [0lxitfdks5dk5]: started parsing
[08Dec2025 00:42:30.264] [Server thread/DEBUG] [org.enginehub.piston.impl.CommandParser/]: [0lxitfdks5dk5]: Consuming argument ``
[08Dec2025 00:42:30.275] [Server thread/DEBUG] [org.enginehub.piston.impl.CommandParser/]: [0wke3trop037o]: started parsing
[08Dec2025 00:42:30.275] [Server thread/DEBUG] [org.enginehub.piston.impl.CommandParser/]: [0wke3trop037o]: Consuming argument `t`
[08Dec2025 00:42:30.291] [Server thread/DEBUG] [org.enginehub.piston.impl.CommandParser/]: [0h41f4o5c06yf]: started parsing
[08Dec2025 00:42:30.291] [Server thread/DEBUG] [org.enginehub.piston.impl.CommandParser/]: [0h41f4o5c06yf]: Consuming argument `t`
[08Dec2025 00:42:30.372] [Server thread/DEBUG] [org.enginehub.piston.impl.CommandParser/]: [076y26j7gc3bf]: started parsing
[08Dec2025 00:42:30.372] [Server thread/DEBUG] [org.enginehub.piston.impl.CommandParser/]: [076y26j7gc3bf]: Consuming argument `t`
[08Dec2025 00:42:30.590] [Server thread/INFO] [net.minecraft.server.network.ServerGamePacketListenerImpl/]: Lin4Pepi issued server command: //set t 0
[08Dec2025 00:42:30.590] [Server thread/DEBUG] [org.enginehub.piston.impl.CommandParser/]: [0esheqsj0g2iz]: started parsing
[08Dec2025 00:42:30.590] [Server thread/DEBUG] [org.enginehub.piston.impl.CommandParser/]: [0esheqsj0g2iz]: Consuming argument `t`
[08Dec2025 00:42:31.225] [Server thread/DEBUG] [org.enginehub.piston.impl.CommandParser/]: [1qy4j7ipcts4v]: started parsing
[08Dec2025 00:42:31.225] [Server thread/DEBUG] [org.enginehub.piston.impl.CommandParser/]: [1qy4j7ipcts4v]: Consuming argument `t`
[08Dec2025 00:42:31.225] [Server thread/DEBUG] [org.enginehub.piston.impl.CommandParser/]: [195z90ct9agei]: started parsing
[08Dec2025 00:42:31.225] [Server thread/DEBUG] [org.enginehub.piston.impl.CommandParser/]: [195z90ct9agei]: Consuming argument `t`
[08Dec2025 00:42:32.186] [Server thread/DEBUG] [org.enginehub.piston.impl.CommandParser/]: [0zlidrdf7qosx]: started parsing
[08Dec2025 00:42:32.186] [Server thread/DEBUG] [org.enginehub.piston.impl.CommandParser/]: [0zlidrdf7qosx]: Consuming argument `t`
[08Dec2025 00:42:32.351] [Server thread/DEBUG] [org.enginehub.piston.impl.CommandParser/]: [1ofjmch5sjojo]: started parsing
[08Dec2025 00:42:32.351] [Server thread/DEBUG] [org.enginehub.piston.impl.CommandParser/]: [1ofjmch5sjojo]: Consuming argument `t`
[08Dec2025 00:42:32.586] [Server thread/DEBUG] [org.enginehub.piston.impl.CommandParser/]: [01bwm63pisddw]: started parsing
[08Dec2025 00:42:32.586] [Server thread/DEBUG] [org.enginehub.piston.impl.CommandParser/]: [01bwm63pisddw]: Consuming argument ``
[08Dec2025 00:42:33.317] [Server thread/INFO] [net.minecraft.server.network.ServerGamePacketListenerImpl/]: Lin4Pepi issued server command: //set 0
[08Dec2025 00:42:33.317] [Server thread/DEBUG] [org.enginehub.piston.impl.CommandParser/]: [0kwr5g1o5te1c]: started parsing
[08Dec2025 00:42:33.317] [Server thread/DEBUG] [org.enginehub.piston.impl.CommandParser/]: [0kwr5g1o5te1c]: Consuming argument `0`
[08Dec2025 00:42:33.317] [Server thread/DEBUG] [org.enginehub.piston.impl.CommandParser/]: [0kwr5g1o5te1c]: Finished looking at arguments. Finalizing command.
[08Dec2025 00:43:26.513] [Server thread/DEBUG] [org.enginehub.piston.impl.CommandParser/]: [16iudezxjrokz]: started parsing
[08Dec2025 00:43:26.513] [Server thread/DEBUG] [org.enginehub.piston.impl.CommandParser/]: [16iudezxjrokz]: Consuming argument ``
[08Dec2025 00:43:26.573] [Server thread/DEBUG] [org.enginehub.piston.impl.CommandParser/]: [11gupgea4e09x]: started parsing
[08Dec2025 00:43:26.573] [Server thread/DEBUG] [org.enginehub.piston.impl.CommandParser/]: [11gupgea4e09x]: Consuming argument `1`
[08Dec2025 00:43:26.573] [Server thread/DEBUG] [org.enginehub.piston.impl.CommandParser/]: [11gupgea4e09x]: Finished looking at arguments. Finalizing command.
[08Dec2025 00:43:26.819] [Server thread/INFO] [net.minecraft.server.network.ServerGamePacketListenerImpl/]: Lin4Pepi issued server command: //set 1
[08Dec2025 00:43:26.819] [Server thread/DEBUG] [org.enginehub.piston.impl.CommandParser/]: [0i8bl232iiz2k]: started parsing
[08Dec2025 00:43:26.819] [Server thread/DEBUG] [org.enginehub.piston.impl.CommandParser/]: [0i8bl232iiz2k]: Consuming argument `1`
[08Dec2025 00:43:26.819] [Server thread/DEBUG] [org.enginehub.piston.impl.CommandParser/]: [0i8bl232iiz2k]: Finished looking at arguments. Finalizing command.
[08Dec2025 00:43:40.679] [Server thread/DEBUG] [org.enginehub.piston.impl.CommandParser/]: [04nrsjqvpsqyl]: started parsing
[08Dec2025 00:43:40.679] [Server thread/DEBUG] [org.enginehub.piston.impl.CommandParser/]: [04nrsjqvpsqyl]: Consuming argument `1`
[08Dec2025 00:43:40.679] [Server thread/DEBUG] [org.enginehub.piston.impl.CommandParser/]: [04nrsjqvpsqyl]: Finished looking at arguments. Finalizing command.
[08Dec2025 00:43:40.679] [Server thread/DEBUG] [org.enginehub.piston.impl.CommandParser/]: [0vqcst26g4b1x]: started parsing
[08Dec2025 00:43:40.679] [Server thread/DEBUG] [org.enginehub.piston.impl.CommandParser/]: [0vqcst26g4b1x]: Consuming argument `1`
[08Dec2025 00:43:40.679] [Server thread/DEBUG] [org.enginehub.piston.impl.CommandParser/]: [0vqcst26g4b1x]: Finished looking at arguments. Finalizing command.
[08Dec2025 00:43:41.050] [Server thread/INFO] [net.minecraft.server.network.ServerGamePacketListenerImpl/]: Lin4Pepi issued server command: //set 1
[08Dec2025 00:43:41.051] [Server thread/DEBUG] [org.enginehub.piston.impl.CommandParser/]: [0uorggfcimgm5]: started parsing
[08Dec2025 00:43:41.051] [Server thread/DEBUG] [org.enginehub.piston.impl.CommandParser/]: [0uorggfcimgm5]: Consuming argument `1`
[08Dec2025 00:43:41.051] [Server thread/DEBUG] [org.enginehub.piston.impl.CommandParser/]: [0uorggfcimgm5]: Finished looking at arguments. Finalizing command.
[08Dec2025 00:43:59.862] [Server thread/DEBUG] [net.minecraftforge.common.ForgeHooks/WP]: Gathering id map for writing to world save Squid Alpaca Games
[08Dec2025 00:43:59.866] [Server thread/DEBUG] [net.minecraftforge.common.ForgeHooks/WP]: ID Map collection complete Squid Alpaca Games
[08Dec2025 00:45:03.596] [Server thread/DEBUG] [org.enginehub.piston.impl.CommandParser/]: [03lh0i2a3vrmr]: started parsing
[08Dec2025 00:45:03.596] [Server thread/DEBUG] [org.enginehub.piston.impl.CommandParser/]: [03lh0i2a3vrmr]: Consuming argument `1`
[08Dec2025 00:45:03.597] [Server thread/DEBUG] [org.enginehub.piston.impl.CommandParser/]: [03lh0i2a3vrmr]: Finished looking at arguments. Finalizing command.
[08Dec2025 00:45:03.601] [Server thread/DEBUG] [org.enginehub.piston.impl.CommandParser/]: [0mquzza7ksabq]: started parsing
[08Dec2025 00:45:03.601] [Server thread/DEBUG] [org.enginehub.piston.impl.CommandParser/]: [0mquzza7ksabq]: Consuming argument `1`
[08Dec2025 00:45:03.601] [Server thread/DEBUG] [org.enginehub.piston.impl.CommandParser/]: [0mquzza7ksabq]: Finished looking at arguments. Finalizing command.
[08Dec2025 00:45:04.105] [Server thread/INFO] [net.minecraft.server.network.ServerGamePacketListenerImpl/]: Lin4Pepi issued server command: //set 1
[08Dec2025 00:45:04.105] [Server thread/DEBUG] [org.enginehub.piston.impl.CommandParser/]: [1tq1kt4u3m2vo]: started parsing
[08Dec2025 00:45:04.105] [Server thread/DEBUG] [org.enginehub.piston.impl.CommandParser/]: [1tq1kt4u3m2vo]: Consuming argument `1`
[08Dec2025 00:45:04.105] [Server thread/DEBUG] [org.enginehub.piston.impl.CommandParser/]: [1tq1kt4u3m2vo]: Finished looking at arguments. Finalizing command.
[08Dec2025 00:45:20.227] [Server thread/INFO] [net.minecraft.server.network.ServerGamePacketListenerImpl/]: Lin4Pepi issued server command: /gamemode spectator
[08Dec2025 00:45:20.228] [Server thread/INFO] [net.minecraft.server.MinecraftServer/]: [Lin4Pepi: Set own game mode to Spectator Mode]
[08Dec2025 00:45:22.156] [Server thread/INFO] [net.minecraft.server.network.ServerGamePacketListenerImpl/]: Lin4Pepi issued server command: /gamemode adventure
[08Dec2025 00:45:22.156] [Server thread/INFO] [net.minecraft.server.MinecraftServer/]: [Lin4Pepi: Set own game mode to Adventure Mode]
[08Dec2025 00:45:23.321] [Server thread/INFO] [net.minecraft.server.network.ServerGamePacketListenerImpl/]: Lin4Pepi issued server command: /gamemode spectator
[08Dec2025 00:45:23.322] [Server thread/INFO] [net.minecraft.server.MinecraftServer/]: [Lin4Pepi: Set own game mode to Spectator Mode]
[08Dec2025 00:45:24.469] [Server thread/INFO] [net.minecraft.server.network.ServerGamePacketListenerImpl/]: Lin4Pepi issued server command: /gamemode creative
[08Dec2025 00:45:24.469] [Server thread/INFO] [net.minecraft.server.MinecraftServer/]: [Lin4Pepi: Set own game mode to Creative Mode]
[08Dec2025 00:45:38.939] [Server thread/DEBUG] [org.enginehub.piston.impl.CommandParser/]: [1aff4tw8vdwlb]: started parsing
[08Dec2025 00:45:38.939] [Server thread/DEBUG] [org.enginehub.piston.impl.CommandParser/]: [1aff4tw8vdwlb]: Consuming argument ``
[08Dec2025 00:45:40.305] [Server thread/DEBUG] [org.enginehub.piston.impl.CommandParser/]: [12d0gs8qqjdua]: started parsing
[08Dec2025 00:45:40.305] [Server thread/DEBUG] [org.enginehub.piston.impl.CommandParser/]: [12d0gs8qqjdua]: Consuming argument `m`
[08Dec2025 00:45:40.469] [Server thread/DEBUG] [org.enginehub.piston.impl.CommandParser/]: [19f2ehrttsj9m]: started parsing
[08Dec2025 00:45:40.469] [Server thread/DEBUG] [org.enginehub.piston.impl.CommandParser/]: [19f2ehrttsj9m]: Consuming argument `mi`
[08Dec2025 00:45:41.393] [Server thread/DEBUG] [org.enginehub.piston.impl.CommandParser/]: [1y0anemykp52p]: started parsing
[08Dec2025 00:45:41.393] [Server thread/DEBUG] [org.enginehub.piston.impl.CommandParser/]: [1y0anemykp52p]: Consuming argument `minecraft`
[08Dec2025 00:45:42.167] [Server thread/DEBUG] [org.enginehub.piston.impl.CommandParser/]: [1ckb0pe3u3zct]: started parsing
[08Dec2025 00:45:42.167] [Server thread/DEBUG] [org.enginehub.piston.impl.CommandParser/]: [1ckb0pe3u3zct]: Consuming argument `minecraft:`
[08Dec2025 00:45:42.645] [Server thread/DEBUG] [org.enginehub.piston.impl.CommandParser/]: [1oa6pqdh7hqtm]: started parsing
[08Dec2025 00:45:42.645] [Server thread/DEBUG] [org.enginehub.piston.impl.CommandParser/]: [1oa6pqdh7hqtm]: Consuming argument `minecraft:`
[08Dec2025 00:45:44.079] [Server thread/DEBUG] [org.enginehub.piston.impl.CommandParser/]: [0i2ncv8p9ozs1]: started parsing
[08Dec2025 00:45:44.080] [Server thread/DEBUG] [org.enginehub.piston.impl.CommandParser/]: [0i2ncv8p9ozs1]: Consuming argument `minecraft:s`
[08Dec2025 00:45:44.221] [Server thread/DEBUG] [org.enginehub.piston.impl.CommandParser/]: [1n80rk0f4f694]: started parsing
[08Dec2025 00:45:44.221] [Server thread/DEBUG] [org.enginehub.piston.impl.CommandParser/]: [1n80rk0f4f694]: Consuming argument `minecraft:st`
[08Dec2025 00:45:45.033] [Server thread/DEBUG] [org.enginehub.piston.impl.CommandParser/]: [1v0f2nrixxdwj]: started parsing
[08Dec2025 00:45:45.033] [Server thread/DEBUG] [org.enginehub.piston.impl.CommandParser/]: [1v0f2nrixxdwj]: Consuming argument `minecraft:sto`
[08Dec2025 00:45:45.196] [Server thread/DEBUG] [org.enginehub.piston.impl.CommandParser/]: [1n1q2a86t3dwv]: started parsing
[08Dec2025 00:45:45.196] [Server thread/DEBUG] [org.enginehub.piston.impl.CommandParser/]: [1n1q2a86t3dwv]: Consuming argument `minecraft:ston`
[08Dec2025 00:45:45.279] [Server thread/DEBUG] [org.enginehub.piston.impl.CommandParser/]: [1snzrki8dk9s7]: started parsing
[08Dec2025 00:45:45.279] [Server thread/DEBUG] [org.enginehub.piston.impl.CommandParser/]: [1snzrki8dk9s7]: Consuming argument `minecraft:stone`
[08Dec2025 00:45:45.279] [Server thread/DEBUG] [org.enginehub.piston.impl.CommandParser/]: [1snzrki8dk9s7]: Finished looking at arguments. Finalizing command.
[08Dec2025 00:45:45.963] [Server thread/DEBUG] [org.enginehub.piston.impl.CommandParser/]: [0tbha8fk3emex]: started parsing
[08Dec2025 00:45:45.963] [Server thread/DEBUG] [org.enginehub.piston.impl.CommandParser/]: [0tbha8fk3emex]: Consuming argument `minecraft:stone,`
[08Dec2025 00:45:46.068] [Server thread/DEBUG] [org.enginehub.piston.impl.CommandParser/]: [1rv3zdox6d6zy]: started parsing
[08Dec2025 00:45:46.068] [Server thread/DEBUG] [org.enginehub.piston.impl.CommandParser/]: [1rv3zdox6d6zy]: Consuming argument `minecraft:stone,`
[08Dec2025 00:45:46.713] [Server thread/DEBUG] [org.enginehub.piston.impl.CommandParser/]: [1sto91z6vsq8f]: started parsing
[08Dec2025 00:45:46.713] [Server thread/DEBUG] [org.enginehub.piston.impl.CommandParser/]: [1sto91z6vsq8f]: Consuming argument `minecraft:stone,`
[08Dec2025 00:45:47.051] [Server thread/DEBUG] [org.enginehub.piston.impl.CommandParser/]: [0v1zrj5ym90m6]: started parsing
[08Dec2025 00:45:47.051] [Server thread/DEBUG] [org.enginehub.piston.impl.CommandParser/]: [0v1zrj5ym90m6]: Consuming argument `minecraft:stone,m`
[08Dec2025 00:45:47.581] [Server thread/DEBUG] [org.enginehub.piston.impl.CommandParser/]: [0imagih2oen4r]: started parsing
[08Dec2025 00:45:47.581] [Server thread/DEBUG] [org.enginehub.piston.impl.CommandParser/]: [0imagih2oen4r]: Consuming argument `minecraft:stone,mi`
[08Dec2025 00:45:47.729] [Server thread/DEBUG] [org.enginehub.piston.impl.CommandParser/]: [030qu284r5dg7]: started parsing
[08Dec2025 00:45:47.729] [Server thread/DEBUG] [org.enginehub.piston.impl.CommandParser/]: [030qu284r5dg7]: Consuming argument `minecraft:stone,min`
[08Dec2025 00:45:47.789] [Server thread/DEBUG] [org.enginehub.piston.impl.CommandParser/]: [0qi37zdxnxzr7]: started parsing
[08Dec2025 00:45:47.789] [Server thread/DEBUG] [org.enginehub.piston.impl.CommandParser/]: [0qi37zdxnxzr7]: Consuming argument `minecraft:stone,mine`
[08Dec2025 00:45:48.805] [Server thread/DEBUG] [org.enginehub.piston.impl.CommandParser/]: [0sznvkswh0wow]: started parsing
[08Dec2025 00:45:48.805] [Server thread/DEBUG] [org.enginehub.piston.impl.CommandParser/]: [0sznvkswh0wow]: Consuming argument `minecraft:stone,min`
[08Dec2025 00:45:48.951] [Server thread/DEBUG] [org.enginehub.piston.impl.CommandParser/]: [15ocgftmaj8np]: started parsing
[08Dec2025 00:45:48.951] [Server thread/DEBUG] [org.enginehub.piston.impl.CommandParser/]: [15ocgftmaj8np]: Consuming argument `minecraft:stone,mi`
[08Dec2025 00:45:49.077] [Server thread/DEBUG] [org.enginehub.piston.impl.CommandParser/]: [07h18qzw526d5]: started parsing
[08Dec2025 00:45:49.077] [Server thread/DEBUG] [org.enginehub.piston.impl.CommandParser/]: [07h18qzw526d5]: Consuming argument `minecraft:stone,m`
[08Dec2025 00:45:49.215] [Server thread/DEBUG] [org.enginehub.piston.impl.CommandParser/]: [1porz9htva3r2]: started parsing
[08Dec2025 00:45:49.215] [Server thread/DEBUG] [org.enginehub.piston.impl.CommandParser/]: [1porz9htva3r2]: Consuming argument `minecraft:stone,`
[08Dec2025 00:45:49.343] [Server thread/DEBUG] [org.enginehub.piston.impl.CommandParser/]: [11fozic436axy]: started parsing
[08Dec2025 00:45:49.343] [Server thread/DEBUG] [org.enginehub.piston.impl.CommandParser/]: [11fozic436axy]: Consuming argument `minecraft:stone,s`
[08Dec2025 00:45:49.427] [Server thread/DEBUG] [org.enginehub.piston.impl.CommandParser/]: [1l8an2yhf1l92]: started parsing
[08Dec2025 00:45:49.427] [Server thread/DEBUG] [org.enginehub.piston.impl.CommandParser/]: [1l8an2yhf1l92]: Consuming argument `minecraft:stone,st`
[08Dec2025 00:45:51.515] [Server thread/DEBUG] [org.enginehub.piston.impl.CommandParser/]: [0ybpmlj99a88c]: started parsing
[08Dec2025 00:45:51.515] [Server thread/DEBUG] [org.enginehub.piston.impl.CommandParser/]: [0ybpmlj99a88c]: Consuming argument `minecraft:stone,sto`
[08Dec2025 00:45:51.756] [Server thread/DEBUG] [org.enginehub.piston.impl.CommandParser/]: [1ecwfqdzpeoq5]: started parsing
[08Dec2025 00:45:51.756] [Server thread/DEBUG] [org.enginehub.piston.impl.CommandParser/]: [1ecwfqdzpeoq5]: Consuming argument `minecraft:stone,ston`
[08Dec2025 00:45:51.853] [Server thread/DEBUG] [org.enginehub.piston.impl.CommandParser/]: [1q0qv2z0nv5lf]: started parsing
[08Dec2025 00:45:51.853] [Server thread/DEBUG] [org.enginehub.piston.impl.CommandParser/]: [1q0qv2z0nv5lf]: Consuming argument `minecraft:stone,stone`
[08Dec2025 00:45:51.853] [Server thread/DEBUG] [org.enginehub.piston.impl.CommandParser/]: [1q0qv2z0nv5lf]: Finished looking at arguments. Finalizing command.
[08Dec2025 00:45:52.991] [Server thread/DEBUG] [org.enginehub.piston.impl.CommandParser/]: [0a0rw66jhx6nz]: started parsing
[08Dec2025 00:45:52.991] [Server thread/DEBUG] [org.enginehub.piston.impl.CommandParser/]: [0a0rw66jhx6nz]: Consuming argument `minecraft:stone,stone_`
[08Dec2025 00:45:53.417] [Server thread/DEBUG] [org.enginehub.piston.impl.CommandParser/]: [01rgj1t0w7vlc]: started parsing
[08Dec2025 00:45:53.417] [Server thread/DEBUG] [org.enginehub.piston.impl.CommandParser/]: [01rgj1t0w7vlc]: Consuming argument `minecraft:stone,stone_b`
[08Dec2025 00:45:56.128] [Server thread/INFO] [net.minecraft.server.network.ServerGamePacketListenerImpl/]: Lin4Pepi issued server command: //set minecraft:stone,stone_bricks
[08Dec2025 00:45:56.128] [Server thread/DEBUG] [org.enginehub.piston.impl.CommandParser/]: [1wftrfwclnijh]: started parsing
[08Dec2025 00:45:56.128] [Server thread/DEBUG] [org.enginehub.piston.impl.CommandParser/]: [1wftrfwclnijh]: Consuming argument `minecraft:stone,stone_bricks`
[08Dec2025 00:45:56.128] [Server thread/DEBUG] [org.enginehub.piston.impl.CommandParser/]: [1wftrfwclnijh]: Finished looking at arguments. Finalizing command.
[08Dec2025 00:45:59.207] [Server thread/INFO] [net.minecraft.server.network.ServerGamePacketListenerImpl/]: Lin4Pepi issued server command: /undo
[08Dec2025 00:45:59.207] [Server thread/DEBUG] [org.enginehub.piston.impl.CommandParser/]: [14m58hiwnx0r1]: started parsing
[08Dec2025 00:45:59.207] [Server thread/DEBUG] [org.enginehub.piston.impl.CommandParser/]: [14m58hiwnx0r1]: Finished looking at arguments. Finalizing command.
[08Dec2025 00:46:04.117] [Server thread/DEBUG] [org.enginehub.piston.impl.CommandParser/]: [1lubg6107eny1]: started parsing
[08Dec2025 00:46:04.117] [Server thread/DEBUG] [org.enginehub.piston.impl.CommandParser/]: [1lubg6107eny1]: Consuming argument `minecraft:stone,stone_bricks`
[08Dec2025 00:46:04.117] [Server thread/DEBUG] [org.enginehub.piston.impl.CommandParser/]: [1lubg6107eny1]: Finished looking at arguments. Finalizing command.
[08Dec2025 00:46:04.118] [Server thread/DEBUG] [org.enginehub.piston.impl.CommandParser/]: [1koqhycvona8i]: started parsing
[08Dec2025 00:46:04.118] [Server thread/DEBUG] [org.enginehub.piston.impl.CommandParser/]: [1koqhycvona8i]: Consuming argument `minecraft:stone,stone_bricks`
[08Dec2025 00:46:04.118] [Server thread/DEBUG] [org.enginehub.piston.impl.CommandParser/]: [1koqhycvona8i]: Finished looking at arguments. Finalizing command.
[08Dec2025 00:46:04.595] [Server thread/DEBUG] [org.enginehub.piston.impl.CommandParser/]: [0q2h2hcm4o53e]: started parsing
[08Dec2025 00:46:04.595] [Server thread/DEBUG] [org.enginehub.piston.impl.CommandParser/]: [0q2h2hcm4o53e]: Consuming argument `minecraft:stone,stone_brick`
[08Dec2025 00:46:04.707] [Server thread/DEBUG] [org.enginehub.piston.impl.CommandParser/]: [1007vbgs3d85x]: started parsing
[08Dec2025 00:46:04.707] [Server thread/DEBUG] [org.enginehub.piston.impl.CommandParser/]: [1007vbgs3d85x]: Consuming argument `minecraft:stone,stone_bric`
[08Dec2025 00:46:04.815] [Server thread/DEBUG] [org.enginehub.piston.impl.CommandParser/]: [0bkp23ug5luu2]: started parsing
[08Dec2025 00:46:04.815] [Server thread/DEBUG] [org.enginehub.piston.impl.CommandParser/]: [0bkp23ug5luu2]: Consuming argument `minecraft:stone,stone_bri`
[08Dec2025 00:46:04.946] [Server thread/DEBUG] [org.enginehub.piston.impl.CommandParser/]: [0629qhhj6zbgo]: started parsing
[08Dec2025 00:46:04.946] [Server thread/DEBUG] [org.enginehub.piston.impl.CommandParser/]: [0629qhhj6zbgo]: Consuming argument `minecraft:stone,stone_br`
[08Dec2025 00:46:05.043] [Server thread/DEBUG] [org.enginehub.piston.impl.CommandParser/]: [1u06wlt4htaai]: started parsing
[08Dec2025 00:46:05.043] [Server thread/DEBUG] [org.enginehub.piston.impl.CommandParser/]: [1u06wlt4htaai]: Consuming argument `minecraft:stone,stone_b`
[08Dec2025 00:46:05.156] [Server thread/DEBUG] [org.enginehub.piston.impl.CommandParser/]: [1lgz0bjjycpxb]: started parsing
[08Dec2025 00:46:05.156] [Server thread/DEBUG] [org.enginehub.piston.impl.CommandParser/]: [1lgz0bjjycpxb]: Consuming argument `minecraft:stone,stone_`
[08Dec2025 00:46:05.267] [Server thread/DEBUG] [org.enginehub.piston.impl.CommandParser/]: [0amoxgdho3902]: started parsing
[08Dec2025 00:46:05.267] [Server thread/DEBUG] [org.enginehub.piston.impl.CommandParser/]: [0amoxgdho3902]: Consuming argument `minecraft:stone,stone`
[08Dec2025 00:46:05.267] [Server thread/DEBUG] [org.enginehub.piston.impl.CommandParser/]: [0amoxgdho3902]: Finished looking at arguments. Finalizing command.
[08Dec2025 00:46:05.382] [Server thread/DEBUG] [org.enginehub.piston.impl.CommandParser/]: [12i0xgrhm9rw7]: started parsing
[08Dec2025 00:46:05.382] [Server thread/DEBUG] [org.enginehub.piston.impl.CommandParser/]: [12i0xgrhm9rw7]: Consuming argument `minecraft:stone,ston`
[08Dec2025 00:46:05.503] [Server thread/DEBUG] [org.enginehub.piston.impl.CommandParser/]: [14uk3ig56vszc]: started parsing
[08Dec2025 00:46:05.503] [Server thread/DEBUG] [org.enginehub.piston.impl.CommandParser/]: [14uk3ig56vszc]: Consuming argument `minecraft:stone,sto`
[08Dec2025 00:46:05.635] [Server thread/DEBUG] [org.enginehub.piston.impl.CommandParser/]: [1dlws3ltwx4v5]: started parsing
[08Dec2025 00:46:05.635] [Server thread/DEBUG] [org.enginehub.piston.impl.CommandParser/]: [1dlws3ltwx4v5]: Consuming argument `minecraft:stone,st`
[08Dec2025 00:46:05.735] [Server thread/DEBUG] [org.enginehub.piston.impl.CommandParser/]: [1x1kcvr8nuvkw]: started parsing
[08Dec2025 00:46:05.735] [Server thread/DEBUG] [org.enginehub.piston.impl.CommandParser/]: [1x1kcvr8nuvkw]: Consuming argument `minecraft:stone,s`
[08Dec2025 00:46:05.868] [Server thread/DEBUG] [org.enginehub.piston.impl.CommandParser/]: [1ry19nc0xl3yi]: started parsing
[08Dec2025 00:46:05.868] [Server thread/DEBUG] [org.enginehub.piston.impl.CommandParser/]: [1ry19nc0xl3yi]: Consuming argument `minecraft:stone,`
[08Dec2025 00:46:06.157] [Server thread/DEBUG] [org.enginehub.piston.impl.CommandParser/]: [0f71fjc1bm3gb]: started parsing
[08Dec2025 00:46:06.157] [Server thread/DEBUG] [org.enginehub.piston.impl.CommandParser/]: [0f71fjc1bm3gb]: Consuming argument `minecraft:stone,c`
[08Dec2025 00:46:06.258] [Server thread/DEBUG] [org.enginehub.piston.impl.CommandParser/]: [119nbmzyufv6n]: started parsing
[08Dec2025 00:46:06.258] [Server thread/DEBUG] [org.enginehub.piston.impl.CommandParser/]: [119nbmzyufv6n]: Consuming argument `minecraft:stone,co`
[08Dec2025 00:46:06.573] [Server thread/DEBUG] [org.enginehub.piston.impl.CommandParser/]: [1vthpv7tu1k0i]: started parsing
[08Dec2025 00:46:06.574] [Server thread/DEBUG] [org.enginehub.piston.impl.CommandParser/]: [1vthpv7tu1k0i]: Consuming argument `minecraft:stone,cob`
[08Dec2025 00:46:07.431] [Server thread/DEBUG] [org.enginehub.piston.impl.CommandParser/]: [0cs4jdwkiee6d]: started parsing
[08Dec2025 00:46:07.431] [Server thread/DEBUG] [org.enginehub.piston.impl.CommandParser/]: [0cs4jdwkiee6d]: Consuming argument `minecraft:stone,co`
[08Dec2025 00:46:07.761] [Server thread/DEBUG] [org.enginehub.piston.impl.CommandParser/]: [0a3dafjgrxbat]: started parsing
[08Dec2025 00:46:07.761] [Server thread/DEBUG] [org.enginehub.piston.impl.CommandParser/]: [0a3dafjgrxbat]: Consuming argument `minecraft:stone,cob`
[08Dec2025 00:46:07.890] [Server thread/DEBUG] [org.enginehub.piston.impl.CommandParser/]: [11jcjfy704v5v]: started parsing
[08Dec2025 00:46:07.890] [Server thread/DEBUG] [org.enginehub.piston.impl.CommandParser/]: [11jcjfy704v5v]: Consuming argument `minecraft:stone,cobb`
[08Dec2025 00:46:09.397] [Server thread/INFO] [net.minecraft.server.network.ServerGamePacketListenerImpl/]: Lin4Pepi issued server command: //set minecraft:stone,cobblestone
[08Dec2025 00:46:09.397] [Server thread/DEBUG] [org.enginehub.piston.impl.CommandParser/]: [0019shj392ohe]: started parsing
[08Dec2025 00:46:09.397] [Server thread/DEBUG] [org.enginehub.piston.impl.CommandParser/]: [0019shj392ohe]: Consuming argument `minecraft:stone,cobblestone`
[08Dec2025 00:46:09.397] [Server thread/DEBUG] [org.enginehub.piston.impl.CommandParser/]: [0019shj392ohe]: Finished looking at arguments. Finalizing command.
[08Dec2025 00:46:14.291] [Server thread/INFO] [net.minecraft.server.network.ServerGamePacketListenerImpl/]: Lin4Pepi issued server command: //undo
[08Dec2025 00:46:14.291] [Server thread/DEBUG] [org.enginehub.piston.impl.CommandParser/]: [0q2tdetkujq24]: started parsing
[08Dec2025 00:46:14.291] [Server thread/DEBUG] [org.enginehub.piston.impl.CommandParser/]: [0q2tdetkujq24]: Finished looking at arguments. Finalizing command.
[08Dec2025 00:46:16.561] [Server thread/DEBUG] [org.enginehub.piston.impl.CommandParser/]: [0o33lx0i8wqwy]: started parsing
[08Dec2025 00:46:16.561] [Server thread/DEBUG] [org.enginehub.piston.impl.CommandParser/]: [0o33lx0i8wqwy]: Consuming argument `minecraft:stone,cobblestone`
[08Dec2025 00:46:16.561] [Server thread/DEBUG] [org.enginehub.piston.impl.CommandParser/]: [0o33lx0i8wqwy]: Finished looking at arguments. Finalizing command.
[08Dec2025 00:46:16.561] [Server thread/DEBUG] [org.enginehub.piston.impl.CommandParser/]: [16j89ic0ekrbw]: started parsing
[08Dec2025 00:46:16.561] [Server thread/DEBUG] [org.enginehub.piston.impl.CommandParser/]: [16j89ic0ekrbw]: Consuming argument `minecraft:stone,cobblestone`
[08Dec2025 00:46:16.561] [Server thread/DEBUG] [org.enginehub.piston.impl.CommandParser/]: [16j89ic0ekrbw]: Finished looking at arguments. Finalizing command.
[08Dec2025 00:46:16.993] [Server thread/DEBUG] [org.enginehub.piston.impl.CommandParser/]: [1ppu7139yh4vz]: started parsing
[08Dec2025 00:46:16.993] [Server thread/DEBUG] [org.enginehub.piston.impl.CommandParser/]: [1ppu7139yh4vz]: Consuming argument `minecraft:stone,cobblestone,`
[08Dec2025 00:46:17.275] [Server thread/DEBUG] [org.enginehub.piston.impl.CommandParser/]: [1r2dzn91u9ss9]: started parsing
[08Dec2025 00:46:17.275] [Server thread/DEBUG] [org.enginehub.piston.impl.CommandParser/]: [1r2dzn91u9ss9]: Consuming argument `minecraft:stone,cobblestone,a`
[08Dec2025 00:46:17.499] [Server thread/DEBUG] [org.enginehub.piston.impl.CommandParser/]: [16yu6qty4z7k0]: started parsing
[08Dec2025 00:46:17.499] [Server thread/DEBUG] [org.enginehub.piston.impl.CommandParser/]: [16yu6qty4z7k0]: Consuming argument `minecraft:stone,cobblestone,ad`
[08Dec2025 00:46:17.578] [Server thread/DEBUG] [org.enginehub.piston.impl.CommandParser/]: [0qccmu71v7946]: started parsing
[08Dec2025 00:46:17.578] [Server thread/DEBUG] [org.enginehub.piston.impl.CommandParser/]: [0qccmu71v7946]: Consuming argument `minecraft:stone,cobblestone,ade`
[08Dec2025 00:46:17.688] [Server thread/DEBUG] [org.enginehub.piston.impl.CommandParser/]: [1orw9efslfp0x]: started parsing
[08Dec2025 00:46:17.688] [Server thread/DEBUG] [org.enginehub.piston.impl.CommandParser/]: [1orw9efslfp0x]: Consuming argument `minecraft:stone,cobblestone,ad`
[08Dec2025 00:46:17.889] [Server thread/DEBUG] [org.enginehub.piston.impl.CommandParser/]: [0fe39y7uofj2g]: started parsing
[08Dec2025 00:46:17.889] [Server thread/DEBUG] [org.enginehub.piston.impl.CommandParser/]: [0fe39y7uofj2g]: Consuming argument `minecraft:stone,cobblestone,a`
[08Dec2025 00:46:18.050] [Server thread/DEBUG] [org.enginehub.piston.impl.CommandParser/]: [0a2l12tsxmtsf]: started parsing
[08Dec2025 00:46:18.050] [Server thread/DEBUG] [org.enginehub.piston.impl.CommandParser/]: [0a2l12tsxmtsf]: Consuming argument `minecraft:stone,cobblestone,an`
[08Dec2025 00:46:18.121] [Server thread/DEBUG] [org.enginehub.piston.impl.CommandParser/]: [1m2k3lk6otur3]: started parsing
[08Dec2025 00:46:18.121] [Server thread/DEBUG] [org.enginehub.piston.impl.CommandParser/]: [1m2k3lk6otur3]: Consuming argument `minecraft:stone,cobblestone,and`
[08Dec2025 00:46:18.162] [Server thread/DEBUG] [org.enginehub.piston.impl.CommandParser/]: [0xjj8784fp3r2]: started parsing
[08Dec2025 00:46:18.162] [Server thread/DEBUG] [org.enginehub.piston.impl.CommandParser/]: [0xjj8784fp3r2]: Consuming argument `minecraft:stone,cobblestone,ande`
[08Dec2025 00:46:18.227] [Server thread/DEBUG] [org.enginehub.piston.impl.CommandParser/]: [1gw4n6mgxlr5x]: started parsing
[08Dec2025 00:46:18.227] [Server thread/DEBUG] [org.enginehub.piston.impl.CommandParser/]: [1gw4n6mgxlr5x]: Consuming argument `minecraft:stone,cobblestone,andes`
[08Dec2025 00:46:18.336] [Server thread/DEBUG] [org.enginehub.piston.impl.CommandParser/]: [0zcnyr8lu0fj4]: started parsing
[08Dec2025 00:46:18.337] [Server thread/DEBUG] [org.enginehub.piston.impl.CommandParser/]: [0zcnyr8lu0fj4]: Consuming argument `minecraft:stone,cobblestone,andesi`
[08Dec2025 00:46:18.420] [Server thread/DEBUG] [org.enginehub.piston.impl.CommandParser/]: [1ko3ym1rwo7l4]: started parsing
[08Dec2025 00:46:18.420] [Server thread/DEBUG] [org.enginehub.piston.impl.CommandParser/]: [1ko3ym1rwo7l4]: Consuming argument `minecraft:stone,cobblestone,andesit`
[08Dec2025 00:46:18.495] [Server thread/DEBUG] [org.enginehub.piston.impl.CommandParser/]: [1rkz6zf0iz3es]: started parsing
[08Dec2025 00:46:18.495] [Server thread/DEBUG] [org.enginehub.piston.impl.CommandParser/]: [1rkz6zf0iz3es]: Consuming argument `minecraft:stone,cobblestone,andesite`
[08Dec2025 00:46:18.495] [Server thread/DEBUG] [org.enginehub.piston.impl.CommandParser/]: [1rkz6zf0iz3es]: Finished looking at arguments. Finalizing command.
[08Dec2025 00:46:18.674] [Server thread/DEBUG] [org.enginehub.piston.impl.CommandParser/]: [11o605coafod2]: started parsing
[08Dec2025 00:46:18.674] [Server thread/DEBUG] [org.enginehub.piston.impl.CommandParser/]: [11o605coafod2]: Consuming argument `minecraft:stone,cobblestone,andesite,`
[08Dec2025 00:46:18.783] [Server thread/DEBUG] [org.enginehub.piston.impl.CommandParser/]: [1q28em0pfly21]: started parsing
[08Dec2025 00:46:18.783] [Server thread/DEBUG] [org.enginehub.piston.impl.CommandParser/]: [1q28em0pfly21]: Consuming argument `minecraft:stone,cobblestone,andesite,f`
[08Dec2025 00:46:18.929] [Server thread/DEBUG] [org.enginehub.piston.impl.CommandParser/]: [1runlzdg2cd8f]: started parsing
[08Dec2025 00:46:18.929] [Server thread/DEBUG] [org.enginehub.piston.impl.CommandParser/]: [1runlzdg2cd8f]: Consuming argument `minecraft:stone,cobblestone,andesite,fu`
[08Dec2025 00:46:19.085] [Server thread/DEBUG] [org.enginehub.piston.impl.CommandParser/]: [190c43epgn7ky]: started parsing
[08Dec2025 00:46:19.085] [Server thread/DEBUG] [org.enginehub.piston.impl.CommandParser/]: [190c43epgn7ky]: Consuming argument `minecraft:stone,cobblestone,andesite,f`
[08Dec2025 00:46:19.199] [Server thread/DEBUG] [org.enginehub.piston.impl.CommandParser/]: [0c3pgk1xx5t4b]: started parsing
[08Dec2025 00:46:19.199] [Server thread/DEBUG] [org.enginehub.piston.impl.CommandParser/]: [0c3pgk1xx5t4b]: Consuming argument `minecraft:stone,cobblestone,andesite,`
[08Dec2025 00:46:19.229] [Server thread/DEBUG] [org.enginehub.piston.impl.CommandParser/]: [0cwmhizw761na]: started parsing
[08Dec2025 00:46:19.229] [Server thread/DEBUG] [org.enginehub.piston.impl.CommandParser/]: [0cwmhizw761na]: Consuming argument `minecraft:stone,cobblestone,andesite,t`
[08Dec2025 00:46:19.327] [Server thread/DEBUG] [org.enginehub.piston.impl.CommandParser/]: [1ixmgy7c5lrdz]: started parsing
[08Dec2025 00:46:19.327] [Server thread/DEBUG] [org.enginehub.piston.impl.CommandParser/]: [1ixmgy7c5lrdz]: Consuming argument `minecraft:stone,cobblestone,andesite,tu`
[08Dec2025 00:46:19.404] [Server thread/DEBUG] [org.enginehub.piston.impl.CommandParser/]: [0iiu7fzs4oijs]: started parsing
[08Dec2025 00:46:19.404] [Server thread/DEBUG] [org.enginehub.piston.impl.CommandParser/]: [0iiu7fzs4oijs]: Consuming argument `minecraft:stone,cobblestone,andesite,tuf`
[08Dec2025 00:46:19.751] [Server thread/DEBUG] [org.enginehub.piston.impl.CommandParser/]: [072bci8dfgd29]: started parsing
[08Dec2025 00:46:19.751] [Server thread/DEBUG] [org.enginehub.piston.impl.CommandParser/]: [072bci8dfgd29]: Consuming argument `minecraft:stone,cobblestone,andesite,tuff`
[08Dec2025 00:46:19.751] [Server thread/DEBUG] [org.enginehub.piston.impl.CommandParser/]: [072bci8dfgd29]: Finished looking at arguments. Finalizing command.
[08Dec2025 00:46:20.750] [Server thread/INFO] [net.minecraft.server.network.ServerGamePacketListenerImpl/]: Lin4Pepi issued server command: //set minecraft:stone,cobblestone,andesite,tuff
[08Dec2025 00:46:20.751] [Server thread/DEBUG] [org.enginehub.piston.impl.CommandParser/]: [1nehc6ss7hkt5]: started parsing
[08Dec2025 00:46:20.751] [Server thread/DEBUG] [org.enginehub.piston.impl.CommandParser/]: [1nehc6ss7hkt5]: Consuming argument `minecraft:stone,cobblestone,andesite,tuff`
[08Dec2025 00:46:20.751] [Server thread/DEBUG] [org.enginehub.piston.impl.CommandParser/]: [1nehc6ss7hkt5]: Finished looking at arguments. Finalizing command.
[08Dec2025 00:46:22.578] [Server thread/INFO] [net.minecraft.server.network.ServerGamePacketListenerImpl/]: Lin4Pepi issued server command: /gamemode spectator
[08Dec2025 00:46:22.579] [Server thread/INFO] [net.minecraft.server.MinecraftServer/]: [Lin4Pepi: Set own game mode to Spectator Mode]
[08Dec2025 00:46:27.680] [Server thread/INFO] [net.minecraft.server.network.ServerGamePacketListenerImpl/]: Lin4Pepi issued server command: //undo
[08Dec2025 00:46:27.680] [Server thread/DEBUG] [org.enginehub.piston.impl.CommandParser/]: [0m56ctxucxrcs]: started parsing
[08Dec2025 00:46:27.680] [Server thread/DEBUG] [org.enginehub.piston.impl.CommandParser/]: [0m56ctxucxrcs]: Finished looking at arguments. Finalizing command.
[08Dec2025 00:46:29.138] [Server thread/DEBUG] [org.enginehub.piston.impl.CommandParser/]: [17xmilq9c5cvo]: started parsing
[08Dec2025 00:46:29.138] [Server thread/DEBUG] [org.enginehub.piston.impl.CommandParser/]: [17xmilq9c5cvo]: Consuming argument `minecraft:stone,cobblestone,andesite,tuff`
[08Dec2025 00:46:29.139] [Server thread/DEBUG] [org.enginehub.piston.impl.CommandParser/]: [17xmilq9c5cvo]: Finished looking at arguments. Finalizing command.
[08Dec2025 00:46:29.139] [Server thread/DEBUG] [org.enginehub.piston.impl.CommandParser/]: [1j944jzhx1n2a]: started parsing
[08Dec2025 00:46:29.139] [Server thread/DEBUG] [org.enginehub.piston.impl.CommandParser/]: [1j944jzhx1n2a]: Consuming argument `minecraft:stone,cobblestone,andesite,tuff`
[08Dec2025 00:46:29.139] [Server thread/DEBUG] [org.enginehub.piston.impl.CommandParser/]: [1j944jzhx1n2a]: Finished looking at arguments. Finalizing command.
[08Dec2025 00:46:29.630] [Server thread/DEBUG] [org.enginehub.piston.impl.CommandParser/]: [0w9jaug9webdh]: started parsing
[08Dec2025 00:46:29.630] [Server thread/DEBUG] [org.enginehub.piston.impl.CommandParser/]: [0w9jaug9webdh]: Consuming argument ``
[08Dec2025 00:46:30.081] [Server thread/DEBUG] [org.enginehub.piston.impl.CommandParser/]: [0v8krozesshq7]: started parsing
[08Dec2025 00:46:30.081] [Server thread/DEBUG] [org.enginehub.piston.impl.CommandParser/]: [0v8krozesshq7]: Consuming argument ``
[08Dec2025 00:46:31.846] [Server thread/DEBUG] [org.enginehub.piston.impl.CommandParser/]: [0pg3wbhg8jljq]: started parsing
[08Dec2025 00:46:31.846] [Server thread/DEBUG] [org.enginehub.piston.impl.CommandParser/]: [0pg3wbhg8jljq]: Consuming argument ``
[08Dec2025 00:46:31.995] [Server thread/DEBUG] [org.enginehub.piston.impl.CommandParser/]: [0bpof9akh2lv9]: started parsing
[08Dec2025 00:46:31.995] [Server thread/DEBUG] [org.enginehub.piston.impl.CommandParser/]: [0bpof9akh2lv9]: Consuming argument `0`
[08Dec2025 00:46:31.995] [Server thread/DEBUG] [org.enginehub.piston.impl.CommandParser/]: [0bpof9akh2lv9]: Finished looking at arguments. Finalizing command.
[08Dec2025 00:46:32.309] [Server thread/DEBUG] [org.enginehub.piston.impl.CommandParser/]: [0vcvgefhaagy3]: started parsing
[08Dec2025 00:46:32.309] [Server thread/DEBUG] [org.enginehub.piston.impl.CommandParser/]: [0vcvgefhaagy3]: Consuming argument `0`
[08Dec2025 00:46:32.309] [Server thread/DEBUG] [org.enginehub.piston.impl.CommandParser/]: [0vcvgefhaagy3]: Consuming argument ``
[08Dec2025 00:46:32.440] [Server thread/INFO] [net.minecraft.server.network.ServerGamePacketListenerImpl/]: Lin4Pepi issued server command: //replace 0 minecraft:stone,cobblestone,andesite,tuff
[08Dec2025 00:46:32.441] [Server thread/DEBUG] [org.enginehub.piston.impl.CommandParser/]: [1xvqw64tmj8x0]: started parsing
[08Dec2025 00:46:32.441] [Server thread/DEBUG] [org.enginehub.piston.impl.CommandParser/]: [1xvqw64tmj8x0]: Consuming argument `0`
[08Dec2025 00:46:32.441] [Server thread/DEBUG] [org.enginehub.piston.impl.CommandParser/]: [1xvqw64tmj8x0]: Consuming argument `minecraft:stone,cobblestone,andesite,tuff`
[08Dec2025 00:46:32.441] [Server thread/DEBUG] [org.enginehub.piston.impl.CommandParser/]: [1xvqw64tmj8x0]: Finished looking at arguments. Finalizing command.
[08Dec2025 00:46:34.396] [Server thread/DEBUG] [org.enginehub.piston.impl.CommandParser/]: [0ynzpidhdlbed]: started parsing
[08Dec2025 00:46:34.396] [Server thread/DEBUG] [org.enginehub.piston.impl.CommandParser/]: [0ynzpidhdlbed]: Consuming argument ``
[08Dec2025 00:46:34.396] [Server thread/DEBUG] [org.enginehub.piston.impl.CommandParser/]: [0ynzpidhdlbed]: Finished looking at arguments. Finalizing command.
[08Dec2025 00:46:34.760] [Server thread/INFO] [net.minecraft.server.network.ServerGamePacketListenerImpl/]: Lin4Pepi issued server command: /undo
[08Dec2025 00:46:34.760] [Server thread/DEBUG] [org.enginehub.piston.impl.CommandParser/]: [0kq69kg4o3khp]: started parsing
[08Dec2025 00:46:34.760] [Server thread/DEBUG] [org.enginehub.piston.impl.CommandParser/]: [0kq69kg4o3khp]: Finished looking at arguments. Finalizing command.
[08Dec2025 00:46:35.578] [Server thread/DEBUG] [org.enginehub.piston.impl.CommandParser/]: [1a5bgoemjq26w]: started parsing
[08Dec2025 00:46:35.578] [Server thread/DEBUG] [org.enginehub.piston.impl.CommandParser/]: [1a5bgoemjq26w]: Consuming argument `0`
[08Dec2025 00:46:35.579] [Server thread/DEBUG] [org.enginehub.piston.impl.CommandParser/]: [1a5bgoemjq26w]: Consuming argument `minecraft:stone,cobblestone,andesite,tuff`
[08Dec2025 00:46:35.579] [Server thread/DEBUG] [org.enginehub.piston.impl.CommandParser/]: [1a5bgoemjq26w]: Finished looking at arguments. Finalizing command.
[08Dec2025 00:46:35.579] [Server thread/DEBUG] [org.enginehub.piston.impl.CommandParser/]: [0fxa2ch8qnfii]: started parsing
[08Dec2025 00:46:35.579] [Server thread/DEBUG] [org.enginehub.piston.impl.CommandParser/]: [0fxa2ch8qnfii]: Consuming argument `0`
[08Dec2025 00:46:35.579] [Server thread/DEBUG] [org.enginehub.piston.impl.CommandParser/]: [0fxa2ch8qnfii]: Consuming argument `minecraft:stone,cobblestone,andesite,tuff`
[08Dec2025 00:46:35.579] [Server thread/DEBUG] [org.enginehub.piston.impl.CommandParser/]: [0fxa2ch8qnfii]: Finished looking at arguments. Finalizing command.
[08Dec2025 00:46:35.999] [Server thread/DEBUG] [org.enginehub.piston.impl.CommandParser/]: [04nsy0fq633nt]: started parsing
[08Dec2025 00:46:35.999] [Server thread/DEBUG] [org.enginehub.piston.impl.CommandParser/]: [04nsy0fq633nt]: Consuming argument `0`
[08Dec2025 00:46:36.000] [Server thread/DEBUG] [org.enginehub.piston.impl.CommandParser/]: [04nsy0fq633nt]: Consuming argument ``
[08Dec2025 00:46:36.136] [Server thread/DEBUG] [org.enginehub.piston.impl.CommandParser/]: [01hp6nx8nuug0]: started parsing
[08Dec2025 00:46:36.136] [Server thread/DEBUG] [org.enginehub.piston.impl.CommandParser/]: [01hp6nx8nuug0]: Consuming argument ``
[08Dec2025 00:46:36.523] [Server thread/DEBUG] [org.enginehub.piston.impl.CommandParser/]: [0wvc0xv0ghmee]: started parsing
[08Dec2025 00:46:36.523] [Server thread/DEBUG] [org.enginehub.piston.impl.CommandParser/]: [0wvc0xv0ghmee]: Consuming argument `0`
[08Dec2025 00:46:36.523] [Server thread/DEBUG] [org.enginehub.piston.impl.CommandParser/]: [0wvc0xv0ghmee]: Consuming argument ``
[08Dec2025 00:46:36.906] [Server thread/DEBUG] [org.enginehub.piston.impl.CommandParser/]: [1advnbyhfex5n]: started parsing
[08Dec2025 00:46:36.906] [Server thread/DEBUG] [org.enginehub.piston.impl.CommandParser/]: [1advnbyhfex5n]: Consuming argument `0`
[08Dec2025 00:46:36.906] [Server thread/DEBUG] [org.enginehub.piston.impl.CommandParser/]: [1advnbyhfex5n]: Finished looking at arguments. Finalizing command.
[08Dec2025 00:46:37.042] [Server thread/DEBUG] [org.enginehub.piston.impl.CommandParser/]: [1c567u6i8k62y]: started parsing
[08Dec2025 00:46:37.042] [Server thread/DEBUG] [org.enginehub.piston.impl.CommandParser/]: [1c567u6i8k62y]: Consuming argument ``
[08Dec2025 00:46:37.120] [Server thread/DEBUG] [org.enginehub.piston.impl.CommandParser/]: [00upqxzsqiohl]: started parsing
[08Dec2025 00:46:37.120] [Server thread/DEBUG] [org.enginehub.piston.impl.CommandParser/]: [00upqxzsqiohl]: Consuming argument `1`
[08Dec2025 00:46:37.120] [Server thread/DEBUG] [org.enginehub.piston.impl.CommandParser/]: [00upqxzsqiohl]: Finished looking at arguments. Finalizing command.
[08Dec2025 00:46:37.178] [Server thread/DEBUG] [org.enginehub.piston.impl.CommandParser/]: [12psa09pe0k2p]: started parsing
[08Dec2025 00:46:37.178] [Server thread/DEBUG] [org.enginehub.piston.impl.CommandParser/]: [12psa09pe0k2p]: Consuming argument `1`
[08Dec2025 00:46:37.178] [Server thread/DEBUG] [org.enginehub.piston.impl.CommandParser/]: [12psa09pe0k2p]: Consuming argument ``
[08Dec2025 00:46:37.564] [Server thread/INFO] [net.minecraft.server.network.ServerGamePacketListenerImpl/]: BasseeMC issued server command: /gamemode adventure
[08Dec2025 00:46:37.564] [Server thread/INFO] [net.minecraft.server.MinecraftServer/]: [BasseeMC: Set own game mode to Adventure Mode]
[08Dec2025 00:46:37.866] [Server thread/INFO] [net.minecraft.server.network.ServerGamePacketListenerImpl/]: Lin4Pepi issued server command: //replace 1 minecraft:stone,cobblestone,andesite,tuff
[08Dec2025 00:46:37.866] [Server thread/DEBUG] [org.enginehub.piston.impl.CommandParser/]: [0kspx9mv45ss8]: started parsing
[08Dec2025 00:46:37.866] [Server thread/DEBUG] [org.enginehub.piston.impl.CommandParser/]: [0kspx9mv45ss8]: Consuming argument `1`
[08Dec2025 00:46:37.867] [Server thread/DEBUG] [org.enginehub.piston.impl.CommandParser/]: [0kspx9mv45ss8]: Consuming argument `minecraft:stone,cobblestone,andesite,tuff`
[08Dec2025 00:46:37.867] [Server thread/DEBUG] [org.enginehub.piston.impl.CommandParser/]: [0kspx9mv45ss8]: Finished looking at arguments. Finalizing command.
[08Dec2025 00:46:39.627] [Server thread/INFO] [net.minecraft.server.network.ServerGamePacketListenerImpl/]: BasseeMC issued server command: /gamemode spectator
[08Dec2025 00:46:39.627] [Server thread/INFO] [net.minecraft.server.MinecraftServer/]: [BasseeMC: Set own game mode to Spectator Mode]
[08Dec2025 00:46:44.860] [Server thread/INFO] [net.minecraft.server.network.ServerGamePacketListenerImpl/]: Lin4Pepi issued server command: /gamemode creative
[08Dec2025 00:46:44.861] [Server thread/INFO] [net.minecraft.server.MinecraftServer/]: [Lin4Pepi: Set own game mode to Creative Mode]
[08Dec2025 00:46:45.224] [Server thread/INFO] [net.minecraft.server.network.ServerGamePacketListenerImpl/]: BasseeMC issued server command: /gamemode creative
[08Dec2025 00:46:45.225] [Server thread/INFO] [net.minecraft.server.MinecraftServer/]: [BasseeMC: Set own game mode to Creative Mode]
[08Dec2025 00:46:50.141] [Async Chat Thread - #50/INFO] [net.minecraft.server.MinecraftServer/]: [Not Secure] <BasseeMC> que es esta mrd
[08Dec2025 00:46:51.227] [Server thread/INFO] [net.minecraft.server.network.ServerGamePacketListenerImpl/]: Lin4Pepi issued server command: /tp BasseeMC Lin4Pepi
[08Dec2025 00:46:51.228] [Server thread/INFO] [net.minecraft.server.MinecraftServer/]: [Lin4Pepi: Teleported BasseeMC to Lin4Pepi]
[08Dec2025 00:46:52.578] [Async Chat Thread - #49/INFO] [net.minecraft.server.MinecraftServer/]: [Not Secure] <Lin4Pepi> confia
[08Dec2025 00:46:59.027] [Async Chat Thread - #49/INFO] [net.minecraft.server.MinecraftServer/]: [Not Secure] <BasseeMC> deja ver lo que hizo
[08Dec2025 00:47:07.589] [Server thread/INFO] [net.minecraft.server.MinecraftServer/]: BasseeMC has made the advancement [Stone Age]
[08Dec2025 00:47:42.434] [Server thread/DEBUG] [org.enginehub.piston.impl.CommandParser/]: [0cdlzibf63i2l]: started parsing
[08Dec2025 00:47:42.434] [Server thread/DEBUG] [org.enginehub.piston.impl.CommandParser/]: [0cdlzibf63i2l]: Consuming argument ``
[08Dec2025 00:47:42.539] [Server thread/DEBUG] [org.enginehub.piston.impl.CommandParser/]: [071fobsak7psn]: started parsing
[08Dec2025 00:47:42.539] [Server thread/DEBUG] [org.enginehub.piston.impl.CommandParser/]: [071fobsak7psn]: Consuming argument `0`
[08Dec2025 00:47:42.540] [Server thread/DEBUG] [org.enginehub.piston.impl.CommandParser/]: [071fobsak7psn]: Finished looking at arguments. Finalizing command.
[08Dec2025 00:47:42.626] [Server thread/DEBUG] [org.enginehub.piston.impl.CommandParser/]: [1j8aywly7a4s5]: started parsing
[08Dec2025 00:47:42.626] [Server thread/DEBUG] [org.enginehub.piston.impl.CommandParser/]: [1j8aywly7a4s5]: Consuming argument `0`
[08Dec2025 00:47:42.626] [Server thread/DEBUG] [org.enginehub.piston.impl.CommandParser/]: [1j8aywly7a4s5]: Consuming argument ``
[08Dec2025 00:47:42.814] [Server thread/DEBUG] [org.enginehub.piston.impl.CommandParser/]: [0nooftgrp5w50]: started parsing
[08Dec2025 00:47:42.814] [Server thread/DEBUG] [org.enginehub.piston.impl.CommandParser/]: [0nooftgrp5w50]: Consuming argument `0`
[08Dec2025 00:47:42.814] [Server thread/DEBUG] [org.enginehub.piston.impl.CommandParser/]: [0nooftgrp5w50]: Consuming argument `w`
[08Dec2025 00:47:42.839] [Server thread/DEBUG] [org.enginehub.piston.impl.CommandParser/]: [0x05wh00pfq4t]: started parsing
[08Dec2025 00:47:42.839] [Server thread/DEBUG] [org.enginehub.piston.impl.CommandParser/]: [0x05wh00pfq4t]: Consuming argument `0`
[08Dec2025 00:47:42.839] [Server thread/DEBUG] [org.enginehub.piston.impl.CommandParser/]: [0x05wh00pfq4t]: Consuming argument `wa`
[08Dec2025 00:47:42.940] [Server thread/DEBUG] [org.enginehub.piston.impl.CommandParser/]: [1onrdwddfpgev]: started parsing
[08Dec2025 00:47:42.940] [Server thread/DEBUG] [org.enginehub.piston.impl.CommandParser/]: [1onrdwddfpgev]: Consuming argument `0`
[08Dec2025 00:47:42.940] [Server thread/DEBUG] [org.enginehub.piston.impl.CommandParser/]: [1onrdwddfpgev]: Consuming argument `wat`
[08Dec2025 00:47:43.024] [Server thread/DEBUG] [org.enginehub.piston.impl.CommandParser/]: [09aj0wporys7a]: started parsing
[08Dec2025 00:47:43.024] [Server thread/DEBUG] [org.enginehub.piston.impl.CommandParser/]: [09aj0wporys7a]: Consuming argument `0`
[08Dec2025 00:47:43.024] [Server thread/DEBUG] [org.enginehub.piston.impl.CommandParser/]: [09aj0wporys7a]: Consuming argument `wate`
[08Dec2025 00:47:43.096] [Server thread/DEBUG] [org.enginehub.piston.impl.CommandParser/]: [0hvte66khr1ic]: started parsing
[08Dec2025 00:47:43.096] [Server thread/DEBUG] [org.enginehub.piston.impl.CommandParser/]: [0hvte66khr1ic]: Consuming argument `0`
[08Dec2025 00:47:43.096] [Server thread/DEBUG] [org.enginehub.piston.impl.CommandParser/]: [0hvte66khr1ic]: Consuming argument `water`
[08Dec2025 00:47:43.096] [Server thread/DEBUG] [org.enginehub.piston.impl.CommandParser/]: [0hvte66khr1ic]: Finished looking at arguments. Finalizing command.
[08Dec2025 00:47:43.680] [Server thread/INFO] [net.minecraft.server.network.ServerGamePacketListenerImpl/]: Lin4Pepi issued server command: //replace 0 water
[08Dec2025 00:47:43.680] [Server thread/DEBUG] [org.enginehub.piston.impl.CommandParser/]: [0se12g8u6e9tm]: started parsing
[08Dec2025 00:47:43.680] [Server thread/DEBUG] [org.enginehub.piston.impl.CommandParser/]: [0se12g8u6e9tm]: Consuming argument `0`
[08Dec2025 00:47:43.680] [Server thread/DEBUG] [org.enginehub.piston.impl.CommandParser/]: [0se12g8u6e9tm]: Consuming argument `water`
[08Dec2025 00:47:43.680] [Server thread/DEBUG] [org.enginehub.piston.impl.CommandParser/]: [0se12g8u6e9tm]: Finished looking at arguments. Finalizing command.
[08Dec2025 00:47:55.812] [Async Chat Thread - #51/INFO] [net.minecraft.server.MinecraftServer/]: [Not Secure] <Lin4Pepi> solo es ponerle texture y ya
[08Dec2025 00:48:01.179] [Async Chat Thread - #51/INFO] [net.minecraft.server.MinecraftServer/]: [Not Secure] <BasseeMC> porque puso un patron de piso como si fuera el lobby
[08Dec2025 00:48:08.497] [Async Chat Thread - #49/INFO] [net.minecraft.server.MinecraftServer/]: [Not Secure] <Lin4Pepi> es q vi una parte asi
[08Dec2025 00:48:12.409] [Async Chat Thread - #51/INFO] [net.minecraft.server.MinecraftServer/]: [Not Secure] <Lin4Pepi> y lo puse iguaal
[08Dec2025 00:48:16.841] [Async Chat Thread - #49/INFO] [net.minecraft.server.MinecraftServer/]: [Not Secure] <BasseeMC> na
[08Dec2025 00:48:18.724] [Async Chat Thread - #51/INFO] [net.minecraft.server.MinecraftServer/]: [Not Secure] <BasseeMC> bueno
[08Dec2025 00:48:22.997] [Async Chat Thread - #49/INFO] [net.minecraft.server.MinecraftServer/]: [Not Secure] <Lin4Pepi> eso se cambia rapido
[08Dec2025 00:48:25.141] [Async Chat Thread - #51/INFO] [net.minecraft.server.MinecraftServer/]: [Not Secure] <BasseeMC> eso se remplaza facil
[08Dec2025 00:48:37.852] [Async Chat Thread - #49/INFO] [net.minecraft.server.MinecraftServer/]: [Not Secure] <BasseeMC> ven
[08Dec2025 00:48:40.174] [Server thread/DEBUG] [org.enginehub.piston.impl.CommandParser/]: [13lo1sslw04m5]: started parsing
[08Dec2025 00:48:40.174] [Server thread/DEBUG] [org.enginehub.piston.impl.CommandParser/]: [13lo1sslw04m5]: Consuming argument ``
[08Dec2025 00:48:40.231] [Server thread/DEBUG] [org.enginehub.piston.impl.CommandParser/]: [10q36fi3n5wek]: started parsing
[08Dec2025 00:48:40.231] [Server thread/DEBUG] [org.enginehub.piston.impl.CommandParser/]: [10q36fi3n5wek]: Consuming argument `w`
[08Dec2025 00:48:40.323] [Server thread/DEBUG] [org.enginehub.piston.impl.CommandParser/]: [0vsetfzc72hag]: started parsing
[08Dec2025 00:48:40.323] [Server thread/DEBUG] [org.enginehub.piston.impl.CommandParser/]: [0vsetfzc72hag]: Consuming argument `wh`
[08Dec2025 00:48:40.529] [Server thread/DEBUG] [org.enginehub.piston.impl.CommandParser/]: [1n7n37psctgr8]: started parsing
[08Dec2025 00:48:40.529] [Server thread/DEBUG] [org.enginehub.piston.impl.CommandParser/]: [1n7n37psctgr8]: Consuming argument `whi`
[08Dec2025 00:48:40.676] [Server thread/DEBUG] [org.enginehub.piston.impl.CommandParser/]: [0t4sy40hvg6ee]: started parsing
[08Dec2025 00:48:40.676] [Server thread/DEBUG] [org.enginehub.piston.impl.CommandParser/]: [0t4sy40hvg6ee]: Consuming argument `wh`
[08Dec2025 00:48:41.022] [Server thread/DEBUG] [org.enginehub.piston.impl.CommandParser/]: [0vtp0x02h9hxs]: started parsing
[08Dec2025 00:48:41.022] [Server thread/DEBUG] [org.enginehub.piston.impl.CommandParser/]: [0vtp0x02h9hxs]: Consuming argument `whi`
[08Dec2025 00:48:41.091] [Server thread/DEBUG] [org.enginehub.piston.impl.CommandParser/]: [0tyupwii4gugc]: started parsing
[08Dec2025 00:48:41.091] [Server thread/DEBUG] [org.enginehub.piston.impl.CommandParser/]: [0tyupwii4gugc]: Consuming argument `whit`
[08Dec2025 00:48:41.191] [Server thread/DEBUG] [org.enginehub.piston.impl.CommandParser/]: [1hafc5j7lxunf]: started parsing
[08Dec2025 00:48:41.191] [Server thread/DEBUG] [org.enginehub.piston.impl.CommandParser/]: [1hafc5j7lxunf]: Consuming argument `white`
[08Dec2025 00:48:41.191] [Server thread/DEBUG] [org.enginehub.piston.impl.CommandParser/]: [1hafc5j7lxunf]: Finished looking at arguments. Finalizing command.
[08Dec2025 00:48:41.340] [Server thread/DEBUG] [org.enginehub.piston.impl.CommandParser/]: [110plda9mlf1b]: started parsing
[08Dec2025 00:48:41.340] [Server thread/DEBUG] [org.enginehub.piston.impl.CommandParser/]: [110plda9mlf1b]: Consuming argument `white`
[08Dec2025 00:48:41.340] [Server thread/DEBUG] [org.enginehub.piston.impl.CommandParser/]: [110plda9mlf1b]: Consuming argument ``
[08Dec2025 00:48:41.340] [Server thread/DEBUG] [org.enginehub.piston.impl.CommandParser/]: [110plda9mlf1b]: parseRegularArgument: no arguments to attempt matching
[08Dec2025 00:48:41.465] [Server thread/DEBUG] [org.enginehub.piston.impl.CommandParser/]: [06vwxbg8qojfx]: started parsing
[08Dec2025 00:48:41.465] [Server thread/DEBUG] [org.enginehub.piston.impl.CommandParser/]: [06vwxbg8qojfx]: Consuming argument `white`
[08Dec2025 00:48:41.465] [Server thread/DEBUG] [org.enginehub.piston.impl.CommandParser/]: [06vwxbg8qojfx]: Consuming argument `g`
[08Dec2025 00:48:41.465] [Server thread/DEBUG] [org.enginehub.piston.impl.CommandParser/]: [06vwxbg8qojfx]: parseRegularArgument: no arguments to attempt matching
[08Dec2025 00:48:41.561] [Server thread/DEBUG] [org.enginehub.piston.impl.CommandParser/]: [0fxamnhoftts2]: started parsing
[08Dec2025 00:48:41.561] [Server thread/DEBUG] [org.enginehub.piston.impl.CommandParser/]: [0fxamnhoftts2]: Consuming argument `white`
[08Dec2025 00:48:41.561] [Server thread/DEBUG] [org.enginehub.piston.impl.CommandParser/]: [0fxamnhoftts2]: Consuming argument `gl`
[08Dec2025 00:48:41.561] [Server thread/DEBUG] [org.enginehub.piston.impl.CommandParser/]: [0fxamnhoftts2]: parseRegularArgument: no arguments to attempt matching
[08Dec2025 00:48:41.651] [Server thread/DEBUG] [org.enginehub.piston.impl.CommandParser/]: [1l5837dyk45uh]: started parsing
[08Dec2025 00:48:41.651] [Server thread/DEBUG] [org.enginehub.piston.impl.CommandParser/]: [1l5837dyk45uh]: Consuming argument `white`
[08Dec2025 00:48:41.651] [Server thread/DEBUG] [org.enginehub.piston.impl.CommandParser/]: [1l5837dyk45uh]: Consuming argument `gla`
[08Dec2025 00:48:41.651] [Server thread/DEBUG] [org.enginehub.piston.impl.CommandParser/]: [1l5837dyk45uh]: parseRegularArgument: no arguments to attempt matching
[08Dec2025 00:48:42.141] [Server thread/DEBUG] [org.enginehub.piston.impl.CommandParser/]: [1r4o18nff6dav]: started parsing
[08Dec2025 00:48:42.141] [Server thread/DEBUG] [org.enginehub.piston.impl.CommandParser/]: [1r4o18nff6dav]: Consuming argument `white`
[08Dec2025 00:48:42.141] [Server thread/DEBUG] [org.enginehub.piston.impl.CommandParser/]: [1r4o18nff6dav]: Consuming argument `gl`
[08Dec2025 00:48:42.141] [Server thread/DEBUG] [org.enginehub.piston.impl.CommandParser/]: [1r4o18nff6dav]: parseRegularArgument: no arguments to attempt matching
[08Dec2025 00:48:42.261] [Server thread/DEBUG] [org.enginehub.piston.impl.CommandParser/]: [180uws9s9fhdg]: started parsing
[08Dec2025 00:48:42.261] [Server thread/DEBUG] [org.enginehub.piston.impl.CommandParser/]: [180uws9s9fhdg]: Consuming argument `white`
[08Dec2025 00:48:42.261] [Server thread/DEBUG] [org.enginehub.piston.impl.CommandParser/]: [180uws9s9fhdg]: Consuming argument ``
[08Dec2025 00:48:42.261] [Server thread/DEBUG] [org.enginehub.piston.impl.CommandParser/]: [180uws9s9fhdg]: parseRegularArgument: no arguments to attempt matching
[08Dec2025 00:48:42.474] [Server thread/DEBUG] [org.enginehub.piston.impl.CommandParser/]: [023y4sojx7z0x]: started parsing
[08Dec2025 00:48:42.474] [Server thread/DEBUG] [org.enginehub.piston.impl.CommandParser/]: [023y4sojx7z0x]: Consuming argument `white`
[08Dec2025 00:48:42.474] [Server thread/DEBUG] [org.enginehub.piston.impl.CommandParser/]: [023y4sojx7z0x]: Consuming argument `-`
[08Dec2025 00:48:42.474] [Server thread/DEBUG] [org.enginehub.piston.impl.CommandParser/]: [023y4sojx7z0x]: parseRegularArgument: no arguments to attempt matching
[08Dec2025 00:48:42.662] [Server thread/DEBUG] [org.enginehub.piston.impl.CommandParser/]: [1ruqpl1vfw5jz]: started parsing
[08Dec2025 00:48:42.662] [Server thread/DEBUG] [org.enginehub.piston.impl.CommandParser/]: [1ruqpl1vfw5jz]: Consuming argument `white`
[08Dec2025 00:48:42.662] [Server thread/DEBUG] [org.enginehub.piston.impl.CommandParser/]: [1ruqpl1vfw5jz]: Consuming argument ``
[08Dec2025 00:48:42.662] [Server thread/DEBUG] [org.enginehub.piston.impl.CommandParser/]: [1ruqpl1vfw5jz]: parseRegularArgument: no arguments to attempt matching
[08Dec2025 00:48:42.820] [Server thread/DEBUG] [org.enginehub.piston.impl.CommandParser/]: [1s7khs2qz9y1x]: started parsing
[08Dec2025 00:48:42.820] [Server thread/DEBUG] [org.enginehub.piston.impl.CommandParser/]: [1s7khs2qz9y1x]: Consuming argument `white`
[08Dec2025 00:48:42.820] [Server thread/DEBUG] [org.enginehub.piston.impl.CommandParser/]: [1s7khs2qz9y1x]: Finished looking at arguments. Finalizing command.
[08Dec2025 00:48:42.930] [Server thread/DEBUG] [org.enginehub.piston.impl.CommandParser/]: [1ghdig0a95pjz]: started parsing
[08Dec2025 00:48:42.930] [Server thread/DEBUG] [org.enginehub.piston.impl.CommandParser/]: [1ghdig0a95pjz]: Consuming argument `white_`
[08Dec2025 00:48:43.057] [Server thread/DEBUG] [org.enginehub.piston.impl.CommandParser/]: [0fm1fhcxvti06]: started parsing
[08Dec2025 00:48:43.057] [Server thread/DEBUG] [org.enginehub.piston.impl.CommandParser/]: [0fm1fhcxvti06]: Consuming argument `white_g`
[08Dec2025 00:48:43.136] [Server thread/DEBUG] [org.enginehub.piston.impl.CommandParser/]: [0vdk8yn05tes0]: started parsing
[08Dec2025 00:48:43.136] [Server thread/DEBUG] [org.enginehub.piston.impl.CommandParser/]: [0vdk8yn05tes0]: Consuming argument `white_gl`
[08Dec2025 00:48:43.361] [Server thread/DEBUG] [org.enginehub.piston.impl.CommandParser/]: [0yn57r7crxbcy]: started parsing
[08Dec2025 00:48:43.361] [Server thread/DEBUG] [org.enginehub.piston.impl.CommandParser/]: [0yn57r7crxbcy]: Consuming argument `white_gla`
[08Dec2025 00:48:43.929] [Server thread/INFO] [net.minecraft.server.network.ServerGamePacketListenerImpl/]: Lin4Pepi issued server command: //set white_glazed_terracotta
[08Dec2025 00:48:43.929] [Server thread/DEBUG] [org.enginehub.piston.impl.CommandParser/]: [1loxq3pe16umj]: started parsing
[08Dec2025 00:48:43.929] [Server thread/DEBUG] [org.enginehub.piston.impl.CommandParser/]: [1loxq3pe16umj]: Consuming argument `white_glazed_terracotta`
[08Dec2025 00:48:43.929] [Server thread/DEBUG] [org.enginehub.piston.impl.CommandParser/]: [1loxq3pe16umj]: Finished looking at arguments. Finalizing command.
[08Dec2025 00:48:45.565] [Async Chat Thread - #51/INFO] [net.minecraft.server.MinecraftServer/]: [Not Secure] <BasseeMC> y si conectamos esto con lo demas?
[08Dec2025 00:48:47.463] [Async Chat Thread - #49/INFO] [net.minecraft.server.MinecraftServer/]: [Not Secure] <BasseeMC> que opina
[08Dec2025 00:48:48.893] [Async Chat Thread - #51/INFO] [net.minecraft.server.MinecraftServer/]: [Not Secure] <Lin4Pepi> eso pense
[08Dec2025 00:48:50.543] [Async Chat Thread - #49/INFO] [net.minecraft.server.MinecraftServer/]: [Not Secure] <Lin4Pepi> pero se veria raaro
[08Dec2025 00:48:52.578] [Async Chat Thread - #51/INFO] [net.minecraft.server.MinecraftServer/]: [Not Secure] <Lin4Pepi> no cree
[08Dec2025 00:48:53.673] [Async Chat Thread - #49/INFO] [net.minecraft.server.MinecraftServer/]: [Not Secure] <Lin4Pepi> eo
[08Dec2025 00:48:57.438] [Async Chat Thread - #51/INFO] [net.minecraft.server.MinecraftServer/]: [Not Secure] <Lin4Pepi> xq estan las tuberias de vidrio
[08Dec2025 00:48:58.761] [Async Chat Thread - #49/INFO] [net.minecraft.server.MinecraftServer/]: [Not Secure] <Lin4Pepi> se ve raro
[08Dec2025 00:48:59.555] [Server thread/DEBUG] [net.minecraftforge.common.ForgeHooks/WP]: Gathering id map for writing to world save Squid Alpaca Games
[08Dec2025 00:48:59.559] [Server thread/DEBUG] [net.minecraftforge.common.ForgeHooks/WP]: ID Map collection complete Squid Alpaca Games
[08Dec2025 00:49:01.358] [Async Chat Thread - #51/INFO] [net.minecraft.server.MinecraftServer/]: [Not Secure] <BasseeMC> pero un ducto pequeño
[08Dec2025 00:49:09.293] [Async Chat Thread - #49/INFO] [net.minecraft.server.MinecraftServer/]: [Not Secure] <BasseeMC> yo le dije al maje pero no hizo caso
[08Dec2025 00:49:13.445] [Async Chat Thread - #51/INFO] [net.minecraft.server.MinecraftServer/]: [Not Secure] <BasseeMC> xd
[08Dec2025 00:49:13.902] [Server thread/DEBUG] [org.enginehub.piston.impl.CommandParser/]: [1gi0vcpobpz7s]: started parsing
[08Dec2025 00:49:13.902] [Server thread/DEBUG] [org.enginehub.piston.impl.CommandParser/]: [1gi0vcpobpz7s]: Consuming argument `white_glazed_terracotta`
[08Dec2025 00:49:13.902] [Server thread/DEBUG] [org.enginehub.piston.impl.CommandParser/]: [1gi0vcpobpz7s]: Finished looking at arguments. Finalizing command.
[08Dec2025 00:49:13.902] [Server thread/DEBUG] [org.enginehub.piston.impl.CommandParser/]: [0ny7di3pm5ntz]: started parsing
[08Dec2025 00:49:13.902] [Server thread/DEBUG] [org.enginehub.piston.impl.CommandParser/]: [0ny7di3pm5ntz]: Consuming argument `white_glazed_terracotta`
[08Dec2025 00:49:13.902] [Server thread/DEBUG] [org.enginehub.piston.impl.CommandParser/]: [0ny7di3pm5ntz]: Finished looking at arguments. Finalizing command.
[08Dec2025 00:49:14.524] [Server thread/INFO] [net.minecraft.server.network.ServerGamePacketListenerImpl/]: Lin4Pepi issued server command: //set white_glazed_terracotta
[08Dec2025 00:49:14.525] [Server thread/DEBUG] [org.enginehub.piston.impl.CommandParser/]: [1qmd3kyajus7r]: started parsing
[08Dec2025 00:49:14.525] [Server thread/DEBUG] [org.enginehub.piston.impl.CommandParser/]: [1qmd3kyajus7r]: Consuming argument `white_glazed_terracotta`
[08Dec2025 00:49:14.525] [Server thread/DEBUG] [org.enginehub.piston.impl.CommandParser/]: [1qmd3kyajus7r]: Finished looking at arguments. Finalizing command.
[08Dec2025 00:49:19.864] [Async Chat Thread - #49/INFO] [net.minecraft.server.MinecraftServer/]: [Not Secure] <BasseeMC> lo cambiaremos luego
[08Dec2025 00:49:20.350] [Async Chat Thread - #49/INFO] [net.minecraft.server.MinecraftServer/]: [Not Secure] <Lin4Pepi> q prb
[08Dec2025 00:49:27.948] [Async Chat Thread - #51/INFO] [net.minecraft.server.MinecraftServer/]: [Not Secure] <BasseeMC> si
[08Dec2025 00:49:29.049] [Async Chat Thread - #49/INFO] [net.minecraft.server.MinecraftServer/]: [Not Secure] <Lin4Pepi> uy
[08Dec2025 00:49:33.240] [Async Chat Thread - #51/INFO] [net.minecraft.server.MinecraftServer/]: [Not Secure] <Lin4Pepi> yo soy como a utista
[08Dec2025 00:49:34.615] [Server thread/INFO] [net.minecraft.server.network.ServerGamePacketListenerImpl/]: Lin4Pepi issued server command: //undo
[08Dec2025 00:49:34.615] [Server thread/DEBUG] [org.enginehub.piston.impl.CommandParser/]: [1rbhe06qjq7of]: started parsing
[08Dec2025 00:49:34.615] [Server thread/DEBUG] [org.enginehub.piston.impl.CommandParser/]: [1rbhe06qjq7of]: Finished looking at arguments. Finalizing command.
[08Dec2025 00:49:35.551] [Server thread/INFO] [net.minecraft.server.network.ServerGamePacketListenerImpl/]: Lin4Pepi issued server command: //undo
[08Dec2025 00:49:35.551] [Server thread/DEBUG] [org.enginehub.piston.impl.CommandParser/]: [11rtpzo3i1rpp]: started parsing
[08Dec2025 00:49:35.551] [Server thread/DEBUG] [org.enginehub.piston.impl.CommandParser/]: [11rtpzo3i1rpp]: Finished looking at arguments. Finalizing command.
[08Dec2025 00:49:36.286] [Server thread/INFO] [net.minecraft.server.network.ServerGamePacketListenerImpl/]: Lin4Pepi issued server command: //undo
[08Dec2025 00:49:36.286] [Server thread/DEBUG] [org.enginehub.piston.impl.CommandParser/]: [1wq1lmf5tjir9]: started parsing
[08Dec2025 00:49:36.286] [Server thread/DEBUG] [org.enginehub.piston.impl.CommandParser/]: [1wq1lmf5tjir9]: Finished looking at arguments. Finalizing command.
[08Dec2025 00:49:37.809] [Async Chat Thread - #51/INFO] [net.minecraft.server.MinecraftServer/]: [Not Secure] <BasseeMC> si vi
[08Dec2025 00:49:45.421] [Server thread/INFO] [net.minecraft.server.network.ServerGamePacketListenerImpl/]: Lin4Pepi issued server command: //redo
[08Dec2025 00:49:45.422] [Server thread/DEBUG] [org.enginehub.piston.impl.CommandParser/]: [1cb36nqzxgupf]: started parsing
[08Dec2025 00:49:45.422] [Server thread/DEBUG] [org.enginehub.piston.impl.CommandParser/]: [1cb36nqzxgupf]: Finished looking at arguments. Finalizing command.
[08Dec2025 00:49:47.769] [Async Chat Thread - #49/INFO] [net.minecraft.server.MinecraftServer/]: [Not Secure] <Lin4Pepi> ya
[08Dec2025 00:49:51.395] [Async Chat Thread - #49/INFO] [net.minecraft.server.MinecraftServer/]: [Not Secure] <Lin4Pepi> ahora si
[08Dec2025 00:49:55.009] [Async Chat Thread - #51/INFO] [net.minecraft.server.MinecraftServer/]: [Not Secure] <Lin4Pepi> vea mis lecciones de w.e B)
[08Dec2025 00:49:58.563] [Async Chat Thread - #49/INFO] [net.minecraft.server.MinecraftServer/]: [Not Secure] <BasseeMC> como haremos las puertas como las que hay en ag?
[08Dec2025 00:50:06.318] [Async Chat Thread - #51/INFO] [net.minecraft.server.MinecraftServer/]: [Not Secure] <Lin4Pepi> nose
[08Dec2025 00:50:07.739] [Async Chat Thread - #49/INFO] [net.minecraft.server.MinecraftServer/]: [Not Secure] <Lin4Pepi> resolvemos
[08Dec2025 00:50:34.396] [Server thread/DEBUG] [org.enginehub.piston.impl.CommandParser/]: [1ht9c557p1sqr]: started parsing
[08Dec2025 00:50:34.396] [Server thread/DEBUG] [org.enginehub.piston.impl.CommandParser/]: [1ht9c557p1sqr]: Consuming argument ``
[08Dec2025 00:50:34.403] [Server thread/DEBUG] [org.enginehub.piston.impl.CommandParser/]: [17odisp953zk3]: started parsing
[08Dec2025 00:50:34.404] [Server thread/DEBUG] [org.enginehub.piston.impl.CommandParser/]: [17odisp953zk3]: Consuming argument ``
[08Dec2025 00:50:34.740] [Server thread/DEBUG] [org.enginehub.piston.impl.CommandParser/]: [1oz9mldhd1e6i]: started parsing
[08Dec2025 00:50:34.740] [Server thread/DEBUG] [org.enginehub.piston.impl.CommandParser/]: [1oz9mldhd1e6i]: Consuming argument ``
[08Dec2025 00:50:34.880] [Server thread/DEBUG] [org.enginehub.piston.impl.CommandParser/]: [14gui8xznquhg]: started parsing
[08Dec2025 00:50:34.880] [Server thread/DEBUG] [org.enginehub.piston.impl.CommandParser/]: [14gui8xznquhg]: Consuming argument ``
[08Dec2025 00:50:35.176] [Server thread/DEBUG] [org.enginehub.piston.impl.CommandParser/]: [1jefr447tizxx]: started parsing
[08Dec2025 00:50:35.176] [Server thread/DEBUG] [org.enginehub.piston.impl.CommandParser/]: [1jefr447tizxx]: Consuming argument ``
[08Dec2025 00:50:35.305] [Server thread/DEBUG] [org.enginehub.piston.impl.CommandParser/]: [0mwk9685luolr]: started parsing
[08Dec2025 00:50:35.305] [Server thread/DEBUG] [org.enginehub.piston.impl.CommandParser/]: [0mwk9685luolr]: Consuming argument ``
[08Dec2025 00:50:35.432] [Server thread/DEBUG] [org.enginehub.piston.impl.CommandParser/]: [1ihxerlpmbkpa]: started parsing
[08Dec2025 00:50:35.432] [Server thread/DEBUG] [org.enginehub.piston.impl.CommandParser/]: [1ihxerlpmbkpa]: Consuming argument ``
[08Dec2025 00:50:35.524] [Server thread/DEBUG] [org.enginehub.piston.impl.CommandParser/]: [1uzl7kdrkcuri]: started parsing
[08Dec2025 00:50:35.524] [Server thread/DEBUG] [org.enginehub.piston.impl.CommandParser/]: [1uzl7kdrkcuri]: Consuming argument `w`
[08Dec2025 00:50:35.594] [Server thread/DEBUG] [org.enginehub.piston.impl.CommandParser/]: [1i6g6jexkpx5b]: started parsing
[08Dec2025 00:50:35.594] [Server thread/DEBUG] [org.enginehub.piston.impl.CommandParser/]: [1i6g6jexkpx5b]: Consuming argument `wh`
[08Dec2025 00:50:35.731] [Server thread/DEBUG] [org.enginehub.piston.impl.CommandParser/]: [08cy9uvej0p4q]: started parsing
[08Dec2025 00:50:35.731] [Server thread/DEBUG] [org.enginehub.piston.impl.CommandParser/]: [08cy9uvej0p4q]: Consuming argument `whi`
[08Dec2025 00:50:36.340] [Server thread/DEBUG] [org.enginehub.piston.impl.CommandParser/]: [031a1o47x62h9]: started parsing
[08Dec2025 00:50:36.340] [Server thread/DEBUG] [org.enginehub.piston.impl.CommandParser/]: [031a1o47x62h9]: Consuming argument `whit`
[08Dec2025 00:50:36.436] [Server thread/DEBUG] [org.enginehub.piston.impl.CommandParser/]: [13kz3y80dkj1l]: started parsing
[08Dec2025 00:50:36.436] [Server thread/DEBUG] [org.enginehub.piston.impl.CommandParser/]: [13kz3y80dkj1l]: Consuming argument `white`
[08Dec2025 00:50:36.436] [Server thread/DEBUG] [org.enginehub.piston.impl.CommandParser/]: [13kz3y80dkj1l]: Finished looking at arguments. Finalizing command.
[08Dec2025 00:50:36.740] [Server thread/DEBUG] [org.enginehub.piston.impl.CommandParser/]: [1szfaa22lk473]: started parsing
[08Dec2025 00:50:36.740] [Server thread/DEBUG] [org.enginehub.piston.impl.CommandParser/]: [1szfaa22lk473]: Consuming argument `white_`
[08Dec2025 00:50:36.872] [Server thread/DEBUG] [org.enginehub.piston.impl.CommandParser/]: [11dqvbcbfo418]: started parsing
[08Dec2025 00:50:36.872] [Server thread/DEBUG] [org.enginehub.piston.impl.CommandParser/]: [11dqvbcbfo418]: Consuming argument `white_g`
[08Dec2025 00:50:36.984] [Server thread/DEBUG] [org.enginehub.piston.impl.CommandParser/]: [031ogj27a01au]: started parsing
[08Dec2025 00:50:36.984] [Server thread/DEBUG] [org.enginehub.piston.impl.CommandParser/]: [031ogj27a01au]: Consuming argument `white_gl`
[08Dec2025 00:50:37.080] [Server thread/DEBUG] [org.enginehub.piston.impl.CommandParser/]: [07e96m2n3kbe8]: started parsing
[08Dec2025 00:50:37.080] [Server thread/DEBUG] [org.enginehub.piston.impl.CommandParser/]: [07e96m2n3kbe8]: Consuming argument `white_gla`
[08Dec2025 00:50:37.739] [Server thread/DEBUG] [org.enginehub.piston.impl.CommandParser/]: [14rfx43wt1965]: started parsing
[08Dec2025 00:50:37.739] [Server thread/DEBUG] [org.enginehub.piston.impl.CommandParser/]: [14rfx43wt1965]: Consuming argument `white_glazed_terracotta`
[08Dec2025 00:50:37.739] [Server thread/DEBUG] [org.enginehub.piston.impl.CommandParser/]: [14rfx43wt1965]: Consuming argument ``
[08Dec2025 00:50:37.758] [Server thread/DEBUG] [org.enginehub.piston.impl.CommandParser/]: [0qqyp7nizpdjw]: started parsing
[08Dec2025 00:50:37.758] [Server thread/DEBUG] [org.enginehub.piston.impl.CommandParser/]: [0qqyp7nizpdjw]: Consuming argument `white_glazed_terracotta`
[08Dec2025 00:50:37.758] [Server thread/DEBUG] [org.enginehub.piston.impl.CommandParser/]: [0qqyp7nizpdjw]: Consuming argument ``
[08Dec2025 00:50:37.816] [Server thread/DEBUG] [org.enginehub.piston.impl.CommandParser/]: [1f6lzk1lfmqwk]: started parsing
[08Dec2025 00:50:37.816] [Server thread/DEBUG] [org.enginehub.piston.impl.CommandParser/]: [1f6lzk1lfmqwk]: Consuming argument `white_glazed_terracotta`
[08Dec2025 00:50:37.816] [Server thread/DEBUG] [org.enginehub.piston.impl.CommandParser/]: [1f6lzk1lfmqwk]: Consuming argument ``
[08Dec2025 00:50:38.100] [Server thread/DEBUG] [org.enginehub.piston.impl.CommandParser/]: [0ccv46fi828e6]: started parsing
[08Dec2025 00:50:38.100] [Server thread/DEBUG] [org.enginehub.piston.impl.CommandParser/]: [0ccv46fi828e6]: Consuming argument `white_glazed_terracotta`
[08Dec2025 00:50:38.101] [Server thread/DEBUG] [org.enginehub.piston.impl.CommandParser/]: [0ccv46fi828e6]: Consuming argument ``
[08Dec2025 00:50:38.310] [Server thread/DEBUG] [org.enginehub.piston.impl.CommandParser/]: [0d968cyvfjy9o]: started parsing
[08Dec2025 00:50:38.310] [Server thread/DEBUG] [org.enginehub.piston.impl.CommandParser/]: [0d968cyvfjy9o]: Consuming argument `white_glazed_terracotta`
[08Dec2025 00:50:38.310] [Server thread/DEBUG] [org.enginehub.piston.impl.CommandParser/]: [0d968cyvfjy9o]: Consuming argument ``
[08Dec2025 00:50:38.557] [Server thread/DEBUG] [org.enginehub.piston.impl.CommandParser/]: [02tsoav7p2akm]: started parsing
[08Dec2025 00:50:38.557] [Server thread/DEBUG] [org.enginehub.piston.impl.CommandParser/]: [02tsoav7p2akm]: Consuming argument `white_glazed_terracotta`
[08Dec2025 00:50:38.557] [Server thread/DEBUG] [org.enginehub.piston.impl.CommandParser/]: [02tsoav7p2akm]: Consuming argument ``
[08Dec2025 00:50:38.687] [Server thread/DEBUG] [org.enginehub.piston.impl.CommandParser/]: [11hqeyoe16vha]: started parsing
[08Dec2025 00:50:38.687] [Server thread/DEBUG] [org.enginehub.piston.impl.CommandParser/]: [11hqeyoe16vha]: Consuming argument `white_glazed_terracotta`
[08Dec2025 00:50:38.687] [Server thread/DEBUG] [org.enginehub.piston.impl.CommandParser/]: [11hqeyoe16vha]: Consuming argument ``
[08Dec2025 00:50:38.809] [Server thread/DEBUG] [org.enginehub.piston.impl.CommandParser/]: [0kq11xhakmob0]: started parsing
[08Dec2025 00:50:38.809] [Server thread/DEBUG] [org.enginehub.piston.impl.CommandParser/]: [0kq11xhakmob0]: Consuming argument `white_glazed_terracotta`
[08Dec2025 00:50:38.810] [Server thread/DEBUG] [org.enginehub.piston.impl.CommandParser/]: [0kq11xhakmob0]: Finished looking at arguments. Finalizing command.
[08Dec2025 00:50:38.992] [Server thread/DEBUG] [org.enginehub.piston.impl.CommandParser/]: [1oxgtm1kywgv3]: started parsing
[08Dec2025 00:50:38.992] [Server thread/DEBUG] [org.enginehub.piston.impl.CommandParser/]: [1oxgtm1kywgv3]: Consuming argument `white_glazed_terracotta,`
[08Dec2025 00:50:39.216] [Server thread/INFO] [net.minecraft.server.network.ServerGamePacketListenerImpl/]: Lin4Pepi issued server command: //replace white_glazed_terracotta,
[08Dec2025 00:50:39.216] [Server thread/DEBUG] [org.enginehub.piston.impl.CommandParser/]: [1i9wf863k6321]: started parsing
[08Dec2025 00:50:39.216] [Server thread/DEBUG] [org.enginehub.piston.impl.CommandParser/]: [1i9wf863k6321]: Consuming argument `white_glazed_terracotta,`
[08Dec2025 00:50:42.462] [Server thread/DEBUG] [org.enginehub.piston.impl.CommandParser/]: [19t8sikkykt4f]: started parsing
[08Dec2025 00:50:42.462] [Server thread/DEBUG] [org.enginehub.piston.impl.CommandParser/]: [19t8sikkykt4f]: Consuming argument `white_glazed_terracotta,`
[08Dec2025 00:50:42.465] [Server thread/DEBUG] [org.enginehub.piston.impl.CommandParser/]: [12hqyrxppeeu5]: started parsing
[08Dec2025 00:50:42.465] [Server thread/DEBUG] [org.enginehub.piston.impl.CommandParser/]: [12hqyrxppeeu5]: Consuming argument `white_glazed_terracotta,`
[08Dec2025 00:50:42.911] [Server thread/DEBUG] [org.enginehub.piston.impl.CommandParser/]: [13bc8vj1ornrp]: started parsing
[08Dec2025 00:50:42.912] [Server thread/DEBUG] [org.enginehub.piston.impl.CommandParser/]: [13bc8vj1ornrp]: Consuming argument `white_glazed_terracotta,g`
[08Dec2025 00:50:43.147] [Server thread/DEBUG] [org.enginehub.piston.impl.CommandParser/]: [0mxmiwuzyxfw8]: started parsing
[08Dec2025 00:50:43.147] [Server thread/DEBUG] [org.enginehub.piston.impl.CommandParser/]: [0mxmiwuzyxfw8]: Consuming argument `white_glazed_terracotta,ga`
[08Dec2025 00:50:43.466] [Server thread/DEBUG] [org.enginehub.piston.impl.CommandParser/]: [1qt130xvfdnlu]: started parsing
[08Dec2025 00:50:43.466] [Server thread/DEBUG] [org.enginehub.piston.impl.CommandParser/]: [1qt130xvfdnlu]: Consuming argument `white_glazed_terracotta,gar`
[08Dec2025 00:50:43.502] [Server thread/DEBUG] [org.enginehub.piston.impl.CommandParser/]: [0d388hghxjiso]: started parsing
[08Dec2025 00:50:43.502] [Server thread/DEBUG] [org.enginehub.piston.impl.CommandParser/]: [0d388hghxjiso]: Consuming argument `white_glazed_terracotta,gara`
[08Dec2025 00:50:43.588] [Server thread/DEBUG] [org.enginehub.piston.impl.CommandParser/]: [1hoban6l0h8sj]: started parsing
[08Dec2025 00:50:43.588] [Server thread/DEBUG] [org.enginehub.piston.impl.CommandParser/]: [1hoban6l0h8sj]: Consuming argument `white_glazed_terracotta,gar`
[08Dec2025 00:50:43.725] [Server thread/DEBUG] [org.enginehub.piston.impl.CommandParser/]: [0oepcfezvfy0z]: started parsing
[08Dec2025 00:50:43.726] [Server thread/DEBUG] [org.enginehub.piston.impl.CommandParser/]: [0oepcfezvfy0z]: Consuming argument `white_glazed_terracotta,ga`
[08Dec2025 00:50:43.837] [Server thread/DEBUG] [org.enginehub.piston.impl.CommandParser/]: [1u86zegh4zd9x]: started parsing
[08Dec2025 00:50:43.837] [Server thread/DEBUG] [org.enginehub.piston.impl.CommandParser/]: [1u86zegh4zd9x]: Consuming argument `white_glazed_terracotta,g`
[08Dec2025 00:50:44.208] [Server thread/DEBUG] [org.enginehub.piston.impl.CommandParser/]: [0oa8q0gen0gah]: started parsing
[08Dec2025 00:50:44.208] [Server thread/DEBUG] [org.enginehub.piston.impl.CommandParser/]: [0oa8q0gen0gah]: Consuming argument `white_glazed_terracotta,gr`
[08Dec2025 00:50:44.242] [Server thread/DEBUG] [org.enginehub.piston.impl.CommandParser/]: [0xdcngpl3k1v5]: started parsing
[08Dec2025 00:50:44.242] [Server thread/DEBUG] [org.enginehub.piston.impl.CommandParser/]: [0xdcngpl3k1v5]: Consuming argument `white_glazed_terracotta,gra`
[08Dec2025 00:50:44.372] [Server thread/DEBUG] [org.enginehub.piston.impl.CommandParser/]: [0rtjibs7v2qhk]: started parsing
[08Dec2025 00:50:44.372] [Server thread/DEBUG] [org.enginehub.piston.impl.CommandParser/]: [0rtjibs7v2qhk]: Consuming argument `white_glazed_terracotta,grat`
[08Dec2025 00:50:44.866] [Server thread/DEBUG] [org.enginehub.piston.impl.CommandParser/]: [0akdvcfaelv8c]: started parsing
[08Dec2025 00:50:44.866] [Server thread/DEBUG] [org.enginehub.piston.impl.CommandParser/]: [0akdvcfaelv8c]: Consuming argument `white_glazed_terracotta,gra`
[08Dec2025 00:50:45.130] [Server thread/DEBUG] [org.enginehub.piston.impl.CommandParser/]: [1139uw965hbcl]: started parsing
[08Dec2025 00:50:45.130] [Server thread/DEBUG] [org.enginehub.piston.impl.CommandParser/]: [1139uw965hbcl]: Consuming argument `white_glazed_terracotta,gray`
[08Dec2025 00:50:45.130] [Server thread/DEBUG] [org.enginehub.piston.impl.CommandParser/]: [1139uw965hbcl]: Finished looking at arguments. Finalizing command.
[08Dec2025 00:50:46.695] [Server thread/DEBUG] [org.enginehub.piston.impl.CommandParser/]: [01cu8ds39yx9n]: started parsing
[08Dec2025 00:50:46.695] [Server thread/DEBUG] [org.enginehub.piston.impl.CommandParser/]: [01cu8ds39yx9n]: Consuming argument `white_glazed_terracotta,gra`
[08Dec2025 00:50:47.537] [Server thread/DEBUG] [org.enginehub.piston.impl.CommandParser/]: [0t84sc9wel9i1]: started parsing
[08Dec2025 00:50:47.537] [Server thread/DEBUG] [org.enginehub.piston.impl.CommandParser/]: [0t84sc9wel9i1]: Consuming argument `white_glazed_terracotta,gray`
[08Dec2025 00:50:47.537] [Server thread/DEBUG] [org.enginehub.piston.impl.CommandParser/]: [0t84sc9wel9i1]: Finished looking at arguments. Finalizing command.
[08Dec2025 00:50:48.012] [Server thread/DEBUG] [org.enginehub.piston.impl.CommandParser/]: [0n94dgpgxfr67]: started parsing
[08Dec2025 00:50:48.012] [Server thread/DEBUG] [org.enginehub.piston.impl.CommandParser/]: [0n94dgpgxfr67]: Consuming argument `white_glazed_terracotta,gray_`
[08Dec2025 00:50:48.331] [Server thread/DEBUG] [org.enginehub.piston.impl.CommandParser/]: [1d22zkqvdlwm3]: started parsing
[08Dec2025 00:50:48.331] [Server thread/DEBUG] [org.enginehub.piston.impl.CommandParser/]: [1d22zkqvdlwm3]: Consuming argument `white_glazed_terracotta,gray_g`
[08Dec2025 00:50:48.567] [Server thread/DEBUG] [org.enginehub.piston.impl.CommandParser/]: [13qsocnq53yic]: started parsing
[08Dec2025 00:50:48.567] [Server thread/DEBUG] [org.enginehub.piston.impl.CommandParser/]: [13qsocnq53yic]: Consuming argument `white_glazed_terracotta,gray_gl`
[08Dec2025 00:50:49.072] [Server thread/DEBUG] [org.enginehub.piston.impl.CommandParser/]: [0dc3nhsw08u6p]: started parsing
[08Dec2025 00:50:49.072] [Server thread/DEBUG] [org.enginehub.piston.impl.CommandParser/]: [0dc3nhsw08u6p]: Consuming argument `white_glazed_terracotta,gray_glazed_terracotta`
[08Dec2025 00:50:49.072] [Server thread/DEBUG] [org.enginehub.piston.impl.CommandParser/]: [0dc3nhsw08u6p]: Consuming argument ``
[08Dec2025 00:50:49.167] [Server thread/DEBUG] [org.enginehub.piston.impl.CommandParser/]: [0l0khlw2xcnid]: started parsing
[08Dec2025 00:50:49.167] [Server thread/DEBUG] [org.enginehub.piston.impl.CommandParser/]: [0l0khlw2xcnid]: Consuming argument `white_glazed_terracotta,gray_glazed_terracotta`
[08Dec2025 00:50:49.167] [Server thread/DEBUG] [org.enginehub.piston.impl.CommandParser/]: [0l0khlw2xcnid]: Consuming argument ``
[08Dec2025 00:50:49.611] [Server thread/DEBUG] [org.enginehub.piston.impl.CommandParser/]: [1d08g6g25jbv2]: started parsing
[08Dec2025 00:50:49.611] [Server thread/DEBUG] [org.enginehub.piston.impl.CommandParser/]: [1d08g6g25jbv2]: Consuming argument `white_glazed_terracotta,gray_glazed_terracotta`
[08Dec2025 00:50:49.611] [Server thread/DEBUG] [org.enginehub.piston.impl.CommandParser/]: [1d08g6g25jbv2]: Consuming argument ``
[08Dec2025 00:50:50.547] [Server thread/DEBUG] [org.enginehub.piston.impl.CommandParser/]: [11o1dwipwawxo]: started parsing
[08Dec2025 00:50:50.547] [Server thread/DEBUG] [org.enginehub.piston.impl.CommandParser/]: [11o1dwipwawxo]: Consuming argument `white_glazed_terracotta,gray_glazed_terracotta`
[08Dec2025 00:50:50.548] [Server thread/DEBUG] [org.enginehub.piston.impl.CommandParser/]: [11o1dwipwawxo]: Consuming argument `1`
[08Dec2025 00:50:50.548] [Server thread/DEBUG] [org.enginehub.piston.impl.CommandParser/]: [11o1dwipwawxo]: Finished looking at arguments. Finalizing command.
[08Dec2025 00:50:50.802] [Server thread/DEBUG] [org.enginehub.piston.impl.CommandParser/]: [1c20m4ae2inoa]: started parsing
[08Dec2025 00:50:50.802] [Server thread/DEBUG] [org.enginehub.piston.impl.CommandParser/]: [1c20m4ae2inoa]: Consuming argument `white_glazed_terracotta,gray_glazed_terracotta`
[08Dec2025 00:50:50.802] [Server thread/DEBUG] [org.enginehub.piston.impl.CommandParser/]: [1c20m4ae2inoa]: Consuming argument ``
[08Dec2025 00:50:51.534] [Server thread/DEBUG] [org.enginehub.piston.impl.CommandParser/]: [1wve8gx6dddt4]: started parsing
[08Dec2025 00:50:51.534] [Server thread/DEBUG] [org.enginehub.piston.impl.CommandParser/]: [1wve8gx6dddt4]: Consuming argument `white_glazed_terracotta,gray_glazed_terracotta`
[08Dec2025 00:50:51.534] [Server thread/DEBUG] [org.enginehub.piston.impl.CommandParser/]: [1wve8gx6dddt4]: Consuming argument `g`
[08Dec2025 00:50:51.553] [Server thread/DEBUG] [org.enginehub.piston.impl.CommandParser/]: [05hgs94yetlcs]: started parsing
[08Dec2025 00:50:51.553] [Server thread/DEBUG] [org.enginehub.piston.impl.CommandParser/]: [05hgs94yetlcs]: Consuming argument `white_glazed_terracotta,gray_glazed_terracotta`
[08Dec2025 00:50:51.553] [Server thread/DEBUG] [org.enginehub.piston.impl.CommandParser/]: [05hgs94yetlcs]: Consuming argument `gr`
[08Dec2025 00:50:51.605] [Server thread/DEBUG] [org.enginehub.piston.impl.CommandParser/]: [17y8q4zutd59o]: started parsing
[08Dec2025 00:50:51.605] [Server thread/DEBUG] [org.enginehub.piston.impl.CommandParser/]: [17y8q4zutd59o]: Consuming argument `white_glazed_terracotta,gray_glazed_terracotta`
[08Dec2025 00:50:51.605] [Server thread/DEBUG] [org.enginehub.piston.impl.CommandParser/]: [17y8q4zutd59o]: Consuming argument `gra`
[08Dec2025 00:50:52.669] [Server thread/DEBUG] [org.enginehub.piston.impl.CommandParser/]: [0cxrx6i35km6i]: started parsing
[08Dec2025 00:50:52.669] [Server thread/DEBUG] [org.enginehub.piston.impl.CommandParser/]: [0cxrx6i35km6i]: Consuming argument `white_glazed_terracotta,gray_glazed_terracotta`
[08Dec2025 00:50:52.669] [Server thread/DEBUG] [org.enginehub.piston.impl.CommandParser/]: [0cxrx6i35km6i]: Consuming argument `gr`
[08Dec2025 00:50:52.805] [Server thread/DEBUG] [org.enginehub.piston.impl.CommandParser/]: [0j8705sul6xkh]: started parsing
[08Dec2025 00:50:52.805] [Server thread/DEBUG] [org.enginehub.piston.impl.CommandParser/]: [0j8705sul6xkh]: Consuming argument `white_glazed_terracotta,gray_glazed_terracotta`
[08Dec2025 00:50:52.806] [Server thread/DEBUG] [org.enginehub.piston.impl.CommandParser/]: [0j8705sul6xkh]: Consuming argument `g`
[08Dec2025 00:50:53.205] [Server thread/DEBUG] [org.enginehub.piston.impl.CommandParser/]: [1k1j66pxd2dic]: started parsing
[08Dec2025 00:50:53.205] [Server thread/DEBUG] [org.enginehub.piston.impl.CommandParser/]: [1k1j66pxd2dic]: Consuming argument `white_glazed_terracotta,gray_glazed_terracotta`
[08Dec2025 00:50:53.206] [Server thread/DEBUG] [org.enginehub.piston.impl.CommandParser/]: [1k1j66pxd2dic]: Consuming argument ``
[08Dec2025 00:50:53.488] [Server thread/DEBUG] [org.enginehub.piston.impl.CommandParser/]: [1srbw9ani9qyk]: started parsing
[08Dec2025 00:50:53.488] [Server thread/DEBUG] [org.enginehub.piston.impl.CommandParser/]: [1srbw9ani9qyk]: Consuming argument `white_glazed_terracotta,gray_glazed_terracotta`
[08Dec2025 00:50:53.488] [Server thread/DEBUG] [org.enginehub.piston.impl.CommandParser/]: [1srbw9ani9qyk]: Finished looking at arguments. Finalizing command.
[08Dec2025 00:50:53.791] [Server thread/DEBUG] [org.enginehub.piston.impl.CommandParser/]: [10ysd7vbwidej]: started parsing
[08Dec2025 00:50:53.791] [Server thread/DEBUG] [org.enginehub.piston.impl.CommandParser/]: [10ysd7vbwidej]: Consuming argument ``
[08Dec2025 00:50:54.338] [Server thread/DEBUG] [org.enginehub.piston.impl.CommandParser/]: [00x9vd5b9z2ck]: started parsing
[08Dec2025 00:50:54.338] [Server thread/DEBUG] [org.enginehub.piston.impl.CommandParser/]: [00x9vd5b9z2ck]: Consuming argument `g`
[08Dec2025 00:50:54.380] [Server thread/DEBUG] [org.enginehub.piston.impl.CommandParser/]: [0wmg2x3ddd3xl]: started parsing
[08Dec2025 00:50:54.381] [Server thread/DEBUG] [org.enginehub.piston.impl.CommandParser/]: [0wmg2x3ddd3xl]: Consuming argument `gr`
[08Dec2025 00:50:55.169] [Server thread/DEBUG] [org.enginehub.piston.impl.CommandParser/]: [0fmlhuyo8pdse]: started parsing
[08Dec2025 00:50:55.170] [Server thread/DEBUG] [org.enginehub.piston.impl.CommandParser/]: [0fmlhuyo8pdse]: Consuming argument `g`
[08Dec2025 00:50:55.332] [Server thread/DEBUG] [org.enginehub.piston.impl.CommandParser/]: [0ia2e84rqhmee]: started parsing
[08Dec2025 00:50:55.332] [Server thread/DEBUG] [org.enginehub.piston.impl.CommandParser/]: [0ia2e84rqhmee]: Consuming argument ``
[08Dec2025 00:50:55.548] [Server thread/DEBUG] [org.enginehub.piston.impl.CommandParser/]: [0hm62pr22ob9d]: started parsing
[08Dec2025 00:50:55.548] [Server thread/DEBUG] [org.enginehub.piston.impl.CommandParser/]: [0hm62pr22ob9d]: Consuming argument `h`
[08Dec2025 00:50:55.681] [Server thread/DEBUG] [org.enginehub.piston.impl.CommandParser/]: [03afvkej6v4e5]: started parsing
[08Dec2025 00:50:55.681] [Server thread/DEBUG] [org.enginehub.piston.impl.CommandParser/]: [03afvkej6v4e5]: Consuming argument `hi`
[08Dec2025 00:50:55.723] [Server thread/DEBUG] [org.enginehub.piston.impl.CommandParser/]: [1xts9qeqnecub]: started parsing
[08Dec2025 00:50:55.723] [Server thread/DEBUG] [org.enginehub.piston.impl.CommandParser/]: [1xts9qeqnecub]: Consuming argument `hit`
[08Dec2025 00:50:55.772] [Server thread/DEBUG] [org.enginehub.piston.impl.CommandParser/]: [1ue79a0k8pufx]: started parsing
[08Dec2025 00:50:55.772] [Server thread/DEBUG] [org.enginehub.piston.impl.CommandParser/]: [1ue79a0k8pufx]: Consuming argument `hite`
[08Dec2025 00:50:56.002] [Server thread/DEBUG] [org.enginehub.piston.impl.CommandParser/]: [1f93r6eue0u67]: started parsing
[08Dec2025 00:50:56.002] [Server thread/DEBUG] [org.enginehub.piston.impl.CommandParser/]: [1f93r6eue0u67]: Consuming argument `hit`
[08Dec2025 00:50:56.122] [Server thread/DEBUG] [org.enginehub.piston.impl.CommandParser/]: [1qfc6qj8t7vfp]: started parsing
[08Dec2025 00:50:56.122] [Server thread/DEBUG] [org.enginehub.piston.impl.CommandParser/]: [1qfc6qj8t7vfp]: Consuming argument `hi`
[08Dec2025 00:50:56.231] [Server thread/DEBUG] [org.enginehub.piston.impl.CommandParser/]: [1dz3mfhqnioe7]: started parsing
[08Dec2025 00:50:56.231] [Server thread/DEBUG] [org.enginehub.piston.impl.CommandParser/]: [1dz3mfhqnioe7]: Consuming argument `h`
[08Dec2025 00:50:56.362] [Server thread/DEBUG] [org.enginehub.piston.impl.CommandParser/]: [1nguyz9cvgobf]: started parsing
[08Dec2025 00:50:56.362] [Server thread/DEBUG] [org.enginehub.piston.impl.CommandParser/]: [1nguyz9cvgobf]: Consuming argument ``
[08Dec2025 00:50:56.417] [Server thread/DEBUG] [org.enginehub.piston.impl.CommandParser/]: [1e6lydh0dzvlj]: started parsing
[08Dec2025 00:50:56.417] [Server thread/DEBUG] [org.enginehub.piston.impl.CommandParser/]: [1e6lydh0dzvlj]: Consuming argument `w`
[08Dec2025 00:50:56.509] [Server thread/DEBUG] [org.enginehub.piston.impl.CommandParser/]: [0yvg9hd9xfcfl]: started parsing
[08Dec2025 00:50:56.509] [Server thread/DEBUG] [org.enginehub.piston.impl.CommandParser/]: [0yvg9hd9xfcfl]: Consuming argument `wh`
[08Dec2025 00:50:56.665] [Server thread/DEBUG] [org.enginehub.piston.impl.CommandParser/]: [1e8m1y7nap0jr]: started parsing
[08Dec2025 00:50:56.665] [Server thread/DEBUG] [org.enginehub.piston.impl.CommandParser/]: [1e8m1y7nap0jr]: Consuming argument `whi`
[08Dec2025 00:50:56.730] [Server thread/DEBUG] [org.enginehub.piston.impl.CommandParser/]: [0mmp4g80bnngk]: started parsing
[08Dec2025 00:50:56.730] [Server thread/DEBUG] [org.enginehub.piston.impl.CommandParser/]: [0mmp4g80bnngk]: Consuming argument `whit`
[08Dec2025 00:50:56.767] [Server thread/DEBUG] [org.enginehub.piston.impl.CommandParser/]: [0lg5v2494fpp5]: started parsing
[08Dec2025 00:50:56.767] [Server thread/DEBUG] [org.enginehub.piston.impl.CommandParser/]: [0lg5v2494fpp5]: Consuming argument `white`
[08Dec2025 00:50:56.767] [Server thread/DEBUG] [org.enginehub.piston.impl.CommandParser/]: [0lg5v2494fpp5]: Finished looking at arguments. Finalizing command.
[08Dec2025 00:50:57.359] [Server thread/DEBUG] [org.enginehub.piston.impl.CommandParser/]: [0457s31zt5knw]: started parsing
[08Dec2025 00:50:57.359] [Server thread/DEBUG] [org.enginehub.piston.impl.CommandParser/]: [0457s31zt5knw]: Consuming argument `white_`
[08Dec2025 00:50:57.573] [Server thread/DEBUG] [org.enginehub.piston.impl.CommandParser/]: [1ccfmvtoa0rq9]: started parsing
[08Dec2025 00:50:57.573] [Server thread/DEBUG] [org.enginehub.piston.impl.CommandParser/]: [1ccfmvtoa0rq9]: Consuming argument `white_g`
[08Dec2025 00:50:57.660] [Server thread/DEBUG] [org.enginehub.piston.impl.CommandParser/]: [0x34vgzaxrbbo]: started parsing
[08Dec2025 00:50:57.660] [Server thread/DEBUG] [org.enginehub.piston.impl.CommandParser/]: [0x34vgzaxrbbo]: Consuming argument `white_gl`
[08Dec2025 00:50:57.776] [Server thread/DEBUG] [org.enginehub.piston.impl.CommandParser/]: [0b1ku1d5vbw38]: started parsing
[08Dec2025 00:50:57.776] [Server thread/DEBUG] [org.enginehub.piston.impl.CommandParser/]: [0b1ku1d5vbw38]: Consuming argument `white_gla`
[08Dec2025 00:50:58.257] [Server thread/DEBUG] [org.enginehub.piston.impl.CommandParser/]: [19npoylfkxcqz]: started parsing
[08Dec2025 00:50:58.257] [Server thread/DEBUG] [org.enginehub.piston.impl.CommandParser/]: [19npoylfkxcqz]: Consuming argument `white_glazed_terracotta`
[08Dec2025 00:50:58.258] [Server thread/DEBUG] [org.enginehub.piston.impl.CommandParser/]: [19npoylfkxcqz]: Consuming argument ``
[08Dec2025 00:50:58.367] [Server thread/DEBUG] [org.enginehub.piston.impl.CommandParser/]: [0mxemjg73vr87]: started parsing
[08Dec2025 00:50:58.367] [Server thread/DEBUG] [org.enginehub.piston.impl.CommandParser/]: [0mxemjg73vr87]: Consuming argument `white_glazed_terracotta`
[08Dec2025 00:50:58.367] [Server thread/DEBUG] [org.enginehub.piston.impl.CommandParser/]: [0mxemjg73vr87]: Consuming argument ``
[08Dec2025 00:50:58.653] [Server thread/INFO] [net.minecraft.server.network.ServerGamePacketListenerImpl/]: Lin4Pepi issued server command: //replace white_glazed_terracotta white_glazed_terracotta,gray_glazed_terracotta
[08Dec2025 00:50:58.654] [Server thread/DEBUG] [org.enginehub.piston.impl.CommandParser/]: [1to2rgwya4auq]: started parsing
[08Dec2025 00:50:58.654] [Server thread/DEBUG] [org.enginehub.piston.impl.CommandParser/]: [1to2rgwya4auq]: Consuming argument `white_glazed_terracotta`
[08Dec2025 00:50:58.654] [Server thread/DEBUG] [org.enginehub.piston.impl.CommandParser/]: [1to2rgwya4auq]: Consuming argument `white_glazed_terracotta,gray_glazed_terracotta`
[08Dec2025 00:50:58.654] [Server thread/DEBUG] [org.enginehub.piston.impl.CommandParser/]: [1to2rgwya4auq]: Finished looking at arguments. Finalizing command.
[08Dec2025 00:50:59.553] [Server thread/DEBUG] [org.enginehub.piston.impl.CommandParser/]: [1mxdlene6ju59]: started parsing
[08Dec2025 00:50:59.553] [Server thread/DEBUG] [org.enginehub.piston.impl.CommandParser/]: [1mxdlene6ju59]: Consuming argument `white_glazed_terracotta`
[08Dec2025 00:50:59.554] [Server thread/DEBUG] [org.enginehub.piston.impl.CommandParser/]: [1mxdlene6ju59]: Consuming argument `white_glazed_terracotta,gray_glazed_terracotta`
[08Dec2025 00:50:59.554] [Server thread/DEBUG] [org.enginehub.piston.impl.CommandParser/]: [1mxdlene6ju59]: Finished looking at arguments. Finalizing command.
[08Dec2025 00:50:59.554] [Server thread/DEBUG] [org.enginehub.piston.impl.CommandParser/]: [1gs95ulpl7ubj]: started parsing
[08Dec2025 00:50:59.554] [Server thread/DEBUG] [org.enginehub.piston.impl.CommandParser/]: [1gs95ulpl7ubj]: Consuming argument `white_glazed_terracotta`
[08Dec2025 00:50:59.554] [Server thread/DEBUG] [org.enginehub.piston.impl.CommandParser/]: [1gs95ulpl7ubj]: Consuming argument `white_glazed_terracotta,gray_glazed_terracotta`
[08Dec2025 00:50:59.554] [Server thread/DEBUG] [org.enginehub.piston.impl.CommandParser/]: [1gs95ulpl7ubj]: Finished looking at arguments. Finalizing command.
[08Dec2025 00:51:00.113] [Server thread/DEBUG] [org.enginehub.piston.impl.CommandParser/]: [0r274eaa3hcz0]: started parsing
[08Dec2025 00:51:00.113] [Server thread/DEBUG] [org.enginehub.piston.impl.CommandParser/]: [0r274eaa3hcz0]: Consuming argument `white_glazed_terracotta`
[08Dec2025 00:51:00.113] [Server thread/DEBUG] [org.enginehub.piston.impl.CommandParser/]: [0r274eaa3hcz0]: Consuming argument ``
[08Dec2025 00:51:00.721] [Server thread/DEBUG] [org.enginehub.piston.impl.CommandParser/]: [03hyh10wpbzez]: started parsing
[08Dec2025 00:51:00.721] [Server thread/DEBUG] [org.enginehub.piston.impl.CommandParser/]: [03hyh10wpbzez]: Consuming argument `white_glazed_terracotta`
[08Dec2025 00:51:00.721] [Server thread/DEBUG] [org.enginehub.piston.impl.CommandParser/]: [03hyh10wpbzez]: Finished looking at arguments. Finalizing command.
[08Dec2025 00:51:01.271] [Server thread/DEBUG] [org.enginehub.piston.impl.CommandParser/]: [19p5405cacyum]: started parsing
[08Dec2025 00:51:01.271] [Server thread/DEBUG] [org.enginehub.piston.impl.CommandParser/]: [19p5405cacyum]: Consuming argument `white_glazed_terracotta`
[08Dec2025 00:51:01.271] [Server thread/DEBUG] [org.enginehub.piston.impl.CommandParser/]: [19p5405cacyum]: Consuming argument ``
[08Dec2025 00:51:01.317] [Server thread/DEBUG] [org.enginehub.piston.impl.CommandParser/]: [0y4car5c58yr5]: started parsing
[08Dec2025 00:51:01.317] [Server thread/DEBUG] [org.enginehub.piston.impl.CommandParser/]: [0y4car5c58yr5]: Consuming argument `white_glazed_terracotta`
[08Dec2025 00:51:01.317] [Server thread/DEBUG] [org.enginehub.piston.impl.CommandParser/]: [0y4car5c58yr5]: Consuming argument ``
[08Dec2025 00:51:01.472] [Server thread/INFO] [net.minecraft.server.network.ServerGamePacketListenerImpl/]: Lin4Pepi issued server command: //replace white_glazed_terracotta white_glazed_terracotta,gray_glazed_terracotta
[08Dec2025 00:51:01.473] [Server thread/DEBUG] [org.enginehub.piston.impl.CommandParser/]: [1s1rnrf1bn5u6]: started parsing
[08Dec2025 00:51:01.473] [Server thread/DEBUG] [org.enginehub.piston.impl.CommandParser/]: [1s1rnrf1bn5u6]: Consuming argument `white_glazed_terracotta`
[08Dec2025 00:51:01.473] [Server thread/DEBUG] [org.enginehub.piston.impl.CommandParser/]: [1s1rnrf1bn5u6]: Consuming argument `white_glazed_terracotta,gray_glazed_terracotta`
[08Dec2025 00:51:01.473] [Server thread/DEBUG] [org.enginehub.piston.impl.CommandParser/]: [1s1rnrf1bn5u6]: Finished looking at arguments. Finalizing command.
[08Dec2025 00:51:02.069] [Server thread/DEBUG] [org.enginehub.piston.impl.CommandParser/]: [1381r4kq4gv3f]: started parsing
[08Dec2025 00:51:02.069] [Server thread/DEBUG] [org.enginehub.piston.impl.CommandParser/]: [1381r4kq4gv3f]: Consuming argument `white_glazed_terracotta`
[08Dec2025 00:51:02.069] [Server thread/DEBUG] [org.enginehub.piston.impl.CommandParser/]: [1381r4kq4gv3f]: Consuming argument `white_glazed_terracotta,gray_glazed_terracotta`
[08Dec2025 00:51:02.069] [Server thread/DEBUG] [org.enginehub.piston.impl.CommandParser/]: [1381r4kq4gv3f]: Finished looking at arguments. Finalizing command.
[08Dec2025 00:51:02.069] [Server thread/DEBUG] [org.enginehub.piston.impl.CommandParser/]: [159rs4uss9qgs]: started parsing
[08Dec2025 00:51:02.069] [Server thread/DEBUG] [org.enginehub.piston.impl.CommandParser/]: [159rs4uss9qgs]: Consuming argument `white_glazed_terracotta`
[08Dec2025 00:51:02.069] [Server thread/DEBUG] [org.enginehub.piston.impl.CommandParser/]: [159rs4uss9qgs]: Consuming argument `white_glazed_terracotta,gray_glazed_terracotta`
[08Dec2025 00:51:02.069] [Server thread/DEBUG] [org.enginehub.piston.impl.CommandParser/]: [159rs4uss9qgs]: Finished looking at arguments. Finalizing command.
[08Dec2025 00:51:02.313] [Server thread/DEBUG] [org.enginehub.piston.impl.CommandParser/]: [0ovr2kekr14uz]: started parsing
[08Dec2025 00:51:02.313] [Server thread/DEBUG] [org.enginehub.piston.impl.CommandParser/]: [0ovr2kekr14uz]: Consuming argument `white_glazed_terracotta`
[08Dec2025 00:51:02.313] [Server thread/DEBUG] [org.enginehub.piston.impl.CommandParser/]: [0ovr2kekr14uz]: Consuming argument ``
[08Dec2025 00:51:02.815] [Server thread/DEBUG] [org.enginehub.piston.impl.CommandParser/]: [0uc96fo9l5xoe]: started parsing
[08Dec2025 00:51:02.815] [Server thread/DEBUG] [org.enginehub.piston.impl.CommandParser/]: [0uc96fo9l5xoe]: Consuming argument `white_glazed_terracotta`
[08Dec2025 00:51:02.816] [Server thread/DEBUG] [org.enginehub.piston.impl.CommandParser/]: [0uc96fo9l5xoe]: Finished looking at arguments. Finalizing command.
[08Dec2025 00:51:03.269] [Server thread/DEBUG] [org.enginehub.piston.impl.CommandParser/]: [0u2cbpaptkxyf]: started parsing
[08Dec2025 00:51:03.269] [Server thread/DEBUG] [org.enginehub.piston.impl.CommandParser/]: [0u2cbpaptkxyf]: Consuming argument `white_glazed_terracotta`
[08Dec2025 00:51:03.270] [Server thread/DEBUG] [org.enginehub.piston.impl.CommandParser/]: [0u2cbpaptkxyf]: Consuming argument ``
[08Dec2025 00:51:03.288] [Server thread/DEBUG] [org.enginehub.piston.impl.CommandParser/]: [1n39ydd6aaxca]: started parsing
[08Dec2025 00:51:03.288] [Server thread/DEBUG] [org.enginehub.piston.impl.CommandParser/]: [1n39ydd6aaxca]: Consuming argument `white_glazed_terracotta`
[08Dec2025 00:51:03.288] [Server thread/DEBUG] [org.enginehub.piston.impl.CommandParser/]: [1n39ydd6aaxca]: Consuming argument ``
[08Dec2025 00:51:03.564] [Server thread/INFO] [net.minecraft.server.network.ServerGamePacketListenerImpl/]: Lin4Pepi issued server command: //replace white_glazed_terracotta white_glazed_terracotta,gray_glazed_terracotta
[08Dec2025 00:51:03.564] [Server thread/DEBUG] [org.enginehub.piston.impl.CommandParser/]: [1c2e2yv2w88zc]: started parsing
[08Dec2025 00:51:03.564] [Server thread/DEBUG] [org.enginehub.piston.impl.CommandParser/]: [1c2e2yv2w88zc]: Consuming argument `white_glazed_terracotta`
[08Dec2025 00:51:03.565] [Server thread/DEBUG] [org.enginehub.piston.impl.CommandParser/]: [1c2e2yv2w88zc]: Consuming argument `white_glazed_terracotta,gray_glazed_terracotta`
[08Dec2025 00:51:03.565] [Server thread/DEBUG] [org.enginehub.piston.impl.CommandParser/]: [1c2e2yv2w88zc]: Finished looking at arguments. Finalizing command.
[08Dec2025 00:51:05.634] [Server thread/INFO] [net.minecraft.server.network.ServerGamePacketListenerImpl/]: Lin4Pepi issued server command: //undo
[08Dec2025 00:51:05.634] [Server thread/DEBUG] [org.enginehub.piston.impl.CommandParser/]: [1derdo2m7uahp]: started parsing
[08Dec2025 00:51:05.634] [Server thread/DEBUG] [org.enginehub.piston.impl.CommandParser/]: [1derdo2m7uahp]: Finished looking at arguments. Finalizing command.
[08Dec2025 00:51:06.244] [Server thread/DEBUG] [org.enginehub.piston.impl.CommandParser/]: [0o7n73ylqn5mh]: started parsing
[08Dec2025 00:51:06.244] [Server thread/DEBUG] [org.enginehub.piston.impl.CommandParser/]: [0o7n73ylqn5mh]: Consuming argument `white_glazed_terracotta`
[08Dec2025 00:51:06.244] [Server thread/DEBUG] [org.enginehub.piston.impl.CommandParser/]: [0o7n73ylqn5mh]: Consuming argument `white_glazed_terracotta,gray_glazed_terracotta`
[08Dec2025 00:51:06.244] [Server thread/DEBUG] [org.enginehub.piston.impl.CommandParser/]: [0o7n73ylqn5mh]: Finished looking at arguments. Finalizing command.
[08Dec2025 00:51:06.244] [Server thread/DEBUG] [org.enginehub.piston.impl.CommandParser/]: [0zw753gxaa21a]: started parsing
[08Dec2025 00:51:06.244] [Server thread/DEBUG] [org.enginehub.piston.impl.CommandParser/]: [0zw753gxaa21a]: Consuming argument `white_glazed_terracotta`
[08Dec2025 00:51:06.244] [Server thread/DEBUG] [org.enginehub.piston.impl.CommandParser/]: [0zw753gxaa21a]: Consuming argument `white_glazed_terracotta,gray_glazed_terracotta`
[08Dec2025 00:51:06.244] [Server thread/DEBUG] [org.enginehub.piston.impl.CommandParser/]: [0zw753gxaa21a]: Finished looking at arguments. Finalizing command.
[08Dec2025 00:51:06.691] [Server thread/DEBUG] [org.enginehub.piston.impl.CommandParser/]: [1ucvp3hutsxyj]: started parsing
[08Dec2025 00:51:06.691] [Server thread/DEBUG] [org.enginehub.piston.impl.CommandParser/]: [1ucvp3hutsxyj]: Consuming argument `white_glazed_terracotta`
[08Dec2025 00:51:06.691] [Server thread/DEBUG] [org.enginehub.piston.impl.CommandParser/]: [1ucvp3hutsxyj]: Consuming argument ``
[08Dec2025 00:51:07.207] [Server thread/DEBUG] [org.enginehub.piston.impl.CommandParser/]: [1vy9x6v3f9rt9]: started parsing
[08Dec2025 00:51:07.207] [Server thread/DEBUG] [org.enginehub.piston.impl.CommandParser/]: [1vy9x6v3f9rt9]: Consuming argument `white_glazed_terracotta`
[08Dec2025 00:51:07.207] [Server thread/DEBUG] [org.enginehub.piston.impl.CommandParser/]: [1vy9x6v3f9rt9]: Finished looking at arguments. Finalizing command.
[08Dec2025 00:51:07.992] [Server thread/DEBUG] [org.enginehub.piston.impl.CommandParser/]: [1xqrv7n1fsnx6]: started parsing
[08Dec2025 00:51:07.992] [Server thread/DEBUG] [org.enginehub.piston.impl.CommandParser/]: [1xqrv7n1fsnx6]: Consuming argument ``
[08Dec2025 00:51:08.876] [Server thread/DEBUG] [org.enginehub.piston.impl.CommandParser/]: [0hor3ciz4fivq]: started parsing
[08Dec2025 00:51:08.876] [Server thread/DEBUG] [org.enginehub.piston.impl.CommandParser/]: [0hor3ciz4fivq]: Consuming argument ``
[08Dec2025 00:51:09.101] [Server thread/DEBUG] [org.enginehub.piston.impl.CommandParser/]: [1b4fmsri2wutn]: started parsing
[08Dec2025 00:51:09.101] [Server thread/DEBUG] [org.enginehub.piston.impl.CommandParser/]: [1b4fmsri2wutn]: Consuming argument ``
[08Dec2025 00:51:09.342] [Server thread/DEBUG] [org.enginehub.piston.impl.CommandParser/]: [1ltg0zc9c45h0]: started parsing
[08Dec2025 00:51:09.342] [Server thread/DEBUG] [org.enginehub.piston.impl.CommandParser/]: [1ltg0zc9c45h0]: Consuming argument `white_glazed_terracotta,gray_glazed_terracotta`
[08Dec2025 00:51:09.342] [Server thread/DEBUG] [org.enginehub.piston.impl.CommandParser/]: [1ltg0zc9c45h0]: Finished looking at arguments. Finalizing command.
[08Dec2025 00:51:09.458] [Server thread/DEBUG] [org.enginehub.piston.impl.CommandParser/]: [1sbiy8p6mjrc8]: started parsing
[08Dec2025 00:51:09.458] [Server thread/DEBUG] [org.enginehub.piston.impl.CommandParser/]: [1sbiy8p6mjrc8]: Consuming argument `white_glazed_terracotta,gray_glazed_terracotta`
[08Dec2025 00:51:09.458] [Server thread/DEBUG] [org.enginehub.piston.impl.CommandParser/]: [1sbiy8p6mjrc8]: Finished looking at arguments. Finalizing command.
[08Dec2025 00:51:09.608] [Server thread/DEBUG] [org.enginehub.piston.impl.CommandParser/]: [1i5m7hxsjpckx]: started parsing
[08Dec2025 00:51:09.608] [Server thread/DEBUG] [org.enginehub.piston.impl.CommandParser/]: [1i5m7hxsjpckx]: Consuming argument `white_glazed_terracotta,gray_glazed_terracotta`
[08Dec2025 00:51:09.608] [Server thread/DEBUG] [org.enginehub.piston.impl.CommandParser/]: [1i5m7hxsjpckx]: Finished looking at arguments. Finalizing command.
[08Dec2025 00:51:09.906] [Server thread/DEBUG] [org.enginehub.piston.impl.CommandParser/]: [0l8dre1m8wiuh]: started parsing
[08Dec2025 00:51:09.906] [Server thread/DEBUG] [org.enginehub.piston.impl.CommandParser/]: [0l8dre1m8wiuh]: Consuming argument `white_glazed_terracotta,gray_glazed_terracotta`
[08Dec2025 00:51:09.906] [Server thread/DEBUG] [org.enginehub.piston.impl.CommandParser/]: [0l8dre1m8wiuh]: Consuming argument ``
[08Dec2025 00:51:09.947] [Server thread/DEBUG] [org.enginehub.piston.impl.CommandParser/]: [19e09d2zx2eqy]: started parsing
[08Dec2025 00:51:09.947] [Server thread/DEBUG] [org.enginehub.piston.impl.CommandParser/]: [19e09d2zx2eqy]: Consuming argument `white_glazed_terracotta,gray_glazed_terracotta`
[08Dec2025 00:51:09.947] [Server thread/DEBUG] [org.enginehub.piston.impl.CommandParser/]: [19e09d2zx2eqy]: Consuming argument ``
[08Dec2025 00:51:09.983] [Server thread/DEBUG] [org.enginehub.piston.impl.CommandParser/]: [06hxbojmsrw5t]: started parsing
[08Dec2025 00:51:09.983] [Server thread/DEBUG] [org.enginehub.piston.impl.CommandParser/]: [06hxbojmsrw5t]: Consuming argument `white_glazed_terracotta,gray_glazed_terracotta`
[08Dec2025 00:51:09.983] [Server thread/DEBUG] [org.enginehub.piston.impl.CommandParser/]: [06hxbojmsrw5t]: Consuming argument ``
[08Dec2025 00:51:10.003] [Server thread/DEBUG] [org.enginehub.piston.impl.CommandParser/]: [0ljxfalasskat]: started parsing
[08Dec2025 00:51:10.003] [Server thread/DEBUG] [org.enginehub.piston.impl.CommandParser/]: [0ljxfalasskat]: Consuming argument `white_glazed_terracotta,gray_glazed_terracotta`
[08Dec2025 00:51:10.003] [Server thread/DEBUG] [org.enginehub.piston.impl.CommandParser/]: [0ljxfalasskat]: Consuming argument ``
[08Dec2025 00:51:10.137] [Server thread/DEBUG] [org.enginehub.piston.impl.CommandParser/]: [006m7j7faebvo]: started parsing
[08Dec2025 00:51:10.137] [Server thread/DEBUG] [org.enginehub.piston.impl.CommandParser/]: [006m7j7faebvo]: Consuming argument `white_glazed_terracotta,gray_glazed_terracotta`
[08Dec2025 00:51:10.137] [Server thread/DEBUG] [org.enginehub.piston.impl.CommandParser/]: [006m7j7faebvo]: Consuming argument ``
[08Dec2025 00:51:10.575] [Server thread/DEBUG] [org.enginehub.piston.impl.CommandParser/]: [1nbh93wndxpyf]: started parsing
[08Dec2025 00:51:10.575] [Server thread/DEBUG] [org.enginehub.piston.impl.CommandParser/]: [1nbh93wndxpyf]: Consuming argument `white_glazed_terracotta,gray_glazed_terracotta`
[08Dec2025 00:51:10.575] [Server thread/DEBUG] [org.enginehub.piston.impl.CommandParser/]: [1nbh93wndxpyf]: Consuming argument ``
[08Dec2025 00:51:10.698] [Server thread/DEBUG] [org.enginehub.piston.impl.CommandParser/]: [0zr6wa38hqy8p]: started parsing
[08Dec2025 00:51:10.698] [Server thread/DEBUG] [org.enginehub.piston.impl.CommandParser/]: [0zr6wa38hqy8p]: Consuming argument `white_glazed_terracotta,gray_glazed_terracotta`
[08Dec2025 00:51:10.698] [Server thread/DEBUG] [org.enginehub.piston.impl.CommandParser/]: [0zr6wa38hqy8p]: Consuming argument ``
[08Dec2025 00:51:10.836] [Server thread/DEBUG] [org.enginehub.piston.impl.CommandParser/]: [0cybpsteh29hf]: started parsing
[08Dec2025 00:51:10.836] [Server thread/DEBUG] [org.enginehub.piston.impl.CommandParser/]: [0cybpsteh29hf]: Consuming argument `white_glazed_terracotta,gray_glazed_terracotta`
[08Dec2025 00:51:10.836] [Server thread/DEBUG] [org.enginehub.piston.impl.CommandParser/]: [0cybpsteh29hf]: Consuming argument ``
[08Dec2025 00:51:11.020] [Server thread/DEBUG] [org.enginehub.piston.impl.CommandParser/]: [1w1e11gmrliar]: started parsing
[08Dec2025 00:51:11.020] [Server thread/DEBUG] [org.enginehub.piston.impl.CommandParser/]: [1w1e11gmrliar]: Consuming argument `white_glazed_terracotta,gray_glazed_terracotta`
[08Dec2025 00:51:11.020] [Server thread/DEBUG] [org.enginehub.piston.impl.CommandParser/]: [1w1e11gmrliar]: Consuming argument ``
[08Dec2025 00:51:11.231] [Server thread/DEBUG] [org.enginehub.piston.impl.CommandParser/]: [0545t31wpdw1u]: started parsing
[08Dec2025 00:51:11.231] [Server thread/DEBUG] [org.enginehub.piston.impl.CommandParser/]: [0545t31wpdw1u]: Consuming argument `white_glazed_terracotta,gray_glazed_terracotta`
[08Dec2025 00:51:11.231] [Server thread/DEBUG] [org.enginehub.piston.impl.CommandParser/]: [0545t31wpdw1u]: Consuming argument ``
[08Dec2025 00:51:11.380] [Server thread/DEBUG] [org.enginehub.piston.impl.CommandParser/]: [0q7wsonskxvq2]: started parsing
[08Dec2025 00:51:11.380] [Server thread/DEBUG] [org.enginehub.piston.impl.CommandParser/]: [0q7wsonskxvq2]: Consuming argument `white_glazed_terracotta,gray_glazed_terracotta`
[08Dec2025 00:51:11.380] [Server thread/DEBUG] [org.enginehub.piston.impl.CommandParser/]: [0q7wsonskxvq2]: Consuming argument ``
[08Dec2025 00:51:11.447] [Server thread/DEBUG] [org.enginehub.piston.impl.CommandParser/]: [04icqexlaqs96]: started parsing
[08Dec2025 00:51:11.447] [Server thread/DEBUG] [org.enginehub.piston.impl.CommandParser/]: [04icqexlaqs96]: Consuming argument `white_glazed_terracotta,gray_glazed_terracotta`
[08Dec2025 00:51:11.448] [Server thread/DEBUG] [org.enginehub.piston.impl.CommandParser/]: [04icqexlaqs96]: Consuming argument ``
[08Dec2025 00:51:11.493] [Server thread/DEBUG] [org.enginehub.piston.impl.CommandParser/]: [116my996dt1mn]: started parsing
[08Dec2025 00:51:11.493] [Server thread/DEBUG] [org.enginehub.piston.impl.CommandParser/]: [116my996dt1mn]: Consuming argument `white_glazed_terracotta,gray_glazed_terracotta`
[08Dec2025 00:51:11.493] [Server thread/DEBUG] [org.enginehub.piston.impl.CommandParser/]: [116my996dt1mn]: Consuming argument ``
[08Dec2025 00:51:11.621] [Server thread/DEBUG] [org.enginehub.piston.impl.CommandParser/]: [00588bkp1h48q]: started parsing
[08Dec2025 00:51:11.621] [Server thread/DEBUG] [org.enginehub.piston.impl.CommandParser/]: [00588bkp1h48q]: Consuming argument `white_glazed_terracotta,gray_glazed_terracotta`
[08Dec2025 00:51:11.622] [Server thread/DEBUG] [org.enginehub.piston.impl.CommandParser/]: [00588bkp1h48q]: Consuming argument ``
[08Dec2025 00:51:11.757] [Server thread/DEBUG] [org.enginehub.piston.impl.CommandParser/]: [1grp9imzav7gp]: started parsing
[08Dec2025 00:51:11.757] [Server thread/DEBUG] [org.enginehub.piston.impl.CommandParser/]: [1grp9imzav7gp]: Consuming argument `white_glazed_terracotta,gray_glazed_terracotta`
[08Dec2025 00:51:11.757] [Server thread/DEBUG] [org.enginehub.piston.impl.CommandParser/]: [1grp9imzav7gp]: Consuming argument ``
[08Dec2025 00:51:11.856] [Server thread/DEBUG] [org.enginehub.piston.impl.CommandParser/]: [19c2jkrgksbwi]: started parsing
[08Dec2025 00:51:11.856] [Server thread/DEBUG] [org.enginehub.piston.impl.CommandParser/]: [19c2jkrgksbwi]: Consuming argument `white_glazed_terracotta,gray_glazed_terracotta`
[08Dec2025 00:51:11.856] [Server thread/DEBUG] [org.enginehub.piston.impl.CommandParser/]: [19c2jkrgksbwi]: Consuming argument ``
[08Dec2025 00:51:11.944] [Server thread/DEBUG] [org.enginehub.piston.impl.CommandParser/]: [1uh7qgztni39k]: started parsing
[08Dec2025 00:51:11.944] [Server thread/DEBUG] [org.enginehub.piston.impl.CommandParser/]: [1uh7qgztni39k]: Consuming argument `white_glazed_terracotta,gray_glazed_terracotta`
[08Dec2025 00:51:11.944] [Server thread/DEBUG] [org.enginehub.piston.impl.CommandParser/]: [1uh7qgztni39k]: Consuming argument ``
[08Dec2025 00:51:12.870] [Server thread/DEBUG] [org.enginehub.piston.impl.CommandParser/]: [0wvg3bgflun0u]: started parsing
[08Dec2025 00:51:12.870] [Server thread/DEBUG] [org.enginehub.piston.impl.CommandParser/]: [0wvg3bgflun0u]: Consuming argument `white_glazed_terracotta,gray_glazed_terracotta`
[08Dec2025 00:51:12.870] [Server thread/DEBUG] [org.enginehub.piston.impl.CommandParser/]: [0wvg3bgflun0u]: Consuming argument ``
[08Dec2025 00:51:13.141] [Server thread/DEBUG] [org.enginehub.piston.impl.CommandParser/]: [1nkmv6jk942eq]: started parsing
[08Dec2025 00:51:13.141] [Server thread/DEBUG] [org.enginehub.piston.impl.CommandParser/]: [1nkmv6jk942eq]: Consuming argument `white_glazed_terracotta,gray_glazed_terracotta`
[08Dec2025 00:51:13.142] [Server thread/DEBUG] [org.enginehub.piston.impl.CommandParser/]: [1nkmv6jk942eq]: Consuming argument ``
[08Dec2025 00:51:13.408] [Server thread/DEBUG] [org.enginehub.piston.impl.CommandParser/]: [040vmfhkmcxbn]: started parsing
[08Dec2025 00:51:13.408] [Server thread/DEBUG] [org.enginehub.piston.impl.CommandParser/]: [040vmfhkmcxbn]: Consuming argument `white_glazed_terracotta,gray_glazed_terracotta`
[08Dec2025 00:51:13.408] [Server thread/DEBUG] [org.enginehub.piston.impl.CommandParser/]: [040vmfhkmcxbn]: Consuming argument `white_gla`
[08Dec2025 00:51:14.268] [Server thread/INFO] [net.minecraft.server.network.ServerGamePacketListenerImpl/]: Lin4Pepi issued server command: //replace white_glazed_terracotta,gray_glazed_terracotta white_glazed_terracotta
[08Dec2025 00:51:14.268] [Server thread/DEBUG] [org.enginehub.piston.impl.CommandParser/]: [0l0eiwgzwvfc6]: started parsing
[08Dec2025 00:51:14.268] [Server thread/DEBUG] [org.enginehub.piston.impl.CommandParser/]: [0l0eiwgzwvfc6]: Consuming argument `white_glazed_terracotta,gray_glazed_terracotta`
[08Dec2025 00:51:14.268] [Server thread/DEBUG] [org.enginehub.piston.impl.CommandParser/]: [0l0eiwgzwvfc6]: Consuming argument `white_glazed_terracotta`
[08Dec2025 00:51:14.269] [Server thread/DEBUG] [org.enginehub.piston.impl.CommandParser/]: [0l0eiwgzwvfc6]: Finished looking at arguments. Finalizing command.
[08Dec2025 00:51:15.983] [Async Chat Thread - #53/INFO] [net.minecraft.server.MinecraftServer/]: [Not Secure] <Lin4Pepi> ya
[08Dec2025 00:51:18.388] [Async Chat Thread - #52/INFO] [net.minecraft.server.MinecraftServer/]: [Not Secure] <Lin4Pepi> ahora si
[08Dec2025 00:52:04.546] [Async Chat Thread - #53/INFO] [net.minecraft.server.MinecraftServer/]: [Not Secure] <Lin4Pepi> pille q en mi barrio se estan echando una polvora de la mas sabrosa
